,fast_period,slow_period,sig_period,return,dd,sharpe
0,7,21,7,-5.70,3.00,-2.62
1,7,21,8,-4.47,2.37,-3.44
2,7,21,9,-2.63,1.97,-11.01
3,7,21,10,-2.63,1.97,-11.01
4,7,21,11,-2.39,1.85,-10.64
5,7,21,12,-0.66,1.67,-3.93
6,7,21,13,-0.66,1.67,-3.93
7,7,21,14,-0.95,1.67,-5.47
8,7,22,7,-4.84,2.56,-3.12
9,7,22,8,-4.46,2.37,-3.42
10,7,22,9,-2.63,1.97,-11.01
11,7,22,10,-2.63,1.97,-11.01
12,7,22,11,-1.24,1.69,-2.97
13,7,22,12,-0.66,1.67,-3.93
14,7,22,13,-0.66,1.67,-3.93
15,7,22,14,-1.02,1.71,-5.12
16,7,23,7,-4.49,2.38,-3.42
17,7,23,8,-4.46,2.37,-3.42
18,7,23,9,-2.63,1.97,-11.01
19,7,23,10,-2.51,1.91,-9.01
20,7,23,11,-0.79,1.73,-3.66
21,7,23,12,-0.66,1.67,-3.93
22,7,23,13,-0.95,1.67,-5.47
23,7,23,14,-1.02,1.71,-5.12
24,7,24,7,-4.47,2.37,-3.44
25,7,24,8,-4.46,2.37,-3.42
26,7,24,9,-4.46,2.37,-3.42
27,7,24,10,-0.33,3.26,-2.96
28,7,24,11,-0.79,1.73,-3.66
29,7,24,12,-0.66,1.67,-3.93
30,7,24,13,-1.02,1.71,-5.12
31,7,24,14,-1.02,1.71,-5.12
32,7,25,7,-4.46,2.37,-3.42
33,7,25,8,-4.46,2.37,-3.42
34,7,25,9,-0.44,3.31,-2.82
35,7,25,10,-1.36,1.75,-2.85
36,7,25,11,-0.79,1.73,-3.66
37,7,25,12,-1.07,1.73,-4.94
38,7,25,13,-1.15,1.77,-4.65
39,7,25,14,-1.15,1.77,-4.65
40,7,26,7,-0.44,3.31,-2.82
41,7,26,8,-0.44,3.31,-2.82
42,7,26,9,-2.63,1.97,-11.01
43,7,26,10,-1.36,1.75,-2.85
44,7,26,11,-0.79,1.73,-3.66
45,7,26,12,-1.15,1.77,-4.65
46,7,26,13,-1.15,1.77,-4.65
47,7,26,14,-0.78,1.70,-6.45
48,7,27,7,-0.44,3.31,-2.82
49,7,27,8,-2.63,1.97,-11.01
50,7,27,9,-2.51,1.91,-9.01
51,7,27,10,-1.36,1.75,-2.85
52,7,27,11,-0.87,1.77,-3.50
53,7,27,12,-1.15,1.77,-4.65
54,7,27,13,-1.15,1.77,-4.65
55,7,27,14,-0.78,1.70,-6.45
56,7,28,7,-2.63,1.97,-11.01
57,7,28,8,-2.63,1.97,-11.01
58,7,28,9,-2.51,1.91,-9.01
59,7,28,10,-1.36,1.75,-2.85
60,7,28,11,-1.15,1.77,-4.65
61,7,28,12,-1.15,1.77,-4.65
62,7,28,13,-0.78,1.70,-6.45
63,7,28,14,-0.78,1.70,-6.45
64,7,29,7,-2.63,1.97,-11.01
65,7,29,8,-2.63,1.97,-11.01
66,7,29,9,-2.51,1.91,-9.01
67,7,29,10,-1.36,1.75,-2.85
68,7,29,11,-1.15,1.77,-4.65
69,7,29,12,-1.15,1.77,-4.65
70,7,29,13,-0.78,1.70,-6.45
71,7,29,14,-0.78,1.70,-6.45
72,7,30,7,-2.63,1.97,-11.01
73,7,30,8,-2.63,1.97,-11.01
74,7,30,9,-1.36,1.75,-2.85
75,7,30,10,-0.87,1.77,-3.50
76,7,30,11,-1.15,1.77,-4.65
77,7,30,12,-0.78,1.70,-6.45
78,7,30,13,-0.78,1.70,-6.45
79,7,30,14,-0.78,1.70,-6.45
80,7,31,7,-2.63,1.97,-11.01
81,7,31,8,-2.63,1.97,-11.01
82,7,31,9,-0.79,1.73,-3.66
83,7,31,10,-1.15,1.77,-4.65
84,7,31,11,-0.78,1.70,-6.45
85,7,31,12,-0.78,1.70,-6.45
86,7,31,13,-0.78,1.70,-6.45
87,7,31,14,-0.78,1.70,-6.45
88,7,32,7,-2.63,1.97,-11.01
89,7,32,8,-2.63,1.97,-11.01
90,7,32,9,-0.87,1.77,-3.50
91,7,32,10,-1.15,1.77,-4.65
92,7,32,11,-0.78,1.70,-6.45
93,7,32,12,-0.78,1.70,-6.45
94,7,32,13,-0.78,1.70,-6.45
95,7,32,14,-1.79,1.69,-3.31
96,7,33,7,-2.63,1.97,-11.01
97,7,33,8,-2.06,1.96,-183.91
98,7,33,9,-0.87,1.77,-3.50
99,7,33,10,-1.15,1.77,-4.65
100,7,33,11,-1.15,1.77,-4.65
101,7,33,12,-1.79,1.69,-3.31
102,7,33,13,-1.79,1.69,-3.31
103,7,33,14,-1.79,1.69,-3.31
104,7,34,7,-2.21,1.76,-33.38
105,7,34,8,-1.94,1.90,-38.93
106,7,34,9,-0.87,1.77,-3.50
107,7,34,10,-1.15,1.77,-4.65
108,7,34,11,-1.79,1.69,-3.31
109,7,34,12,-1.79,1.69,-3.31
110,7,34,13,-1.79,1.69,-3.31
111,7,34,14,-3.15,1.97,-2.30
112,7,35,7,-2.21,1.76,-33.38
113,7,35,8,-2.57,1.94,-8.39
114,7,35,9,-1.51,1.69,-2.71
115,7,35,10,-1.79,1.69,-3.31
116,7,35,11,-1.79,1.69,-3.31
117,7,35,12,-1.79,1.69,-3.31
118,7,35,13,-1.79,1.69,-3.31
119,7,35,14,-2.70,1.75,-2.52
120,7,36,7,-2.21,1.76,-33.38
121,7,36,8,-2.66,1.86,-7.66
122,7,36,9,-1.51,1.69,-2.71
123,7,36,10,-1.79,1.69,-3.31
124,7,36,11,-1.79,1.69,-3.31
125,7,36,12,-1.79,1.69,-3.31
126,7,36,13,-2.76,1.78,-2.49
127,7,36,14,-2.76,1.78,-2.49
128,7,37,7,-2.30,1.71,-23.15
129,7,37,8,-2.24,1.65,-13.79
130,7,37,9,-1.51,1.69,-2.71
131,7,37,10,-1.79,1.69,-3.31
132,7,37,11,-1.79,1.69,-3.31
133,7,37,12,-1.79,1.69,-3.31
134,7,37,13,-2.81,1.81,-2.46
135,7,37,14,-2.81,1.81,-2.46
136,7,38,7,-2.30,1.71,-23.15
137,7,38,8,-2.24,1.65,-13.79
138,7,38,9,-1.79,1.69,-3.31
139,7,38,10,-1.79,1.69,-3.31
140,7,38,11,-1.37,1.49,-4.04
141,7,38,12,-1.37,1.49,-4.04
142,7,38,13,-2.86,1.83,-2.43
143,7,38,14,-2.86,1.83,-2.43
144,7,39,7,-2.36,1.71,-19.10
145,7,39,8,-2.24,1.65,-13.79
146,7,39,9,-1.37,1.49,-4.04
147,7,39,10,-1.37,1.49,-4.04
148,7,39,11,-1.37,1.49,-4.04
149,7,39,12,-2.98,1.89,-2.37
150,7,39,13,-2.98,1.89,-2.37
151,7,39,14,-2.98,1.89,-2.37
152,7,40,7,-2.36,1.71,-19.10
153,7,40,8,-2.24,1.65,-13.79
154,7,40,9,-1.37,1.49,-4.04
155,7,40,10,-1.37,1.49,-4.04
156,7,40,11,-1.37,1.49,-4.04
157,7,40,12,-3.13,1.96,-2.31
158,7,40,13,-3.13,1.96,-2.31
159,7,40,14,-3.13,1.96,-2.31
160,8,21,7,-4.47,2.37,-3.44
161,8,21,8,-4.46,2.37,-3.42
162,8,21,9,-2.63,1.97,-11.01
163,8,21,10,-2.39,1.85,-10.64
164,8,21,11,-0.66,1.67,-3.93
165,8,21,12,-0.66,1.67,-3.93
166,8,21,13,-0.95,1.67,-5.47
167,8,21,14,-1.02,1.71,-5.12
168,8,22,7,-4.46,2.37,-3.42
169,8,22,8,-2.63,1.97,-11.01
170,8,22,9,-2.51,1.91,-9.01
171,8,22,10,-0.66,1.67,-3.93
172,8,22,11,-0.66,1.67,-3.93
173,8,22,12,-0.95,1.67,-5.47
174,8,22,13,-1.02,1.71,-5.12
175,8,22,14,-0.66,1.64,-7.55
176,8,23,7,-4.46,2.37,-3.42
177,8,23,8,-2.63,1.97,-11.01
178,8,23,9,-2.51,1.91,-9.01
179,8,23,10,-0.66,1.67,-3.93
180,8,23,11,-0.66,1.67,-3.93
181,8,23,12,-1.02,1.71,-5.12
182,8,23,13,-1.02,1.71,-5.12
183,8,23,14,-0.66,1.64,-7.55
184,8,24,7,-4.46,2.37,-3.42
185,8,24,8,-2.63,1.97,-11.01
186,8,24,9,-2.51,1.91,-9.01
187,8,24,10,-0.66,1.67,-3.93
188,8,24,11,-0.95,1.67,-5.47
189,8,24,12,-1.02,1.71,-5.12
190,8,24,13,-0.66,1.64,-7.55
191,8,24,14,-0.66,1.64,-7.55
192,8,25,7,-4.46,2.37,-3.42
193,8,25,8,-4.46,2.37,-3.42
194,8,25,9,0.84,3.09,-10.34
195,8,25,10,-0.66,1.67,-3.93
196,8,25,11,-1.02,1.71,-5.12
197,8,25,12,-1.02,1.71,-5.12
198,8,25,13,-0.66,1.64,-7.55
199,8,25,14,-0.66,1.64,-7.55
200,8,26,7,-0.44,3.31,-2.82
201,8,26,8,-0.33,3.26,-2.96
202,8,26,9,-1.36,1.75,-2.85
203,8,26,10,-0.79,1.73,-3.66
204,8,26,11,-1.02,1.71,-5.12
205,8,26,12,-1.02,1.71,-5.12
206,8,26,13,-0.66,1.64,-7.55
207,8,26,14,-0.66,1.64,-7.55
208,8,27,7,-0.44,3.31,-2.82
209,8,27,8,-2.51,1.91,-9.01
210,8,27,9,-1.36,1.75,-2.85
211,8,27,10,-1.15,1.77,-4.65
212,8,27,11,-1.15,1.77,-4.65
213,8,27,12,-1.02,1.71,-5.12
214,8,27,13,-0.78,1.70,-6.45
215,8,27,14,-0.78,1.70,-6.45
216,8,28,7,-2.63,1.97,-11.01
217,8,28,8,-2.51,1.91,-9.01
218,8,28,9,-1.36,1.75,-2.85
219,8,28,10,-1.15,1.77,-4.65
220,8,28,11,-1.15,1.77,-4.65
221,8,28,12,-0.78,1.70,-6.45
222,8,28,13,-0.78,1.70,-6.45
223,8,28,14,-0.78,1.70,-6.45
224,8,29,7,-2.63,1.97,-11.01
225,8,29,8,-1.36,1.75,-2.85
226,8,29,9,-0.87,1.77,-3.50
227,8,29,10,-1.15,1.77,-4.65
228,8,29,11,-1.15,1.77,-4.65
229,8,29,12,-0.78,1.70,-6.45
230,8,29,13,-0.78,1.70,-6.45
231,8,29,14,-0.78,1.70,-6.45
232,8,30,7,-2.63,1.97,-11.01
233,8,30,8,-1.36,1.75,-2.85
234,8,30,9,-0.87,1.77,-3.50
235,8,30,10,-1.15,1.77,-4.65
236,8,30,11,-0.78,1.70,-6.45
237,8,30,12,-0.78,1.70,-6.45
238,8,30,13,-0.78,1.70,-6.45
239,8,30,14,-1.88,2.15,-3.20
240,8,31,7,-2.63,1.97,-11.01
241,8,31,8,-1.36,1.75,-2.85
242,8,31,9,-1.15,1.77,-4.65
243,8,31,10,-1.15,1.77,-4.65
244,8,31,11,-0.78,1.70,-6.45
245,8,31,12,-0.78,1.70,-6.45
246,8,31,13,-0.78,1.70,-6.45
247,8,31,14,-1.88,2.15,-3.20
248,8,32,7,-2.63,1.97,-11.01
249,8,32,8,-0.87,1.77,-3.50
250,8,32,9,-1.15,1.77,-4.65
251,8,32,10,-0.78,1.70,-6.45
252,8,32,11,-0.78,1.70,-6.45
253,8,32,12,-0.78,1.70,-6.45
254,8,32,13,-0.78,1.70,-6.45
255,8,32,14,-2.88,1.84,-2.42
256,8,33,7,-2.63,1.97,-11.01
257,8,33,8,-0.87,1.77,-3.50
258,8,33,9,-1.15,1.77,-4.65
259,8,33,10,-0.78,1.70,-6.45
260,8,33,11,-0.78,1.70,-6.45
261,8,33,12,-0.78,1.70,-6.45
262,8,33,13,-2.92,1.86,-2.40
263,8,33,14,-2.92,1.86,-2.40
264,8,34,7,-2.51,1.91,-9.01
265,8,34,8,-0.87,1.77,-3.50
266,8,34,9,-1.15,1.77,-4.65
267,8,34,10,-1.15,1.77,-4.65
268,8,34,11,-1.79,1.69,-3.31
269,8,34,12,-1.79,1.69,-3.31
270,8,34,13,-2.96,1.88,-2.38
271,8,34,14,-2.96,1.88,-2.38
272,8,35,7,-2.57,1.94,-8.39
273,8,35,8,-0.87,1.77,-3.50
274,8,35,9,-1.15,1.77,-4.65
275,8,35,10,-1.79,1.69,-3.31
276,8,35,11,-1.79,1.69,-3.31
277,8,35,12,-3.03,1.92,-2.35
278,8,35,13,-3.03,1.92,-2.35
279,8,35,14,-2.58,1.69,-2.59
280,8,36,7,-2.57,1.94,-8.39
281,8,36,8,-1.51,1.69,-2.71
282,8,36,9,-1.79,1.69,-3.31
283,8,36,10,-1.79,1.69,-3.31
284,8,36,11,-1.79,1.69,-3.31
285,8,36,12,-3.07,1.93,-2.33
286,8,36,13,-2.61,1.71,-2.57
287,8,36,14,-2.61,1.71,-2.57
288,8,37,7,-2.24,1.65,-13.79
289,8,37,8,-1.79,1.69,-3.31
290,8,37,9,-1.79,1.69,-3.31
291,8,37,10,-1.79,1.69,-3.31
292,8,37,11,-1.79,1.69,-3.31
293,8,37,12,-3.15,1.97,-2.30
294,8,37,13,-2.67,1.74,-2.54
295,8,37,14,-2.67,1.74,-2.54
296,8,38,7,-2.24,1.65,-13.79
297,8,38,8,-1.79,1.69,-3.31
298,8,38,9,-1.79,1.69,-3.31
299,8,38,10,-1.79,1.69,-3.31
300,8,38,11,-3.26,2.03,-2.25
301,8,38,12,-2.76,1.78,-2.49
302,8,38,13,-2.76,1.78,-2.49
303,8,38,14,-2.76,1.78,-2.49
304,8,39,7,-2.24,1.65,-13.79
305,8,39,8,-1.37,1.49,-4.04
306,8,39,9,-1.37,1.49,-4.04
307,8,39,10,-1.37,1.49,-4.04
308,8,39,11,-2.86,1.83,-2.43
309,8,39,12,-2.86,1.83,-2.43
310,8,39,13,-2.86,1.83,-2.43
311,8,39,14,-2.86,1.83,-2.43
312,8,40,7,-2.24,1.65,-13.79
313,8,40,8,-1.37,1.49,-4.04
314,8,40,9,-1.37,1.49,-4.04
315,8,40,10,-1.37,1.49,-4.04
316,8,40,11,-2.98,1.89,-2.37
317,8,40,12,-2.98,1.89,-2.37
318,8,40,13,-2.98,1.89,-2.37
319,8,40,14,-2.71,1.76,-2.52
320,9,21,7,-4.46,2.37,-3.42
321,9,21,8,-2.63,1.97,-11.01
322,9,21,9,-1.24,1.69,-2.97
323,9,21,10,-0.66,1.67,-3.93
324,9,21,11,-0.66,1.67,-3.93
325,9,21,12,-1.02,1.71,-5.12
326,9,21,13,-0.66,1.64,-7.55
327,9,21,14,-0.66,1.64,-7.55
328,9,22,7,-4.46,2.37,-3.42
329,9,22,8,-2.51,1.91,-9.01
330,9,22,9,-0.66,1.67,-3.93
331,9,22,10,-0.66,1.67,-3.93
332,9,22,11,-0.95,1.67,-5.47
333,9,22,12,-1.02,1.71,-5.12
334,9,22,13,-0.66,1.64,-7.55
335,9,22,14,-0.66,1.64,-7.55
336,9,23,7,-2.63,1.97,-11.01
337,9,23,8,-2.51,1.91,-9.01
338,9,23,9,-0.66,1.67,-3.93
339,9,23,10,-0.66,1.67,-3.93
340,9,23,11,-1.02,1.71,-5.12
341,9,23,12,-0.66,1.64,-7.55
342,9,23,13,-0.66,1.64,-7.55
343,9,23,14,-0.66,1.64,-7.55
344,9,24,7,-2.63,1.97,-11.01
345,9,24,8,-2.51,1.91,-9.01
346,9,24,9,-0.66,1.67,-3.93
347,9,24,10,-0.95,1.67,-5.47
348,9,24,11,-1.02,1.71,-5.12
349,9,24,12,-0.66,1.64,-7.55
350,9,24,13,-0.66,1.64,-7.55
351,9,24,14,-0.66,1.64,-7.55
352,9,25,7,-4.46,2.37,-3.42
353,9,25,8,-3.23,2.15,-1.93
354,9,25,9,1.55,2.76,-2.48
355,9,25,10,-1.02,1.71,-5.12
356,9,25,11,-1.02,1.71,-5.12
357,9,25,12,-0.66,1.64,-7.55
358,9,25,13,-0.66,1.64,-7.55
359,9,25,14,-0.66,1.64,-7.55
360,9,26,7,-0.44,3.31,-2.82
361,9,26,8,0.84,3.09,-10.34
362,9,26,9,-0.66,1.67,-3.93
363,9,26,10,-1.02,1.71,-5.12
364,9,26,11,-1.02,1.71,-5.12
365,9,26,12,-0.66,1.64,-7.55
366,9,26,13,-0.66,1.64,-7.55
367,9,26,14,-0.66,1.64,-7.55
368,9,27,7,-0.33,3.26,-2.96
369,9,27,8,-1.36,1.75,-2.85
370,9,27,9,-1.15,1.77,-4.65
371,9,27,10,-1.02,1.71,-5.12
372,9,27,11,-1.02,1.71,-5.12
373,9,27,12,-0.66,1.64,-7.55
374,9,27,13,-0.66,1.64,-7.55
375,9,27,14,-1.42,1.71,-3.93
376,9,28,7,-2.51,1.91,-9.01
377,9,28,8,-1.36,1.75,-2.85
378,9,28,9,-1.15,1.77,-4.65
379,9,28,10,-1.15,1.77,-4.65
380,9,28,11,-1.02,1.71,-5.12
381,9,28,12,-0.78,1.70,-6.45
382,9,28,13,-0.78,1.70,-6.45
383,9,28,14,-2.44,2.15,-2.69
384,9,29,7,-2.51,1.91,-9.01
385,9,29,8,-0.87,1.77,-3.50
386,9,29,9,-1.15,1.77,-4.65
387,9,29,10,-1.15,1.77,-4.65
388,9,29,11,-0.78,1.70,-6.45
389,9,29,12,-0.78,1.70,-6.45
390,9,29,13,-1.42,1.71,-3.93
391,9,29,14,-2.44,2.15,-2.69
392,9,30,7,-1.36,1.75,-2.85
393,9,30,8,-0.87,1.77,-3.50
394,9,30,9,-1.15,1.77,-4.65
395,9,30,10,-1.15,1.77,-4.65
396,9,30,11,-0.78,1.70,-6.45
397,9,30,12,-0.78,1.70,-6.45
398,9,30,13,-2.44,2.15,-2.69
399,9,30,14,-2.44,2.15,-2.69
400,9,31,7,-1.36,1.75,-2.85
401,9,31,8,-1.15,1.77,-4.65
402,9,31,9,-1.15,1.77,-4.65
403,9,31,10,-0.78,1.70,-6.45
404,9,31,11,-0.78,1.70,-6.45
405,9,31,12,-1.42,1.71,-3.93
406,9,31,13,-2.44,2.15,-2.69
407,9,31,14,-2.94,2.15,-3.70
408,9,32,7,-1.42,1.78,-2.79
409,9,32,8,-1.15,1.77,-4.65
410,9,32,9,-0.78,1.70,-6.45
411,9,32,10,-0.78,1.70,-6.45
412,9,32,11,-0.78,1.70,-6.45
413,9,32,12,-2.44,2.15,-2.69
414,9,32,13,-2.44,2.15,-2.69
415,9,32,14,-2.94,2.15,-3.70
416,9,33,7,-0.87,1.77,-3.50
417,9,33,8,-1.15,1.77,-4.65
418,9,33,9,-0.78,1.70,-6.45
419,9,33,10,-0.78,1.70,-6.45
420,9,33,11,-0.78,1.70,-6.45
421,9,33,12,-1.80,2.11,-3.30
422,9,33,13,-2.82,1.82,-2.45
423,9,33,14,-3.33,1.82,-3.24
424,9,34,7,-0.87,1.77,-3.50
425,9,34,8,-1.15,1.77,-4.65
426,9,34,9,-0.78,1.70,-6.45
427,9,34,10,-0.78,1.70,-6.45
428,9,34,11,-0.78,1.70,-6.45
429,9,34,12,-2.82,1.82,-2.45
430,9,34,13,-2.82,1.82,-2.45
431,9,34,14,-2.90,1.60,-3.75
432,9,35,7,-0.87,1.77,-3.50
433,9,35,8,-1.15,1.77,-4.65
434,9,35,9,-1.15,1.77,-4.65
435,9,35,10,-1.79,1.69,-3.31
436,9,35,11,-2.88,1.84,-2.42
437,9,35,12,-2.88,1.84,-2.42
438,9,35,13,-3.38,1.84,-3.16
439,9,35,14,-2.96,1.63,-3.67
440,9,36,7,-1.42,1.78,-2.79
441,9,36,8,-1.79,1.69,-3.31
442,9,36,9,-1.79,1.69,-3.31
443,9,36,10,-1.79,1.69,-3.31
444,9,36,11,-2.96,1.88,-2.38
445,9,36,12,-2.96,1.88,-2.38
446,9,36,13,-3.02,1.66,-3.59
447,9,36,14,-3.02,1.66,-3.59
448,9,37,7,-1.51,1.69,-2.71
449,9,37,8,-1.79,1.69,-3.31
450,9,37,9,-1.79,1.69,-3.31
451,9,37,10,-3.03,1.92,-2.35
452,9,37,11,-3.03,1.92,-2.35
453,9,37,12,-2.58,1.69,-2.59
454,9,37,13,-3.08,1.69,-3.51
455,9,37,14,-3.08,1.69,-3.51
456,9,38,7,-1.79,1.69,-3.31
457,9,38,8,-1.79,1.69,-3.31
458,9,38,9,-1.79,1.69,-3.31
459,9,38,10,-3.11,1.95,-2.31
460,9,38,11,-2.64,1.72,-2.56
461,9,38,12,-2.64,1.72,-2.56
462,9,38,13,-3.14,1.72,-3.44
463,9,38,14,-3.14,1.72,-3.44
464,9,39,7,-1.37,1.49,-4.04
465,9,39,8,-1.37,1.49,-4.04
466,9,39,9,-1.37,1.49,-4.04
467,9,39,10,-2.79,1.80,-2.47
468,9,39,11,-2.79,1.80,-2.47
469,9,39,12,-2.79,1.80,-2.47
470,9,39,13,-3.29,1.80,-3.27
471,9,39,14,-3.03,1.67,-3.57
472,9,40,7,-1.37,1.49,-4.04
473,9,40,8,-1.37,1.49,-4.04
474,9,40,9,-2.89,1.84,-2.42
475,9,40,10,-2.89,1.84,-2.42
476,9,40,11,-2.89,1.84,-2.42
477,9,40,12,-2.89,1.84,-2.42
478,9,40,13,-3.13,1.72,-3.44
479,9,40,14,-3.63,1.97,-2.95
480,10,21,7,-4.46,2.37,-3.42
481,10,21,8,-2.39,1.85,-10.64
482,10,21,9,-0.66,1.67,-3.93
483,10,21,10,-0.66,1.67,-3.93
484,10,21,11,-1.02,1.71,-5.12
485,10,21,12,-1.09,1.85,-4.87
486,10,21,13,-1.09,1.85,-4.87
487,10,21,14,-1.09,1.85,-4.87
488,10,22,7,-2.63,1.97,-11.01
489,10,22,8,-0.66,1.67,-3.93
490,10,22,9,-0.66,1.67,-3.93
491,10,22,10,-0.95,1.67,-5.47
492,10,22,11,-0.66,1.64,-7.55
493,10,22,12,-0.66,1.64,-7.55
494,10,22,13,-0.66,1.64,-7.55
495,10,22,14,-0.66,1.64,-7.55
496,10,23,7,-2.51,1.91,-9.01
497,10,23,8,-0.66,1.67,-3.93
498,10,23,9,-0.66,1.67,-3.93
499,10,23,10,-1.02,1.71,-5.12
500,10,23,11,-0.66,1.64,-7.55
501,10,23,12,-0.66,1.64,-7.55
502,10,23,13,-0.66,1.64,-7.55
503,10,23,14,-1.30,1.65,-4.23
504,10,24,7,-2.51,1.91,-9.01
505,10,24,8,-0.66,1.67,-3.93
506,10,24,9,-0.95,1.67,-5.47
507,10,24,10,-1.02,1.71,-5.12
508,10,24,11,-0.66,1.64,-7.55
509,10,24,12,-0.66,1.64,-7.55
510,10,24,13,-0.66,1.64,-7.55
511,10,24,14,-1.30,1.65,-4.23
512,10,25,7,-1.36,1.75,-2.85
513,10,25,8,-0.66,1.67,-3.93
514,10,25,9,-1.02,1.71,-5.12
515,10,25,10,-1.02,1.71,-5.12
516,10,25,11,-0.66,1.64,-7.55
517,10,25,12,-0.66,1.64,-7.55
518,10,25,13,-0.66,1.64,-7.55
519,10,25,14,-2.31,2.09,-2.78
520,10,26,7,-3.23,2.15,-1.93
521,10,26,8,1.42,2.82,-2.98
522,10,26,9,-1.02,1.71,-5.12
523,10,26,10,-1.02,1.71,-5.12
524,10,26,11,-0.66,1.64,-7.55
525,10,26,12,-0.66,1.64,-7.55
526,10,26,13,-0.66,1.64,-7.55
527,10,26,14,-2.82,2.09,-3.89
528,10,27,7,0.84,3.09,-10.34
529,10,27,8,-1.15,1.77,-4.65
530,10,27,9,-1.02,1.71,-5.12
531,10,27,10,-1.02,1.71,-5.12
532,10,27,11,-0.66,1.64,-7.55
533,10,27,12,-0.66,1.64,-7.55
534,10,27,13,-2.31,2.09,-2.78
535,10,27,14,-2.94,2.15,-3.70
536,10,28,7,-1.36,1.75,-2.85
537,10,28,8,-1.15,1.77,-4.65
538,10,28,9,-1.15,1.77,-4.65
539,10,28,10,-1.02,1.71,-5.12
540,10,28,11,-0.66,1.64,-7.55
541,10,28,12,-0.66,1.64,-7.55
542,10,28,13,-2.44,2.15,-2.69
543,10,28,14,-2.94,2.15,-3.70
544,10,29,7,-1.36,1.75,-2.85
545,10,29,8,-1.15,1.77,-4.65
546,10,29,9,-1.15,1.77,-4.65
547,10,29,10,-0.78,1.70,-6.45
548,10,29,11,-0.78,1.70,-6.45
549,10,29,12,-1.80,2.11,-3.30
550,10,29,13,-2.94,2.15,-3.70
551,10,29,14,-2.94,2.15,-3.70
552,10,30,7,-0.87,1.77,-3.50
553,10,30,8,-1.15,1.77,-4.65
554,10,30,9,-1.15,1.77,-4.65
555,10,30,10,-0.78,1.70,-6.45
556,10,30,11,-0.78,1.70,-6.45
557,10,30,12,-2.44,2.15,-2.69
558,10,30,13,-2.94,2.15,-3.70
559,10,30,14,-2.94,2.15,-3.70
560,10,31,7,-1.15,1.77,-4.65
561,10,31,8,-1.15,1.77,-4.65
562,10,31,9,-0.78,1.70,-6.45
563,10,31,10,-0.78,1.70,-6.45
564,10,31,11,-1.42,1.71,-3.93
565,10,31,12,-2.44,2.15,-2.69
566,10,31,13,-2.94,2.15,-3.70
567,10,31,14,-2.94,2.15,-3.70
568,10,32,7,-1.15,1.77,-4.65
569,10,32,8,-1.15,1.77,-4.65
570,10,32,9,-0.78,1.70,-6.45
571,10,32,10,-0.78,1.70,-6.45
572,10,32,11,-2.44,2.15,-2.69
573,10,32,12,-2.44,2.15,-2.69
574,10,32,13,-2.94,2.15,-3.70
575,10,32,14,-2.94,2.15,-3.70
576,10,33,7,-1.15,1.77,-4.65
577,10,33,8,-0.78,1.70,-6.45
578,10,33,9,-0.78,1.70,-6.45
579,10,33,10,-0.78,1.70,-6.45
580,10,33,11,-2.44,2.15,-2.69
581,10,33,12,-2.44,2.15,-2.69
582,10,33,13,-2.94,2.15,-3.70
583,10,33,14,-2.90,1.60,-3.75
584,10,34,7,-1.15,1.77,-4.65
585,10,34,8,-0.78,1.70,-6.45
586,10,34,9,-0.78,1.70,-6.45
587,10,34,10,-1.80,2.11,-3.30
588,10,34,11,-1.80,2.11,-3.30
589,10,34,12,-3.33,1.82,-3.24
590,10,34,13,-3.33,1.82,-3.24
591,10,34,14,-2.90,1.60,-3.75
592,10,35,7,-1.15,1.77,-4.65
593,10,35,8,-1.15,1.77,-4.65
594,10,35,9,-1.15,1.77,-4.65
595,10,35,10,-2.82,1.82,-2.45
596,10,35,11,-2.82,1.82,-2.45
597,10,35,12,-3.33,1.82,-3.24
598,10,35,13,-2.90,1.60,-3.75
599,10,35,14,-2.90,1.60,-3.75
600,10,36,7,-1.15,1.77,-4.65
601,10,36,8,-1.15,1.77,-4.65
602,10,36,9,-1.79,1.69,-3.31
603,10,36,10,-2.86,1.84,-2.43
604,10,36,11,-2.86,1.84,-2.43
605,10,36,12,-2.93,1.62,-3.71
606,10,36,13,-2.93,1.62,-3.71
607,10,36,14,-2.93,1.62,-3.71
608,10,37,7,-1.79,1.69,-3.31
609,10,37,8,-1.79,1.69,-3.31
610,10,37,9,-2.92,1.86,-2.40
611,10,37,10,-2.92,1.86,-2.40
612,10,37,11,-2.49,1.65,-2.65
613,10,37,12,-2.99,1.65,-3.62
614,10,37,13,-2.99,1.65,-3.62
615,10,37,14,-3.93,1.97,-7.31
616,10,38,7,-1.79,1.69,-3.31
617,10,38,8,-1.79,1.69,-3.31
618,10,38,9,-3.00,1.90,-2.37
619,10,38,10,-2.55,1.68,-2.61
620,10,38,11,-2.55,1.68,-2.61
621,10,38,12,-3.05,1.68,-3.55
622,10,38,13,-3.05,1.68,-3.55
623,10,38,14,-3.57,1.79,-4.51
624,10,39,7,-1.37,1.49,-4.04
625,10,39,8,-1.37,1.49,-4.04
626,10,39,9,-2.70,1.75,-2.52
627,10,39,10,-2.70,1.75,-2.52
628,10,39,11,-2.70,1.75,-2.52
629,10,39,12,-3.20,1.75,-3.37
630,10,39,13,-2.95,1.63,-3.68
631,10,39,14,-4.25,2.13,-5.89
632,10,40,7,-1.37,1.49,-4.04
633,10,40,8,-1.37,1.49,-4.04
634,10,40,9,-2.84,1.83,-2.44
635,10,40,10,-2.84,1.83,-2.44
636,10,40,11,-2.84,1.83,-2.44
637,10,40,12,-3.35,1.83,-3.21
638,10,40,13,-3.57,1.93,-3.00
639,10,40,14,-4.25,2.13,-5.80
640,11,21,7,-4.22,2.25,-3.33
641,11,21,8,-0.66,1.67,-3.93
642,11,21,9,-0.66,1.67,-3.93
643,11,21,10,-1.02,1.71,-5.12
644,11,21,11,-1.09,1.85,-4.87
645,11,21,12,-1.09,1.85,-4.87
646,11,21,13,-1.09,1.85,-4.87
647,11,21,14,-1.72,1.86,-3.41
648,11,22,7,-1.24,1.69,-2.97
649,11,22,8,-0.66,1.67,-3.93
650,11,22,9,-0.95,1.67,-5.47
651,11,22,10,-1.02,1.71,-5.12
652,11,22,11,-0.66,1.64,-7.55
653,11,22,12,-1.09,1.85,-4.87
654,11,22,13,-1.09,1.85,-4.87
655,11,22,14,-1.30,1.65,-4.23
656,11,23,7,-1.36,1.75,-2.85
657,11,23,8,-0.66,1.67,-3.93
658,11,23,9,-1.02,1.71,-5.12
659,11,23,10,-0.66,1.64,-7.55
660,11,23,11,-0.66,1.64,-7.55
661,11,23,12,-0.66,1.64,-7.55
662,11,23,13,-1.30,1.65,-4.23
663,11,23,14,-2.82,2.09,-3.89
664,11,24,7,-0.79,1.73,-3.66
665,11,24,8,-0.95,1.67,-5.47
666,11,24,9,-1.02,1.71,-5.12
667,11,24,10,-0.66,1.64,-7.55
668,11,24,11,-0.66,1.64,-7.55
669,11,24,12,-0.66,1.64,-7.55
670,11,24,13,-1.30,1.65,-4.23
671,11,24,14,-2.82,2.09,-3.89
672,11,25,7,-0.79,1.73,-3.66
673,11,25,8,-1.02,1.71,-5.12
674,11,25,9,-1.02,1.71,-5.12
675,11,25,10,-0.66,1.64,-7.55
676,11,25,11,-0.66,1.64,-7.55
677,11,25,12,-0.66,1.64,-7.55
678,11,25,13,-2.31,2.09,-2.78
679,11,25,14,-2.82,2.09,-3.89
680,11,26,7,-2.67,1.87,-2.09
681,11,26,8,1.19,2.79,-2.31
682,11,26,9,-1.02,1.71,-5.12
683,11,26,10,-0.66,1.64,-7.55
684,11,26,11,-0.66,1.64,-7.55
685,11,26,12,-0.66,1.64,-7.55
686,11,26,13,-2.82,2.09,-3.89
687,11,26,14,-2.82,2.09,-3.89
688,11,27,7,1.36,2.85,-3.28
689,11,27,8,-1.15,1.77,-4.65
690,11,27,9,-1.02,1.71,-5.12
691,11,27,10,-0.66,1.64,-7.55
692,11,27,11,-0.66,1.64,-7.55
693,11,27,12,-1.68,2.05,-3.47
694,11,27,13,-2.94,2.15,-3.70
695,11,27,14,-2.94,2.15,-3.70
696,11,28,7,-1.15,1.77,-4.65
697,11,28,8,-1.15,1.77,-4.65
698,11,28,9,-1.02,1.71,-5.12
699,11,28,10,-0.66,1.64,-7.55
700,11,28,11,-0.66,1.64,-7.55
701,11,28,12,-2.44,2.15,-2.69
702,11,28,13,-2.94,2.15,-3.70
703,11,28,14,-2.94,2.15,-3.70
704,11,29,7,-1.15,1.77,-4.65
705,11,29,8,-1.15,1.77,-4.65
706,11,29,9,-1.15,1.77,-4.65
707,11,29,10,-0.78,1.70,-6.45
708,11,29,11,-1.80,2.11,-3.30
709,11,29,12,-2.94,2.15,-3.70
710,11,29,13,-2.94,2.15,-3.70
711,11,29,14,-2.94,2.15,-3.70
712,11,30,7,-1.15,1.77,-4.65
713,11,30,8,-1.15,1.77,-4.65
714,11,30,9,-0.78,1.70,-6.45
715,11,30,10,-0.78,1.70,-6.45
716,11,30,11,-2.44,2.15,-2.69
717,11,30,12,-2.94,2.15,-3.70
718,11,30,13,-2.94,2.15,-3.70
719,11,30,14,-2.94,2.15,-3.70
720,11,31,7,-1.15,1.77,-4.65
721,11,31,8,-1.15,1.77,-4.65
722,11,31,9,-0.78,1.70,-6.45
723,11,31,10,-0.78,1.70,-6.45
724,11,31,11,-2.44,2.15,-2.69
725,11,31,12,-2.94,2.15,-3.70
726,11,31,13,-2.94,2.15,-3.70
727,11,31,14,-3.37,2.21,-5.11
728,11,32,7,-1.15,1.77,-4.65
729,11,32,8,-0.78,1.70,-6.45
730,11,32,9,-0.78,1.70,-6.45
731,11,32,10,-2.44,2.15,-2.69
732,11,32,11,-2.44,2.15,-2.69
733,11,32,12,-2.94,2.15,-3.70
734,11,32,13,-2.94,2.15,-3.70
735,11,32,14,-2.95,2.00,-6.82
736,11,33,7,-1.15,1.77,-4.65
737,11,33,8,-0.78,1.70,-6.45
738,11,33,9,-0.78,1.70,-6.45
739,11,33,10,-2.44,2.15,-2.69
740,11,33,11,-2.94,2.15,-3.70
741,11,33,12,-2.94,2.15,-3.70
742,11,33,13,-2.52,1.94,-4.48
743,11,33,14,-4.24,2.13,-17.56
744,11,34,7,-1.15,1.77,-4.65
745,11,34,8,-0.78,1.70,-6.45
746,11,34,9,-0.78,1.70,-6.45
747,11,34,10,-1.80,2.11,-3.30
748,11,34,11,-2.31,2.11,-5.06
749,11,34,12,-3.33,1.82,-3.24
750,11,34,13,-2.90,1.60,-3.75
751,11,34,14,-4.34,2.18,-14.66
752,11,35,7,-1.15,1.77,-4.65
753,11,35,8,-0.78,1.70,-6.45
754,11,35,9,-1.80,2.11,-3.30
755,11,35,10,-1.80,2.11,-3.30
756,11,35,11,-3.33,1.82,-3.24
757,11,35,12,-2.90,1.60,-3.75
758,11,35,13,-3.78,1.90,-8.29
759,11,35,14,-4.16,2.09,-20.84
760,11,36,7,-1.15,1.77,-4.65
761,11,36,8,-1.15,1.77,-4.65
762,11,36,9,-2.82,1.82,-2.45
763,11,36,10,-2.82,1.82,-2.45
764,11,36,11,-2.90,1.60,-3.75
765,11,36,12,-2.90,1.60,-3.75
766,11,36,13,-3.33,1.67,-5.22
767,11,36,14,-4.23,2.12,-17.94
768,11,37,7,-1.79,1.69,-3.31
769,11,37,8,-1.79,1.69,-3.31
770,11,37,9,-2.86,1.84,-2.43
771,11,37,10,-2.43,1.62,-2.69
772,11,37,11,-2.93,1.62,-3.71
773,11,37,12,-2.93,1.62,-3.71
774,11,37,13,-3.41,1.71,-5.00
775,11,37,14,-4.32,2.17,-15.17
776,11,38,7,-1.37,1.49,-4.04
777,11,38,8,-2.92,1.86,-2.40
778,11,38,9,-2.49,1.65,-2.65
779,11,38,10,-2.49,1.65,-2.65
780,11,38,11,-2.99,1.65,-3.62
781,11,38,12,-2.99,1.65,-3.62
782,11,38,13,-4.43,2.22,-12.77
783,11,38,14,-4.28,2.15,-16.28
784,11,39,7,-1.37,1.49,-4.04
785,11,39,8,-2.67,1.74,-2.54
786,11,39,9,-2.67,1.74,-2.54
787,11,39,10,-2.67,1.74,-2.54
788,11,39,11,-3.17,1.74,-3.40
789,11,39,12,-3.32,1.81,-3.24
790,11,39,13,-3.73,1.87,-4.21
791,11,39,14,-7.54,3.81,-3.08
792,11,40,7,-1.37,1.49,-4.04
793,11,40,8,-2.81,1.81,-2.46
794,11,40,9,-2.81,1.81,-2.46
795,11,40,10,-2.81,1.81,-2.46
796,11,40,11,-3.32,1.81,-3.24
797,11,40,12,-3.54,1.92,-3.02
798,11,40,13,-3.78,1.90,-4.12
799,11,40,14,-7.87,3.99,-2.92
800,12,21,7,-1.24,1.69,-2.97
801,12,21,8,-0.66,1.67,-3.93
802,12,21,9,-1.02,1.71,-5.12
803,12,21,10,-1.09,1.85,-4.87
804,12,21,11,-1.09,1.85,-4.87
805,12,21,12,-1.09,1.85,-4.87
806,12,21,13,-1.72,1.86,-3.41
807,12,21,14,-2.23,1.86,-5.34
808,12,22,7,-0.66,1.67,-3.93
809,12,22,8,-0.95,1.67,-5.47
810,12,22,9,-1.02,1.71,-5.12
811,12,22,10,-0.66,1.64,-7.55
812,12,22,11,-1.09,1.85,-4.87
813,12,22,12,-1.09,1.85,-4.87
814,12,22,13,-1.30,1.65,-4.23
815,12,22,14,-2.82,2.09,-3.89
816,12,23,7,-0.66,1.67,-3.93
817,12,23,8,-1.02,1.71,-5.12
818,12,23,9,-0.66,1.64,-7.55
819,12,23,10,-0.66,1.64,-7.55
820,12,23,11,-0.66,1.64,-7.55
821,12,23,12,-1.30,1.65,-4.23
822,12,23,13,-2.82,2.09,-3.89
823,12,23,14,-2.82,2.09,-3.89
824,12,24,7,-0.66,1.67,-3.93
825,12,24,8,-1.02,1.71,-5.12
826,12,24,9,-0.66,1.64,-7.55
827,12,24,10,-0.66,1.64,-7.55
828,12,24,11,-0.66,1.64,-7.55
829,12,24,12,-1.30,1.65,-4.23
830,12,24,13,-2.82,2.09,-3.89
831,12,24,14,-2.82,2.09,-3.89
832,12,25,7,-1.07,1.73,-4.94
833,12,25,8,-1.02,1.71,-5.12
834,12,25,9,-0.66,1.64,-7.55
835,12,25,10,-0.66,1.64,-7.55
836,12,25,11,-0.66,1.64,-7.55
837,12,25,12,-2.82,2.09,-3.89
838,12,25,13,-2.82,2.09,-3.89
839,12,25,14,-2.82,2.09,-3.89
840,12,26,7,-3.00,1.90,-2.36
841,12,26,8,1.19,2.79,-2.31
842,12,26,9,-0.66,1.64,-7.55
843,12,26,10,-0.66,1.64,-7.55
844,12,26,11,-0.66,1.64,-7.55
845,12,26,12,-2.82,2.09,-3.89
846,12,26,13,-2.82,2.09,-3.89
847,12,26,14,-2.94,2.15,-3.70
848,12,27,7,1.07,2.85,-2.69
849,12,27,8,-1.02,1.71,-5.12
850,12,27,9,-0.66,1.64,-7.55
851,12,27,10,-0.66,1.64,-7.55
852,12,27,11,-1.68,2.05,-3.47
853,12,27,12,-2.82,2.09,-3.89
854,12,27,13,-2.94,2.15,-3.70
855,12,27,14,-2.47,2.15,-2.74
856,12,28,7,-1.15,1.77,-4.65
857,12,28,8,-1.15,1.77,-4.65
858,12,28,9,-0.78,1.70,-6.45
859,12,28,10,-0.66,1.64,-7.55
860,12,28,11,-1.80,2.11,-3.30
861,12,28,12,-2.94,2.15,-3.70
862,12,28,13,-2.94,2.15,-3.70
863,12,28,14,-3.37,2.21,-5.11
864,12,29,7,-1.15,1.77,-4.65
865,12,29,8,-1.15,1.77,-4.65
866,12,29,9,-0.78,1.70,-6.45
867,12,29,10,-1.80,2.11,-3.30
868,12,29,11,-2.94,2.15,-3.70
869,12,29,12,-2.94,2.15,-3.70
870,12,29,13,-2.94,2.15,-3.70
871,12,29,14,-4.28,2.67,-16.31
872,12,30,7,-1.15,1.77,-4.65
873,12,30,8,-1.15,1.77,-4.65
874,12,30,9,-0.78,1.70,-6.45
875,12,30,10,-1.80,2.11,-3.30
876,12,30,11,-2.94,2.15,-3.70
877,12,30,12,-2.94,2.15,-3.70
878,12,30,13,-2.47,2.15,-2.74
879,12,30,14,-2.39,2.21,-4.65
880,12,31,7,-1.15,1.77,-4.65
881,12,31,8,-0.78,1.70,-6.45
882,12,31,9,-0.78,1.70,-6.45
883,12,31,10,-2.44,2.15,-2.69
884,12,31,11,-2.94,2.15,-3.70
885,12,31,12,-2.94,2.15,-3.70
886,12,31,13,-3.37,2.21,-5.11
887,12,31,14,-2.39,2.21,-4.65
888,12,32,7,-1.15,1.77,-4.65
889,12,32,8,-0.78,1.70,-6.45
890,12,32,9,-1.80,2.11,-3.30
891,12,32,10,-2.44,2.15,-2.69
892,12,32,11,-2.94,2.15,-3.70
893,12,32,12,-2.94,2.15,-3.70
894,12,32,13,-3.86,2.46,-90.27
895,12,32,14,-3.80,2.43,-272.91
896,12,33,7,-1.15,1.77,-4.65
897,12,33,8,-0.78,1.70,-6.45
898,12,33,9,-2.44,2.15,-2.69
899,12,33,10,-2.44,2.15,-2.69
900,12,33,11,-2.94,2.15,-3.70
901,12,33,12,-2.52,1.94,-4.48
902,12,33,13,-3.86,2.46,-90.27
903,12,33,14,-4.21,2.11,-18.77
904,12,34,7,-0.78,1.70,-6.45
905,12,34,8,-0.78,1.70,-6.45
906,12,34,9,-1.80,2.11,-3.30
907,12,34,10,-2.94,2.15,-3.70
908,12,34,11,-2.94,2.15,-3.70
909,12,34,12,-2.52,1.94,-4.48
910,12,34,13,-4.26,2.14,-16.86
911,12,34,14,-4.03,2.02,-31.22
912,12,35,7,-1.15,1.77,-4.65
913,12,35,8,-1.80,2.11,-3.30
914,12,35,9,-1.80,2.11,-3.30
915,12,35,10,-2.31,2.11,-5.06
916,12,35,11,-2.90,1.60,-3.75
917,12,35,12,-3.33,1.67,-5.22
918,12,35,13,-4.10,2.05,-24.96
919,12,35,14,-4.10,2.05,-24.96
920,12,36,7,-1.15,1.77,-4.65
921,12,36,8,-2.17,2.28,-2.90
922,12,36,9,-2.82,1.82,-2.45
923,12,36,10,-2.90,1.60,-3.75
924,12,36,11,-2.90,1.60,-3.75
925,12,36,12,-3.33,1.67,-5.22
926,12,36,13,-4.19,2.10,-19.77
927,12,36,14,-4.06,2.03,-28.38
928,12,37,7,-1.15,1.77,-4.65
929,12,37,8,-2.82,1.82,-2.45
930,12,37,9,-2.40,1.60,-2.71
931,12,37,10,-2.90,1.60,-3.75
932,12,37,11,-2.90,1.60,-3.75
933,12,37,12,-3.36,1.68,-5.12
934,12,37,13,-4.28,2.14,-16.43
935,12,37,14,-6.85,3.46,-3.54
936,12,38,7,-1.37,1.49,-4.04
937,12,38,8,-2.46,1.63,-2.67
938,12,38,9,-2.46,1.63,-2.67
939,12,38,10,-2.96,1.63,-3.67
940,12,38,11,-2.96,1.63,-3.67
941,12,38,12,-4.41,2.21,-13.18
942,12,38,13,-4.26,2.14,-16.92
943,12,38,14,-7.01,3.54,-3.41
944,12,39,7,-2.64,1.72,-2.56
945,12,39,8,-2.64,1.72,-2.56
946,12,39,9,-2.64,1.72,-2.56
947,12,39,10,-3.14,1.72,-3.44
948,12,39,11,-3.32,1.81,-3.24
949,12,39,12,-3.73,1.87,-4.21
950,12,39,13,-7.38,3.73,-3.17
951,12,39,14,-5.66,2.85,-5.16
952,12,40,7,-2.84,1.83,-2.44
953,12,40,8,-2.84,1.83,-2.44
954,12,40,9,-2.84,1.83,-2.44
955,12,40,10,-3.35,1.83,-3.21
956,12,40,11,-3.59,1.95,-2.98
957,12,40,12,-6.88,3.75,-2.22
958,12,40,13,-7.76,3.93,-2.97
959,12,40,14,-5.78,2.91,-4.93
960,13,21,7,-0.66,1.67,-3.93
961,13,21,8,-0.95,1.67,-5.47
962,13,21,9,-1.02,1.71,-5.12
963,13,21,10,-1.09,1.85,-4.87
964,13,21,11,-1.09,1.85,-4.87
965,13,21,12,-1.72,1.86,-3.41
966,13,21,13,-2.23,1.86,-5.34
967,13,21,14,-2.82,2.09,-3.89
968,13,22,7,-0.66,1.67,-3.93
969,13,22,8,-1.02,1.71,-5.12
970,13,22,9,-0.66,1.64,-7.55
971,13,22,10,-0.66,1.64,-7.55
972,13,22,11,-1.09,1.85,-4.87
973,13,22,12,-1.30,1.65,-4.23
974,13,22,13,-2.82,2.09,-3.89
975,13,22,14,-2.82,2.09,-3.89
976,13,23,7,-0.95,1.67,-5.47
977,13,23,8,-1.02,1.71,-5.12
978,13,23,9,-0.66,1.64,-7.55
979,13,23,10,-0.66,1.64,-7.55
980,13,23,11,-1.30,1.65,-4.23
981,13,23,12,-2.82,2.09,-3.89
982,13,23,13,-2.82,2.09,-3.89
983,13,23,14,-2.82,2.09,-3.89
984,13,24,7,-1.02,1.71,-5.12
985,13,24,8,-1.02,1.71,-5.12
986,13,24,9,-0.66,1.64,-7.55
987,13,24,10,-0.66,1.64,-7.55
988,13,24,11,-1.30,1.65,-4.23
989,13,24,12,-2.82,2.09,-3.89
990,13,24,13,-2.82,2.09,-3.89
991,13,24,14,-2.34,2.09,-2.84
992,13,25,7,-1.15,1.77,-4.65
993,13,25,8,-0.66,1.64,-7.55
994,13,25,9,-0.66,1.64,-7.55
995,13,25,10,-0.66,1.64,-7.55
996,13,25,11,-2.31,2.09,-2.78
997,13,25,12,-2.82,2.09,-3.89
998,13,25,13,-2.82,2.09,-3.89
999,13,25,14,-1.91,1.97,-330.19
1000,13,26,7,-3.00,1.90,-2.36
1001,13,26,8,1.19,2.79,-2.31
1002,13,26,9,-0.66,1.64,-7.55
1003,13,26,10,-0.66,1.64,-7.55
1004,13,26,11,-2.82,2.09,-3.89
1005,13,26,12,-2.82,2.09,-3.89
1006,13,26,13,-2.94,2.15,-3.70
1007,13,26,14,-1.91,1.97,-330.19
1008,13,27,7,1.07,2.85,-2.69
1009,13,27,8,-1.15,1.77,-4.65
1010,13,27,9,-0.66,1.64,-7.55
1011,13,27,10,-1.68,2.05,-3.47
1012,13,27,11,-2.94,2.15,-3.70
1013,13,27,12,-2.94,2.15,-3.70
1014,13,27,13,-2.47,2.15,-2.74
1015,13,27,14,-2.83,2.42,-7.23
1016,13,28,7,-1.15,1.77,-4.65
1017,13,28,8,-1.15,1.77,-4.65
1018,13,28,9,-0.78,1.70,-6.45
1019,13,28,10,-1.80,2.11,-3.30
1020,13,28,11,-2.94,2.15,-3.70
1021,13,28,12,-2.94,2.15,-3.70
1022,13,28,13,-3.37,2.21,-5.11
1023,13,28,14,-2.83,2.42,-7.23
1024,13,29,7,-1.15,1.77,-4.65
1025,13,29,8,-0.78,1.70,-6.45
1026,13,29,9,-0.78,1.70,-6.45
1027,13,29,10,-2.31,2.11,-5.06
1028,13,29,11,-2.94,2.15,-3.70
1029,13,29,12,-2.94,2.15,-3.70
1030,13,29,13,-4.28,2.67,-16.31
1031,13,29,14,-2.23,2.12,-4.03
1032,13,30,7,-1.15,1.77,-4.65
1033,13,30,8,-0.78,1.70,-6.45
1034,13,30,9,-1.80,2.11,-3.30
1035,13,30,10,-2.94,2.15,-3.70
1036,13,30,11,-2.94,2.15,-3.70
1037,13,30,12,-2.47,2.15,-2.74
1038,13,30,13,-2.39,2.21,-4.65
1039,13,30,14,-2.23,2.12,-4.03
1040,13,31,7,-1.15,1.77,-4.65
1041,13,31,8,-0.78,1.70,-6.45
1042,13,31,9,-1.80,2.11,-3.30
1043,13,31,10,-2.94,2.15,-3.70
1044,13,31,11,-2.94,2.15,-3.70
1045,13,31,12,-3.37,2.21,-5.11
1046,13,31,13,-2.39,2.21,-4.65
1047,13,31,14,-1.32,1.67,-8.40
1048,13,32,7,-1.15,1.77,-4.65
1049,13,32,8,-0.78,1.70,-6.45
1050,13,32,9,-2.44,2.15,-2.69
1051,13,32,10,-2.94,2.15,-3.70
1052,13,32,11,-2.94,2.15,-3.70
1053,13,32,12,-2.39,2.21,-4.65
1054,13,32,13,-2.25,2.14,-4.12
1055,13,32,14,-1.13,1.58,-6.24
1056,13,33,7,-0.78,1.70,-6.45
1057,13,33,8,-1.80,2.11,-3.30
1058,13,33,9,-2.44,2.15,-2.69
1059,13,33,10,-2.94,2.15,-3.70
1060,13,33,11,-2.52,1.94,-4.48
1061,13,33,12,-3.86,2.46,-90.27
1062,13,33,13,-3.77,2.41,-3562.31
1063,13,33,14,-3.04,1.53,-6.48
1064,13,34,7,-0.78,1.70,-6.45
1065,13,34,8,-1.80,2.11,-3.30
1066,13,34,9,-2.44,2.15,-2.69
1067,13,34,10,-2.94,2.15,-3.70
1068,13,34,11,-2.52,1.94,-4.48
1069,13,34,12,-3.85,2.45,-96.51
1070,13,34,13,-4.01,2.01,-34.11
1071,13,34,14,-2.99,1.53,-6.73
1072,13,35,7,-0.78,1.70,-6.45
1073,13,35,8,-1.80,2.11,-3.30
1074,13,35,9,-2.31,2.11,-5.06
1075,13,35,10,-1.89,1.90,-7.16
1076,13,35,11,-3.78,1.90,-8.29
1077,13,35,12,-4.08,2.04,-26.73
1078,13,35,13,-4.08,2.04,-26.73
1079,13,35,14,-6.05,3.05,-3.37
1080,13,36,7,-1.38,1.90,-4.03
1081,13,36,8,-1.38,1.90,-4.03
1082,13,36,9,-1.89,1.90,-7.16
1083,13,36,10,-2.90,1.60,-3.75
1084,13,36,11,-3.33,1.67,-5.22
1085,13,36,12,-4.16,2.09,-20.84
1086,13,36,13,-6.51,3.29,-3.83
1087,13,36,14,-6.19,3.12,-3.30
1088,13,37,7,-1.74,2.06,-3.38
1089,13,37,8,-2.40,1.60,-2.71
1090,13,37,9,-2.90,1.60,-3.75
1091,13,37,10,-2.90,1.60,-3.75
1092,13,37,11,-3.34,1.67,-5.19
1093,13,37,12,-4.25,2.13,-17.15
1094,13,37,13,-6.67,3.37,-3.68
1095,13,37,14,-4.98,2.50,-4.98
1096,13,38,7,-2.46,1.63,-2.67
1097,13,38,8,-2.46,1.63,-2.67
1098,13,38,9,-2.96,1.63,-3.67
1099,13,38,10,-2.96,1.63,-3.67
1100,13,38,11,-4.41,2.21,-13.18
1101,13,38,12,-4.26,2.14,-16.92
1102,13,38,13,-6.63,3.35,-3.14
1103,13,38,14,-5.09,2.56,-4.93
1104,13,39,7,-2.67,1.74,-2.54
1105,13,39,8,-2.67,1.74,-2.54
1106,13,39,9,-3.17,1.74,-3.40
1107,13,39,10,-2.93,1.62,-3.72
1108,13,39,11,-3.78,1.89,-4.13
1109,13,39,12,-7.27,3.67,-3.23
1110,13,39,13,-5.51,2.77,-5.51
1111,13,39,14,-5.32,2.67,-4.84
1112,13,40,7,-2.89,1.84,-2.42
1113,13,40,8,-2.89,1.84,-2.42
1114,13,40,9,-3.38,1.84,-3.15
1115,13,40,10,-3.70,2.00,-2.90
1116,13,40,11,-3.91,1.96,-3.92
1117,13,40,12,-7.74,3.92,-2.97
1118,13,40,13,-5.66,2.85,-5.16
1119,13,40,14,-5.54,2.79,-4.76
1120,14,21,7,-0.95,1.67,-5.47
1121,14,21,8,-1.02,1.71,-5.12
1122,14,21,9,-0.66,1.64,-7.55
1123,14,21,10,-1.09,1.85,-4.87
1124,14,21,11,-1.72,1.86,-3.41
1125,14,21,12,-2.23,1.86,-5.34
1126,14,21,13,-2.82,2.09,-3.89
1127,14,21,14,-2.82,2.09,-3.89
1128,14,22,7,-1.02,1.71,-5.12
1129,14,22,8,-0.66,1.64,-7.55
1130,14,22,9,-0.66,1.64,-7.55
1131,14,22,10,-0.66,1.64,-7.55
1132,14,22,11,-1.30,1.65,-4.23
1133,14,22,12,-2.82,2.09,-3.89
1134,14,22,13,-2.82,2.09,-3.89
1135,14,22,14,-2.34,2.09,-2.84
1136,14,23,7,-1.02,1.71,-5.12
1137,14,23,8,-0.66,1.64,-7.55
1138,14,23,9,-0.66,1.64,-7.55
1139,14,23,10,-0.66,1.64,-7.55
1140,14,23,11,-2.82,2.09,-3.89
1141,14,23,12,-2.82,2.09,-3.89
1142,14,23,13,-2.82,2.09,-3.89
1143,14,23,14,-1.78,1.90,-39.96
1144,14,24,7,-1.02,1.71,-5.12
1145,14,24,8,-0.66,1.64,-7.55
1146,14,24,9,-0.66,1.64,-7.55
1147,14,24,10,-1.30,1.65,-4.23
1148,14,24,11,-2.82,2.09,-3.89
1149,14,24,12,-2.82,2.09,-3.89
1150,14,24,13,-2.34,2.09,-2.84
1151,14,24,14,-1.91,1.97,-330.19
1152,14,25,7,-1.15,1.77,-4.65
1153,14,25,8,-0.66,1.64,-7.55
1154,14,25,9,-0.66,1.64,-7.55
1155,14,25,10,-2.31,2.09,-2.78
1156,14,25,11,-2.82,2.09,-3.89
1157,14,25,12,-2.82,2.09,-3.89
1158,14,25,13,-1.91,1.97,-330.19
1159,14,25,14,-2.83,2.42,-7.23
1160,14,26,7,-3.00,1.90,-2.36
1161,14,26,8,1.57,2.61,-1.54
1162,14,26,9,-0.66,1.64,-7.55
1163,14,26,10,-2.82,2.09,-3.89
1164,14,26,11,-2.82,2.09,-3.89
1165,14,26,12,-2.94,2.15,-3.70
1166,14,26,13,-3.37,2.21,-5.11
1167,14,26,14,-2.83,2.42,-7.23
1168,14,27,7,1.07,2.85,-2.69
1169,14,27,8,-0.78,1.70,-6.45
1170,14,27,9,-0.78,1.70,-6.45
1171,14,27,10,-2.94,2.15,-3.70
1172,14,27,11,-2.94,2.15,-3.70
1173,14,27,12,-2.47,2.15,-2.74
1174,14,27,13,-4.28,2.67,-16.31
1175,14,27,14,-2.66,2.34,-5.98
1176,14,28,7,-1.15,1.77,-4.65
1177,14,28,8,-0.78,1.70,-6.45
1178,14,28,9,-1.80,2.11,-3.30
1179,14,28,10,-2.94,2.15,-3.70
1180,14,28,11,-2.94,2.15,-3.70
1181,14,28,12,-3.37,2.21,-5.11
1182,14,28,13,-2.83,2.42,-7.23
1183,14,28,14,-1.32,1.67,-8.40
1184,14,29,7,-1.15,1.77,-4.65
1185,14,29,8,-0.78,1.70,-6.45
1186,14,29,9,-1.80,2.11,-3.30
1187,14,29,10,-2.94,2.15,-3.70
1188,14,29,11,-2.94,2.15,-3.70
1189,14,29,12,-4.28,2.67,-16.31
1190,14,29,13,-2.23,2.12,-4.03
1191,14,29,14,-1.32,1.67,-8.40
1192,14,30,7,-1.15,1.77,-4.65
1193,14,30,8,-1.80,2.11,-3.30
1194,14,30,9,-1.80,2.11,-3.30
1195,14,30,10,-2.94,2.15,-3.70
1196,14,30,11,-2.94,2.15,-3.70
1197,14,30,12,-2.39,2.21,-4.65
1198,14,30,13,-2.23,2.12,-4.03
1199,14,30,14,-1.10,1.57,-6.04
1200,14,31,7,-0.78,1.70,-6.45
1201,14,31,8,-1.80,2.11,-3.30
1202,14,31,9,-2.94,2.15,-3.70
1203,14,31,10,-2.94,2.15,-3.70
1204,14,31,11,-3.37,2.21,-5.11
1205,14,31,12,-2.39,2.21,-4.65
1206,14,31,13,-1.32,1.67,-8.40
1207,14,31,14,-2.97,2.04,-6.85
1208,14,32,7,-0.78,1.70,-6.45
1209,14,32,8,-1.80,2.11,-3.30
1210,14,32,9,-2.94,2.15,-3.70
1211,14,32,10,-2.94,2.15,-3.70
1212,14,32,11,-1.47,1.75,-12.13
1213,14,32,12,-2.23,2.12,-4.03
1214,14,32,13,-1.10,1.57,-6.04
1215,14,32,14,-1.00,1.52,-5.26
1216,14,33,7,-0.78,1.70,-6.45
1217,14,33,8,-2.44,2.15,-2.69
1218,14,33,9,-2.94,2.15,-3.70
1219,14,33,10,-2.52,1.94,-4.48
1220,14,33,11,-3.86,2.46,-90.27
1221,14,33,12,-2.25,2.14,-4.12
1222,14,33,13,-1.13,1.58,-6.24
1223,14,33,14,-3.83,2.92,-8.69
1224,14,34,7,-1.80,2.11,-3.30
1225,14,34,8,-2.44,2.15,-2.69
1226,14,34,9,-2.52,1.94,-4.48
1227,14,34,10,-2.52,1.94,-4.48
1228,14,34,11,-3.83,2.44,-142.36
1229,14,34,12,-3.60,2.33,-44.61
1230,14,34,13,-2.97,1.53,-6.85
1231,14,34,14,-5.75,2.89,-3.45
1232,14,35,7,-1.38,1.90,-4.03
1233,14,35,8,-1.38,1.90,-4.03
1234,14,35,9,-2.52,1.94,-4.48
1235,14,35,10,-2.52,1.94,-4.48
1236,14,35,11,-3.67,2.36,-74.45
1237,14,35,12,-4.05,2.03,-28.80
1238,14,35,13,-5.87,2.95,-3.40
1239,14,35,14,-4.65,2.33,-5.13
1240,14,36,7,-1.38,1.90,-4.03
1241,14,36,8,-1.38,1.90,-4.03
1242,14,36,9,-1.89,1.90,-7.16
1243,14,36,10,-3.78,1.90,-8.29
1244,14,36,11,-4.16,2.09,-20.84
1245,14,36,12,-4.04,2.02,-30.51
1246,14,36,13,-6.02,3.03,-3.31
1247,14,36,14,-4.76,2.39,-5.08
1248,14,37,7,-1.74,2.06,-3.38
1249,14,37,8,-2.40,1.60,-2.71
1250,14,37,9,-2.90,1.60,-3.75
1251,14,37,10,-3.82,1.91,-8.03
1252,14,37,11,-4.28,2.14,-16.43
1253,14,37,12,-6.58,3.32,-3.76
1254,14,37,13,-4.81,2.42,-5.05
1255,14,37,14,-4.81,2.42,-5.05
1256,14,38,7,-2.46,1.63,-2.67
1257,14,38,8,-2.46,1.63,-2.67
1258,14,38,9,-2.96,1.63,-3.67
1259,14,38,10,-3.52,1.76,-4.72
1260,14,38,11,-4.28,2.15,-16.28
1261,14,38,12,-6.79,3.43,-3.57
1262,14,38,13,-4.93,2.47,-5.00
1263,14,38,14,-4.93,2.47,-5.00
1264,14,39,7,-2.73,1.77,-2.50
1265,14,39,8,-2.73,1.77,-2.50
1266,14,39,9,-2.98,1.64,-3.64
1267,14,39,10,-4.33,2.17,-5.53
1268,14,39,11,-7.25,3.67,-3.24
1269,14,39,12,-5.39,2.71,-5.82
1270,14,39,13,-5.15,2.59,-4.91
1271,14,39,14,-5.15,2.59,-4.91
1272,14,40,7,-3.01,1.90,-2.36
1273,14,40,8,-2.73,1.77,-2.50
1274,14,40,9,-3.95,2.13,-2.73
1275,14,40,10,-4.60,2.31,-4.86
1276,14,40,11,-7.85,3.97,-2.91
1277,14,40,12,-5.55,2.79,-5.41
1278,14,40,13,-5.37,2.70,-4.82
1279,14,40,14,-5.37,2.70,-4.82
