,fast_base,slow_base,min_period_fast,max_period_fast,min_period_slow,max_period_slow,return,dd,sharpe
0,5,14,2,10,10,25,-9.28,5.48,-2.06
1,5,14,2,10,10,30,-6.69,4.15,-2.79
2,5,14,2,10,10,35,-6.69,4.15,-2.79
3,5,14,2,10,10,40,-9.86,5.02,-1.96
4,5,14,2,10,10,45,-5.95,4.15,-3.21
5,5,14,2,15,10,25,-9.70,5.45,-1.98
6,5,14,2,15,10,30,-7.11,4.12,-2.61
7,5,14,2,15,10,35,-7.11,4.12,-2.61
8,5,14,2,15,10,40,-10.44,5.32,-1.89
9,5,14,2,15,10,45,-7.11,4.12,-2.61
10,5,14,2,20,10,25,-9.82,5.15,-1.58
11,5,14,2,20,10,30,-7.30,3.84,-1.82
12,5,14,2,20,10,35,-7.30,3.84,-1.82
13,5,14,2,20,10,40,-13.44,7.04,-1.40
14,5,14,2,20,10,45,-7.30,3.84,-1.82
15,5,14,2,25,10,25,-7.37,3.74,-4.51
16,5,14,2,25,10,30,-7.94,4.04,-3.76
17,5,14,2,25,10,35,-7.94,4.04,-3.76
18,5,14,2,25,10,40,-14.12,7.27,-1.92
19,5,14,2,25,10,45,-7.94,4.04,-3.76
20,5,14,2,10,15,25,-9.28,5.48,-2.06
21,5,14,2,10,15,30,-6.69,4.15,-2.79
22,5,14,2,10,15,35,-6.69,4.15,-2.79
23,5,14,2,10,15,40,-10.01,5.10,-1.95
24,5,14,2,10,15,45,-6.06,4.10,-3.13
25,5,14,2,15,15,25,-9.70,5.45,-1.98
26,5,14,2,15,15,30,-7.11,4.12,-2.61
27,5,14,2,15,15,35,-7.11,4.12,-2.61
28,5,14,2,15,15,40,-10.60,5.41,-1.88
29,5,14,2,15,15,45,-7.23,4.09,-2.56
30,5,14,2,20,15,25,-9.82,5.15,-1.58
31,5,14,2,20,15,30,-7.30,3.84,-1.82
32,5,14,2,20,15,35,-7.30,3.84,-1.82
33,5,14,2,20,15,40,-13.34,7.04,-1.35
34,5,14,2,20,15,45,-7.47,3.92,-1.83
35,5,14,2,25,15,25,-7.37,3.74,-4.51
36,5,14,2,25,15,30,-7.94,4.04,-3.76
37,5,14,2,25,15,35,-7.94,4.04,-3.76
38,5,14,2,25,15,40,-15.14,7.82,-2.23
39,5,14,2,25,15,45,-7.94,4.02,-3.47
40,5,14,2,10,20,25,-9.26,5.48,-2.07
41,5,14,2,10,20,30,-6.69,4.15,-2.79
42,5,14,2,10,20,35,-6.69,4.15,-2.79
43,5,14,2,10,20,40,-9.86,5.02,-1.96
44,5,14,2,10,20,45,-7.16,4.29,-2.59
45,5,14,2,15,20,25,-9.64,5.47,-1.99
46,5,14,2,15,20,30,-7.11,4.12,-2.61
47,5,14,2,15,20,35,-7.11,4.12,-2.61
48,5,14,2,15,20,40,-10.44,5.32,-1.89
49,5,14,2,15,20,45,-8.15,4.55,-2.29
50,5,14,2,20,20,25,-9.79,5.15,-1.58
51,5,14,2,20,20,30,-7.30,3.84,-1.82
52,5,14,2,20,20,35,-7.30,3.84,-1.82
53,5,14,2,20,20,40,-13.44,7.04,-1.40
54,5,14,2,20,20,45,-8.32,4.35,-1.74
55,5,14,2,25,20,25,-7.35,3.74,-4.55
56,5,14,2,25,20,30,-7.94,4.04,-3.76
57,5,14,2,25,20,35,-7.94,4.04,-3.76
58,5,14,2,25,20,40,-14.12,7.27,-1.92
59,5,14,2,25,20,45,-8.82,4.48,-2.97
60,5,14,3,10,10,25,-7.75,5.45,-2.40
61,5,14,3,10,10,30,-5.16,4.15,-4.07
62,5,14,3,10,10,35,-5.16,4.15,-4.07
63,5,14,3,10,10,40,-8.42,4.27,-2.23
64,5,14,3,10,10,45,-3.55,4.14,-11.76
65,5,14,3,15,10,25,-8.21,4.68,-2.28
66,5,14,3,15,10,30,-5.60,3.35,-3.59
67,5,14,3,15,10,35,-5.60,3.35,-3.59
68,5,14,3,15,10,40,-8.99,4.56,-2.12
69,5,14,3,15,10,45,-5.60,3.35,-3.59
70,5,14,3,20,10,25,-8.24,4.45,-1.66
71,5,14,3,20,10,30,-5.67,3.13,-2.02
72,5,14,3,20,10,35,-5.67,3.13,-2.02
73,5,14,3,20,10,40,-11.92,6.36,-1.43
74,5,14,3,20,10,45,-5.67,3.13,-2.02
75,5,14,3,25,10,25,-6.47,3.28,-26.67
76,5,14,3,25,10,30,-7.07,3.58,-10.25
77,5,14,3,25,10,35,-7.07,3.58,-10.25
78,5,14,3,25,10,40,-13.25,6.81,-2.33
79,5,14,3,25,10,45,-7.07,3.58,-10.25
80,5,14,3,10,15,25,-7.75,5.45,-2.40
81,5,14,3,10,15,30,-5.16,4.15,-4.07
82,5,14,3,10,15,35,-5.16,4.15,-4.07
83,5,14,3,10,15,40,-8.57,4.35,-2.21
84,5,14,3,10,15,45,-3.72,4.11,-9.49
85,5,14,3,15,15,25,-8.21,4.68,-2.28
86,5,14,3,15,15,30,-5.60,3.35,-3.59
87,5,14,3,15,15,35,-5.60,3.35,-3.59
88,5,14,3,15,15,40,-9.12,4.63,-2.10
89,5,14,3,15,15,45,-5.69,3.30,-3.48
90,5,14,3,20,15,25,-8.24,4.45,-1.66
91,5,14,3,20,15,30,-5.67,3.13,-2.02
92,5,14,3,20,15,35,-5.67,3.13,-2.02
93,5,14,3,20,15,40,-11.91,6.36,-1.40
94,5,14,3,20,15,45,-5.91,3.21,-2.10
95,5,14,3,25,15,25,-6.47,3.28,-26.67
96,5,14,3,25,15,30,-7.07,3.58,-10.25
97,5,14,3,25,15,35,-7.07,3.58,-10.25
98,5,14,3,25,15,40,-13.75,7.07,-2.49
99,5,14,3,25,15,45,-6.41,3.23,-5.45
100,5,14,3,10,20,25,-7.72,5.45,-2.41
101,5,14,3,10,20,30,-5.16,4.15,-4.07
102,5,14,3,10,20,35,-5.16,4.15,-4.07
103,5,14,3,10,20,40,-8.42,4.27,-2.23
104,5,14,3,10,20,45,-5.56,4.21,-3.60
105,5,14,3,15,20,25,-8.15,4.70,-2.30
106,5,14,3,15,20,30,-5.60,3.35,-3.59
107,5,14,3,15,20,35,-5.60,3.35,-3.59
108,5,14,3,15,20,40,-8.99,4.56,-2.12
109,5,14,3,15,20,45,-6.60,3.75,-2.83
110,5,14,3,20,20,25,-8.22,4.45,-1.66
111,5,14,3,20,20,30,-5.67,3.13,-2.02
112,5,14,3,20,20,35,-5.67,3.13,-2.02
113,5,14,3,20,20,40,-11.92,6.36,-1.43
114,5,14,3,20,20,45,-6.76,3.63,-1.94
115,5,14,3,25,20,25,-6.44,3.28,-28.51
116,5,14,3,25,20,30,-7.07,3.58,-10.25
117,5,14,3,25,20,35,-7.07,3.58,-10.25
118,5,14,3,25,20,40,-13.25,6.81,-2.33
119,5,14,3,25,20,45,-7.31,3.69,-4.03
120,5,14,4,10,10,25,-6.14,4.64,-3.08
121,5,14,4,10,10,30,-3.50,3.32,-12.70
122,5,14,4,10,10,35,-3.50,3.32,-12.70
123,5,14,4,10,10,40,-6.81,3.44,-2.73
124,5,14,4,10,10,45,-1.90,3.33,-5.58
125,5,14,4,15,10,25,-8.14,4.64,-2.29
126,5,14,4,15,10,30,-5.51,3.30,-3.64
127,5,14,4,15,10,35,-5.51,3.30,-3.64
128,5,14,4,15,10,40,-8.90,4.52,-2.13
129,5,14,4,15,10,45,-5.51,3.30,-3.64
130,5,14,4,20,10,25,-8.31,4.32,-1.73
131,5,14,4,20,10,30,-5.74,3.00,-2.16
132,5,14,4,20,10,35,-5.74,3.00,-2.16
133,5,14,4,20,10,40,-11.99,6.23,-1.47
134,5,14,4,20,10,45,-5.74,3.00,-2.16
135,5,14,4,25,10,25,-5.59,2.83,-9.53
136,5,14,4,25,10,30,-6.25,3.16,-6.17
137,5,14,4,25,10,35,-6.25,3.16,-6.17
138,5,14,4,25,10,40,-12.51,6.42,-2.06
139,5,14,4,25,10,45,-6.25,3.16,-6.17
140,5,14,4,10,15,25,-6.14,4.64,-3.08
141,5,14,4,10,15,30,-3.50,3.32,-12.70
142,5,14,4,10,15,35,-3.50,3.32,-12.70
143,5,14,4,10,15,40,-6.99,3.53,-2.68
144,5,14,4,10,15,45,-2.08,3.31,-7.25
145,5,14,4,15,15,25,-8.14,4.64,-2.29
146,5,14,4,15,15,30,-5.51,3.30,-3.64
147,5,14,4,15,15,35,-5.51,3.30,-3.64
148,5,14,4,15,15,40,-9.09,4.62,-2.11
149,5,14,4,15,15,45,-5.64,3.28,-3.52
150,5,14,4,20,15,25,-8.31,4.32,-1.73
151,5,14,4,20,15,30,-5.74,3.00,-2.16
152,5,14,4,20,15,35,-5.74,3.00,-2.16
153,5,14,4,20,15,40,-11.84,6.23,-1.39
154,5,14,4,20,15,45,-5.86,3.08,-2.12
155,5,14,4,25,15,25,-5.59,2.83,-9.53
156,5,14,4,25,15,30,-6.25,3.16,-6.17
157,5,14,4,25,15,35,-6.25,3.16,-6.17
158,5,14,4,25,15,40,-13.77,7.08,-2.55
159,5,14,4,25,15,45,-6.34,3.19,-5.63
160,5,14,4,10,20,25,-6.11,4.64,-3.10
161,5,14,4,10,20,30,-3.50,3.32,-12.70
162,5,14,4,10,20,35,-3.50,3.32,-12.70
163,5,14,4,10,20,40,-6.81,3.44,-2.73
164,5,14,4,10,20,45,-3.94,3.39,-7.76
165,5,14,4,15,20,25,-8.07,4.66,-2.31
166,5,14,4,15,20,30,-5.51,3.30,-3.64
167,5,14,4,15,20,35,-5.51,3.30,-3.64
168,5,14,4,15,20,40,-8.90,4.52,-2.13
169,5,14,4,15,20,45,-6.55,3.73,-2.85
170,5,14,4,20,20,25,-8.29,4.32,-1.73
171,5,14,4,20,20,30,-5.74,3.00,-2.16
172,5,14,4,20,20,35,-5.74,3.00,-2.16
173,5,14,4,20,20,40,-11.99,6.23,-1.47
174,5,14,4,20,20,45,-6.71,3.51,-1.94
175,5,14,4,25,20,25,-5.57,2.83,-9.76
176,5,14,4,25,20,30,-6.25,3.16,-6.17
177,5,14,4,25,20,35,-6.25,3.16,-6.17
178,5,14,4,25,20,40,-12.51,6.42,-2.06
179,5,14,4,25,20,45,-7.23,3.65,-4.12
180,5,14,5,10,10,25,-5.30,4.33,-2.29
181,5,14,5,10,10,30,-2.60,3.01,-4.73
182,5,14,5,10,10,35,-2.58,3.01,-4.78
183,5,14,5,10,10,40,-5.68,2.96,-2.17
184,5,14,5,10,10,45,-1.07,3.01,-27.13
185,5,14,5,15,10,25,-7.17,4.34,-1.76
186,5,14,5,15,10,30,-4.52,2.98,-2.33
187,5,14,5,15,10,35,-4.52,2.98,-2.33
188,5,14,5,15,10,40,-7.95,4.20,-1.68
189,5,14,5,15,10,45,-4.52,2.98,-2.33
190,5,14,5,20,10,25,-8.31,4.32,-1.73
191,5,14,5,20,10,30,-5.74,3.00,-2.16
192,5,14,5,20,10,35,-5.74,3.00,-2.16
193,5,14,5,20,10,40,-11.99,6.23,-1.47
194,5,14,5,20,10,45,-5.74,3.00,-2.16
195,5,14,5,25,10,25,-4.95,2.85,-32.65
196,5,14,5,25,10,30,-5.55,3.15,-9.88
197,5,14,5,25,10,35,-5.55,3.15,-9.88
198,5,14,5,25,10,40,-13.78,7.09,-1.90
199,5,14,5,25,10,45,-5.55,3.15,-9.88
200,5,14,5,10,15,25,-5.30,4.33,-2.29
201,5,14,5,10,15,30,-2.60,3.01,-4.72
202,5,14,5,10,15,35,-2.59,3.01,-4.76
203,5,14,5,10,15,40,-5.75,2.96,-2.16
204,5,14,5,10,15,45,-1.19,3.01,-35.88
205,5,14,5,15,15,25,-7.17,4.34,-1.76
206,5,14,5,15,15,30,-4.52,2.98,-2.33
207,5,14,5,15,15,35,-4.52,2.98,-2.33
208,5,14,5,15,15,40,-8.01,4.20,-1.67
209,5,14,5,15,15,45,-4.68,2.99,-2.29
210,5,14,5,20,15,25,-8.31,4.32,-1.73
211,5,14,5,20,15,30,-5.74,3.00,-2.16
212,5,14,5,20,15,35,-5.74,3.00,-2.16
213,5,14,5,20,15,40,-12.05,6.23,-1.47
214,5,14,5,20,15,45,-5.88,3.09,-2.11
215,5,14,5,25,15,25,-4.95,2.85,-32.65
216,5,14,5,25,15,30,-5.55,3.15,-9.88
217,5,14,5,25,15,35,-5.55,3.15,-9.88
218,5,14,5,25,15,40,-13.85,7.13,-1.89
219,5,14,5,25,15,45,-5.71,3.13,-8.66
220,5,14,5,10,20,25,-5.27,4.33,-2.29
221,5,14,5,10,20,30,-2.60,3.01,-4.72
222,5,14,5,10,20,35,-2.59,3.01,-4.76
223,5,14,5,10,20,40,-5.68,2.96,-2.17
224,5,14,5,10,20,45,-3.02,3.09,-3.47
225,5,14,5,15,20,25,-7.11,4.36,-1.77
226,5,14,5,15,20,30,-4.52,2.98,-2.33
227,5,14,5,15,20,35,-4.52,2.98,-2.33
228,5,14,5,15,20,40,-7.95,4.20,-1.68
229,5,14,5,15,20,45,-5.66,3.45,-2.02
230,5,14,5,20,20,25,-8.29,4.32,-1.73
231,5,14,5,20,20,30,-5.74,3.00,-2.16
232,5,14,5,20,20,35,-5.74,3.00,-2.16
233,5,14,5,20,20,40,-11.99,6.23,-1.47
234,5,14,5,20,20,45,-6.77,3.54,-1.93
235,5,14,5,25,20,25,-4.92,2.84,-36.02
236,5,14,5,25,20,30,-5.55,3.15,-9.88
237,5,14,5,25,20,35,-5.55,3.15,-9.88
238,5,14,5,25,20,40,-13.78,7.09,-1.90
239,5,14,5,25,20,45,-6.64,3.35,-4.98
240,5,21,2,10,10,25,-5.87,3.73,-9.17
241,5,21,2,10,10,30,-5.85,3.81,-10.61
242,5,21,2,10,10,35,-5.85,3.81,-10.61
243,5,21,2,10,10,40,-10.26,5.31,-2.63
244,5,21,2,10,10,45,-5.11,3.81,-48.62
245,5,21,2,15,10,25,-6.32,3.73,-6.74
246,5,21,2,15,10,30,-6.32,3.81,-7.40
247,5,21,2,15,10,35,-6.32,3.81,-7.40
248,5,21,2,15,10,40,-10.85,5.62,-2.47
249,5,21,2,15,10,45,-5.58,3.80,-14.72
250,5,21,2,20,10,25,-6.49,3.29,-3.03
251,5,21,2,20,10,30,-6.48,3.37,-3.16
252,5,21,2,20,10,35,-6.48,3.37,-3.16
253,5,21,2,20,10,40,-16.13,8.44,-1.53
254,5,21,2,20,10,45,-6.48,3.37,-3.16
255,5,21,2,25,10,25,-7.37,3.74,-4.51
256,5,21,2,25,10,30,-7.37,3.82,-4.77
257,5,21,2,25,10,35,-7.37,3.82,-4.77
258,5,21,2,25,10,40,-16.93,8.87,-1.72
259,5,21,2,25,10,45,-7.37,3.82,-4.77
260,5,21,2,10,15,25,-5.87,3.73,-9.17
261,5,21,2,10,15,30,-5.85,3.81,-10.61
262,5,21,2,10,15,35,-5.85,3.81,-10.61
263,5,21,2,10,15,40,-10.43,5.40,-2.60
264,5,21,2,10,15,45,-5.07,3.78,-58.90
265,5,21,2,15,15,25,-6.32,3.73,-6.74
266,5,21,2,15,15,30,-6.32,3.81,-7.40
267,5,21,2,15,15,35,-6.32,3.81,-7.40
268,5,21,2,15,15,40,-11.01,5.71,-2.44
269,5,21,2,15,15,45,-5.54,3.77,-15.45
270,5,21,2,20,15,25,-6.49,3.29,-3.03
271,5,21,2,20,15,30,-6.48,3.37,-3.16
272,5,21,2,20,15,35,-6.48,3.37,-3.16
273,5,21,2,20,15,40,-16.04,8.39,-1.48
274,5,21,2,20,15,45,-6.48,3.37,-3.28
275,5,21,2,25,15,25,-7.37,3.74,-4.51
276,5,21,2,25,15,30,-7.37,3.82,-4.77
277,5,21,2,25,15,35,-7.37,3.82,-4.77
278,5,21,2,25,15,40,-17.93,9.42,-1.94
279,5,21,2,25,15,45,-7.14,3.71,-4.44
280,5,21,2,10,20,25,-5.84,3.73,-9.37
281,5,21,2,10,20,30,-5.85,3.81,-10.61
282,5,21,2,10,20,35,-5.85,3.81,-10.61
283,5,21,2,10,20,40,-10.26,5.31,-2.63
284,5,21,2,10,20,45,-6.18,3.96,-8.07
285,5,21,2,15,20,25,-6.29,3.73,-6.84
286,5,21,2,15,20,30,-6.32,3.81,-7.40
287,5,21,2,15,20,35,-6.32,3.81,-7.40
288,5,21,2,15,20,40,-10.85,5.62,-2.47
289,5,21,2,15,20,45,-6.71,4.22,-5.98
290,5,21,2,20,20,25,-6.46,3.29,-3.05
291,5,21,2,20,20,30,-6.48,3.37,-3.16
292,5,21,2,20,20,35,-6.48,3.37,-3.16
293,5,21,2,20,20,40,-16.13,8.44,-1.53
294,5,21,2,20,20,45,-7.34,3.79,-2.80
295,5,21,2,25,20,25,-7.35,3.74,-4.55
296,5,21,2,25,20,30,-7.37,3.82,-4.77
297,5,21,2,25,20,35,-7.37,3.82,-4.77
298,5,21,2,25,20,40,-16.93,8.87,-1.72
299,5,21,2,25,20,45,-7.99,4.13,-3.57
300,5,21,3,10,10,25,-4.30,3.72,-17.17
301,5,21,3,10,10,30,-4.33,3.82,-14.04
302,5,21,3,10,10,35,-4.33,3.82,-14.04
303,5,21,3,10,10,40,-8.79,4.55,-3.24
304,5,21,3,10,10,45,-2.72,3.81,-2.93
305,5,21,3,15,10,25,-4.77,2.94,-239.57
306,5,21,3,15,10,30,-4.77,3.03,-50.08
307,5,21,3,15,10,35,-4.77,3.03,-50.08
308,5,21,3,15,10,40,-9.37,4.85,-2.96
309,5,21,3,15,10,45,-4.09,3.04,-8.61
310,5,21,3,20,10,25,-4.77,2.41,-4.12
311,5,21,3,20,10,30,-4.77,2.49,-4.40
312,5,21,3,20,10,35,-4.77,2.49,-4.40
313,5,21,3,20,10,40,-14.64,7.63,-1.56
314,5,21,3,20,10,45,-4.77,2.49,-4.40
315,5,21,3,25,10,25,-6.47,3.28,-26.67
316,5,21,3,25,10,30,-6.46,3.36,-40.89
317,5,21,3,25,10,35,-6.46,3.36,-40.89
318,5,21,3,25,10,40,-16.10,8.42,-1.97
319,5,21,3,25,10,45,-6.46,3.36,-40.89
320,5,21,3,10,15,25,-4.30,3.72,-17.17
321,5,21,3,10,15,30,-4.33,3.82,-14.04
322,5,21,3,10,15,35,-4.33,3.82,-14.04
323,5,21,3,10,15,40,-8.97,4.64,-3.17
324,5,21,3,10,15,45,-2.70,3.78,-2.90
325,5,21,3,15,15,25,-4.77,2.94,-239.57
326,5,21,3,15,15,30,-4.77,3.03,-50.08
327,5,21,3,15,15,35,-4.77,3.03,-50.08
328,5,21,3,15,15,40,-9.49,4.91,-2.92
329,5,21,3,15,15,45,-4.00,2.99,-7.96
330,5,21,3,20,15,25,-4.77,2.41,-4.12
331,5,21,3,20,15,30,-4.77,2.49,-4.40
332,5,21,3,20,15,35,-4.77,2.49,-4.40
333,5,21,3,20,15,40,-14.67,7.65,-1.54
334,5,21,3,20,15,45,-4.90,2.56,-5.42
335,5,21,3,25,15,25,-6.47,3.28,-26.67
336,5,21,3,25,15,30,-6.46,3.36,-40.89
337,5,21,3,25,15,35,-6.46,3.36,-40.89
338,5,21,3,25,15,40,-16.59,8.68,-2.08
339,5,21,3,25,15,45,-5.63,2.93,-10.65
340,5,21,3,10,20,25,-4.28,3.72,-16.23
341,5,21,3,10,20,30,-4.33,3.82,-14.04
342,5,21,3,10,20,35,-4.33,3.82,-14.04
343,5,21,3,10,20,40,-8.79,4.55,-3.24
344,5,21,3,10,20,45,-4.49,3.86,-19.93
345,5,21,3,15,20,25,-4.74,2.94,-138.79
346,5,21,3,15,20,30,-4.77,3.03,-50.08
347,5,21,3,15,20,35,-4.77,3.03,-50.08
348,5,21,3,15,20,40,-9.37,4.85,-2.96
349,5,21,3,15,20,45,-5.14,3.42,-41.16
350,5,21,3,20,20,25,-4.74,2.41,-4.16
351,5,21,3,20,20,30,-4.77,2.49,-4.40
352,5,21,3,20,20,35,-4.77,2.49,-4.40
353,5,21,3,20,20,40,-14.64,7.63,-1.56
354,5,21,3,20,20,45,-5.80,3.01,-3.90
355,5,21,3,25,20,25,-6.44,3.28,-28.51
356,5,21,3,25,20,30,-6.46,3.36,-40.89
357,5,21,3,25,20,35,-6.46,3.36,-40.89
358,5,21,3,25,20,40,-16.10,8.42,-1.97
359,5,21,3,25,20,45,-6.47,3.34,-5.71
360,5,21,4,10,10,25,-2.69,2.92,-3.07
361,5,21,4,10,10,30,-2.68,3.00,-2.87
362,5,21,4,10,10,35,-2.68,3.00,-2.87
363,5,21,4,10,10,40,-7.25,4.23,-4.84
364,5,21,4,10,10,45,-1.01,2.98,-1.25
365,5,21,4,15,10,25,-4.67,2.89,-73.19
366,5,21,4,15,10,30,-4.66,2.97,-33.73
367,5,21,4,15,10,35,-4.66,2.97,-33.73
368,5,21,4,15,10,40,-9.26,4.79,-2.99
369,5,21,4,15,10,45,-3.98,2.99,-7.75
370,5,21,4,20,10,25,-4.87,2.46,-5.07
371,5,21,4,20,10,30,-4.86,2.54,-5.42
372,5,21,4,20,10,35,-4.86,2.54,-5.42
373,5,21,4,20,10,40,-14.72,7.68,-1.61
374,5,21,4,20,10,45,-4.86,2.54,-5.42
375,5,21,4,25,10,25,-5.59,2.83,-9.53
376,5,21,4,25,10,30,-5.64,2.94,-11.59
377,5,21,4,25,10,35,-5.64,2.94,-11.59
378,5,21,4,25,10,40,-15.38,8.03,-1.79
379,5,21,4,25,10,45,-5.64,2.94,-11.59
380,5,21,4,10,15,25,-2.69,2.92,-3.07
381,5,21,4,10,15,30,-2.68,3.00,-2.87
382,5,21,4,10,15,35,-2.68,3.00,-2.87
383,5,21,4,10,15,40,-7.45,4.23,-4.61
384,5,21,4,10,15,45,-1.03,2.97,-1.26
385,5,21,4,15,15,25,-4.67,2.89,-73.19
386,5,21,4,15,15,30,-4.66,2.97,-33.73
387,5,21,4,15,15,35,-4.66,2.97,-33.73
388,5,21,4,15,15,40,-9.45,4.89,-2.94
389,5,21,4,15,15,45,-3.95,2.96,-7.51
390,5,21,4,20,15,25,-4.87,2.46,-5.07
391,5,21,4,20,15,30,-4.86,2.54,-5.42
392,5,21,4,20,15,35,-4.86,2.54,-5.42
393,5,21,4,20,15,40,-14.58,7.60,-1.53
394,5,21,4,20,15,45,-4.83,2.53,-5.62
395,5,21,4,25,15,25,-5.59,2.83,-9.53
396,5,21,4,25,15,30,-5.64,2.94,-11.59
397,5,21,4,25,15,35,-5.64,2.94,-11.59
398,5,21,4,25,15,40,-16.61,8.70,-2.11
399,5,21,4,25,15,45,-5.55,2.89,-11.55
400,5,21,4,10,20,25,-2.67,2.92,-3.02
401,5,21,4,10,20,30,-2.68,3.00,-2.87
402,5,21,4,10,20,35,-2.68,3.00,-2.87
403,5,21,4,10,20,40,-7.25,4.23,-4.84
404,5,21,4,10,20,45,-2.94,3.07,-3.34
405,5,21,4,15,20,25,-4.64,2.89,-59.66
406,5,21,4,15,20,30,-4.66,2.97,-33.73
407,5,21,4,15,20,35,-4.66,2.97,-33.73
408,5,21,4,15,20,40,-9.26,4.79,-2.99
409,5,21,4,15,20,45,-5.09,3.39,-53.68
410,5,21,4,20,20,25,-4.85,2.46,-5.13
411,5,21,4,20,20,30,-4.86,2.54,-5.42
412,5,21,4,20,20,35,-4.86,2.54,-5.42
413,5,21,4,20,20,40,-14.72,7.68,-1.61
414,5,21,4,20,20,45,-5.73,2.97,-3.99
415,5,21,4,25,20,25,-5.57,2.83,-9.76
416,5,21,4,25,20,30,-5.64,2.94,-11.59
417,5,21,4,25,20,35,-5.64,2.94,-11.59
418,5,21,4,25,20,40,-15.38,8.03,-1.79
419,5,21,4,25,20,45,-6.39,3.31,-5.92
420,5,21,5,10,10,25,-1.83,2.49,-4.33
421,5,21,5,10,10,30,-1.82,2.57,-3.89
422,5,21,5,10,10,35,-1.82,2.57,-3.89
423,5,21,5,10,10,40,-6.45,4.23,-3.27
424,5,21,5,10,10,45,-0.27,2.58,-1.38
425,5,21,5,15,10,25,-3.87,2.49,-11.38
426,5,21,5,15,10,30,-3.87,2.57,-14.24
427,5,21,5,15,10,35,-3.87,2.57,-14.24
428,5,21,5,15,10,40,-8.47,4.38,-2.36
429,5,21,5,15,10,45,-3.18,2.57,-52.47
430,5,21,5,20,10,25,-4.87,2.46,-5.07
431,5,21,5,20,10,30,-4.86,2.54,-5.42
432,5,21,5,20,10,35,-4.86,2.54,-5.42
433,5,21,5,20,10,40,-14.72,7.68,-1.61
434,5,21,5,20,10,45,-4.86,2.54,-5.42
435,5,21,5,25,10,25,-4.95,2.85,-32.65
436,5,21,5,25,10,30,-4.94,2.93,-66.01
437,5,21,5,25,10,35,-4.94,2.93,-66.01
438,5,21,5,25,10,40,-16.60,8.69,-1.70
439,5,21,5,25,10,45,-4.94,2.93,-66.01
440,5,21,5,10,15,25,-1.83,2.49,-4.33
441,5,21,5,10,15,30,-1.82,2.57,-3.89
442,5,21,5,10,15,35,-1.82,2.57,-3.89
443,5,21,5,10,15,40,-6.51,4.23,-3.23
444,5,21,5,10,15,45,-0.18,2.51,-1.41
445,5,21,5,15,15,25,-3.87,2.49,-11.38
446,5,21,5,15,15,30,-3.87,2.57,-14.24
447,5,21,5,15,15,35,-3.87,2.57,-14.24
448,5,21,5,15,15,40,-8.54,4.41,-2.35
449,5,21,5,15,15,45,-3.17,2.55,-39.51
450,5,21,5,20,15,25,-4.87,2.46,-5.07
451,5,21,5,20,15,30,-4.86,2.54,-5.42
452,5,21,5,20,15,35,-4.86,2.54,-5.42
453,5,21,5,20,15,40,-14.75,7.69,-1.60
454,5,21,5,20,15,45,-4.83,2.53,-5.62
455,5,21,5,25,15,25,-4.95,2.85,-32.65
456,5,21,5,25,15,30,-4.94,2.93,-66.01
457,5,21,5,25,15,35,-4.94,2.93,-66.01
458,5,21,5,25,15,40,-16.66,8.72,-1.70
459,5,21,5,25,15,45,-4.85,2.88,-67.89
460,5,21,5,10,20,25,-1.80,2.49,-4.22
461,5,21,5,10,20,30,-1.82,2.57,-3.89
462,5,21,5,10,20,35,-1.82,2.57,-3.89
463,5,21,5,10,20,40,-6.45,4.23,-3.27
464,5,21,5,10,20,45,-2.00,2.59,-5.45
465,5,21,5,15,20,25,-3.85,2.49,-11.79
466,5,21,5,15,20,30,-3.87,2.57,-14.24
467,5,21,5,15,20,35,-3.87,2.57,-14.24
468,5,21,5,15,20,40,-8.47,4.38,-2.36
469,5,21,5,15,20,45,-4.29,2.98,-8.04
470,5,21,5,20,20,25,-4.85,2.46,-5.13
471,5,21,5,20,20,30,-4.86,2.54,-5.42
472,5,21,5,20,20,35,-4.86,2.54,-5.42
473,5,21,5,20,20,40,-14.72,7.68,-1.61
474,5,21,5,20,20,45,-5.73,2.97,-3.99
475,5,21,5,25,20,25,-4.92,2.84,-36.02
476,5,21,5,25,20,30,-4.94,2.93,-66.01
477,5,21,5,25,20,35,-4.94,2.93,-66.01
478,5,21,5,25,20,40,-16.60,8.69,-1.70
479,5,21,5,25,20,45,-5.79,3.06,-9.20
480,5,28,2,10,10,25,-5.90,3.74,-9.46
481,5,28,2,10,10,30,-5.52,3.64,-17.72
482,5,28,2,10,10,35,-5.24,3.50,-35.61
483,5,28,2,10,10,40,-10.17,5.26,-2.69
484,5,28,2,10,10,45,-4.52,3.51,-18.36
485,5,28,2,15,10,25,-6.35,3.74,-6.90
486,5,28,2,15,10,30,-5.99,3.64,-9.96
487,5,28,2,15,10,35,-5.71,3.51,-13.31
488,5,28,2,15,10,40,-10.77,5.58,-2.52
489,5,28,2,15,10,45,-4.96,3.49,-458.65
490,5,28,2,20,10,25,-7.37,3.74,-4.51
491,5,28,2,20,10,30,-7.01,3.64,-5.43
492,5,28,2,20,10,35,-6.74,3.50,-6.11
493,5,28,2,20,10,40,-17.74,9.31,-1.66
494,5,28,2,20,10,45,-6.74,3.50,-6.11
495,5,28,2,25,10,25,-7.37,3.74,-4.51
496,5,28,2,25,10,30,-7.01,3.64,-5.43
497,5,28,2,25,10,35,-6.74,3.50,-6.11
498,5,28,2,25,10,40,-17.74,9.31,-1.66
499,5,28,2,25,10,45,-6.74,3.50,-6.11
500,5,28,2,10,15,25,-5.90,3.74,-9.46
501,5,28,2,10,15,30,-5.52,3.64,-17.72
502,5,28,2,10,15,35,-5.24,3.50,-35.61
503,5,28,2,10,15,40,-10.98,5.69,-3.20
504,5,28,2,10,15,45,-4.35,3.41,-22.71
505,5,28,2,15,15,25,-6.35,3.74,-6.90
506,5,28,2,15,15,30,-5.99,3.64,-9.96
507,5,28,2,15,15,35,-5.71,3.51,-13.31
508,5,28,2,15,15,40,-11.58,6.00,-2.96
509,5,28,2,15,15,45,-4.80,3.40,-114.24
510,5,28,2,20,15,25,-7.37,3.74,-4.51
511,5,28,2,20,15,30,-7.01,3.64,-5.43
512,5,28,2,20,15,35,-6.74,3.50,-6.11
513,5,28,2,20,15,40,-18.56,9.76,-1.82
514,5,28,2,20,15,45,-6.51,3.38,-5.60
515,5,28,2,25,15,25,-7.37,3.74,-4.51
516,5,28,2,25,15,30,-7.01,3.64,-5.43
517,5,28,2,25,15,35,-6.74,3.50,-6.11
518,5,28,2,25,15,40,-18.78,9.88,-1.87
519,5,28,2,25,15,45,-6.51,3.38,-5.60
520,5,28,2,10,20,25,-5.87,3.74,-9.68
521,5,28,2,10,20,30,-5.52,3.64,-17.72
522,5,28,2,10,20,35,-5.24,3.50,-35.61
523,5,28,2,10,20,40,-10.17,5.26,-2.69
524,5,28,2,10,20,45,-5.45,3.60,-12.98
525,5,28,2,15,20,25,-6.32,3.74,-7.00
526,5,28,2,15,20,30,-5.99,3.64,-9.96
527,5,28,2,15,20,35,-5.71,3.51,-13.31
528,5,28,2,15,20,40,-10.77,5.58,-2.52
529,5,28,2,15,20,45,-5.98,3.85,-7.92
530,5,28,2,20,20,25,-7.35,3.74,-4.55
531,5,28,2,20,20,30,-7.01,3.64,-5.43
532,5,28,2,20,20,35,-6.74,3.50,-6.11
533,5,28,2,20,20,40,-17.74,9.31,-1.66
534,5,28,2,20,20,45,-7.40,3.83,-4.12
535,5,28,2,25,20,25,-7.35,3.74,-4.55
536,5,28,2,25,20,30,-7.01,3.64,-5.43
537,5,28,2,25,20,35,-6.74,3.50,-6.11
538,5,28,2,25,20,40,-17.74,9.31,-1.66
539,5,28,2,25,20,45,-7.40,3.83,-4.12
540,5,28,3,10,10,25,-5.90,3.74,-9.46
541,5,28,3,10,10,30,-5.52,3.64,-17.72
542,5,28,3,10,10,35,-5.24,3.50,-35.61
543,5,28,3,10,10,40,-10.20,5.28,-2.68
544,5,28,3,10,10,45,-4.52,3.51,-18.36
545,5,28,3,15,10,25,-5.18,3.15,-20.13
546,5,28,3,15,10,30,-4.92,3.10,-8.67
547,5,28,3,15,10,35,-4.90,3.09,-6.01
548,5,28,3,15,10,40,-9.96,5.15,-3.73
549,5,28,3,15,10,45,-4.22,3.11,-3.66
550,5,28,3,20,10,25,-6.41,3.25,-24.31
551,5,28,3,20,10,30,-6.10,3.17,-96.99
552,5,28,3,20,10,35,-6.14,3.19,-17.16
553,5,28,3,20,10,40,-17.23,9.03,-1.95
554,5,28,3,20,10,45,-6.14,3.19,-17.16
555,5,28,3,25,10,25,-6.47,3.28,-26.67
556,5,28,3,25,10,30,-6.15,3.20,-72.49
557,5,28,3,25,10,35,-6.14,3.19,-17.16
558,5,28,3,25,10,40,-17.28,9.06,-1.96
559,5,28,3,25,10,45,-6.14,3.19,-17.16
560,5,28,3,10,15,25,-5.90,3.74,-9.46
561,5,28,3,10,15,30,-5.52,3.64,-17.72
562,5,28,3,10,15,35,-5.24,3.50,-35.61
563,5,28,3,10,15,40,-11.02,5.71,-3.19
564,5,28,3,10,15,45,-4.37,3.41,-24.10
565,5,28,3,15,15,25,-5.18,3.15,-20.13
566,5,28,3,15,15,30,-4.92,3.10,-8.67
567,5,28,3,15,15,35,-4.90,3.09,-6.01
568,5,28,3,15,15,40,-10.14,5.24,-3.77
569,5,28,3,15,15,45,-3.25,2.61,-4.94
570,5,28,3,20,15,25,-6.41,3.25,-24.31
571,5,28,3,20,15,30,-6.10,3.17,-96.99
572,5,28,3,20,15,35,-6.14,3.19,-17.16
573,5,28,3,20,15,40,-17.27,9.05,-1.93
574,5,28,3,20,15,45,-5.02,2.62,-30.29
575,5,28,3,25,15,25,-6.47,3.28,-26.67
576,5,28,3,25,15,30,-6.15,3.20,-72.49
577,5,28,3,25,15,35,-6.14,3.19,-17.16
578,5,28,3,25,15,40,-17.46,9.16,-1.98
579,5,28,3,25,15,45,-5.02,2.62,-30.29
580,5,28,3,10,20,25,-5.87,3.74,-9.68
581,5,28,3,10,20,30,-5.52,3.64,-17.72
582,5,28,3,10,20,35,-5.24,3.50,-35.61
583,5,28,3,10,20,40,-10.20,5.28,-2.68
584,5,28,3,10,20,45,-5.47,3.60,-12.65
585,5,28,3,15,20,25,-5.15,3.15,-18.97
586,5,28,3,15,20,30,-4.92,3.10,-8.67
587,5,28,3,15,20,35,-4.90,3.09,-6.01
588,5,28,3,15,20,40,-9.96,5.15,-3.73
589,5,28,3,15,20,45,-4.44,3.07,-30.07
590,5,28,3,20,20,25,-6.39,3.25,-25.82
591,5,28,3,20,20,30,-6.10,3.17,-96.99
592,5,28,3,20,20,35,-6.14,3.19,-17.16
593,5,28,3,20,20,40,-17.23,9.03,-1.95
594,5,28,3,20,20,45,-5.92,3.07,-8.31
595,5,28,3,25,20,25,-6.44,3.28,-28.51
596,5,28,3,25,20,30,-6.15,3.20,-72.49
597,5,28,3,25,20,35,-6.14,3.19,-17.16
598,5,28,3,25,20,40,-17.28,9.06,-1.96
599,5,28,3,25,20,45,-5.92,3.07,-8.29
600,5,28,4,10,10,25,-2.68,2.91,-3.08
601,5,28,4,10,10,30,-2.35,2.84,-2.34
602,5,28,4,10,10,35,-2.38,2.85,-1.99
603,5,28,4,10,10,40,-7.45,4.76,-5.65
604,5,28,4,10,10,45,-0.75,2.83,-0.98
605,5,28,4,15,10,25,-4.61,2.86,-139.12
606,5,28,4,15,10,30,-4.24,2.76,-14.61
607,5,28,4,15,10,35,-3.97,2.62,-9.51
608,5,28,4,15,10,40,-9.10,4.76,-2.99
609,5,28,4,15,10,45,-3.23,2.61,-4.59
610,5,28,4,20,10,25,-5.59,2.83,-9.53
611,5,28,4,20,10,30,-5.28,2.76,-19.75
612,5,28,4,20,10,35,-5.16,2.69,-102.53
613,5,28,4,20,10,40,-16.37,8.56,-1.75
614,5,28,4,20,10,45,-5.16,2.69,-102.53
615,5,28,4,25,10,25,-5.59,2.83,-9.53
616,5,28,4,25,10,30,-5.28,2.76,-19.75
617,5,28,4,25,10,35,-5.21,2.72,-172.42
618,5,28,4,25,10,40,-16.41,8.59,-1.76
619,5,28,4,25,10,45,-5.21,2.72,-172.42
620,5,28,4,10,15,25,-2.68,2.91,-3.08
621,5,28,4,10,15,30,-2.35,2.84,-2.34
622,5,28,4,10,15,35,-2.38,2.85,-1.99
623,5,28,4,10,15,40,-8.19,4.76,-7.90
624,5,28,4,10,15,45,-0.74,2.80,-0.97
625,5,28,4,15,15,25,-4.61,2.86,-139.12
626,5,28,4,15,15,30,-4.24,2.76,-14.61
627,5,28,4,15,15,35,-3.97,2.62,-9.51
628,5,28,4,15,15,40,-10.15,5.25,-3.95
629,5,28,4,15,15,45,-3.16,2.57,-4.59
630,5,28,4,20,15,25,-5.59,2.83,-9.53
631,5,28,4,20,15,30,-5.28,2.76,-19.75
632,5,28,4,20,15,35,-5.16,2.69,-102.53
633,5,28,4,20,15,40,-17.28,9.06,-1.96
634,5,28,4,20,15,45,-4.93,2.58,-43.24
635,5,28,4,25,15,25,-5.59,2.83,-9.53
636,5,28,4,25,15,30,-5.28,2.76,-19.75
637,5,28,4,25,15,35,-5.21,2.72,-172.42
638,5,28,4,25,15,40,-17.46,9.16,-2.01
639,5,28,4,25,15,45,-4.93,2.58,-42.28
640,5,28,4,10,20,25,-2.65,2.91,-3.03
641,5,28,4,10,20,30,-2.35,2.84,-2.34
642,5,28,4,10,20,35,-2.38,2.85,-1.99
643,5,28,4,10,20,40,-7.45,4.76,-5.65
644,5,28,4,10,20,45,-2.62,2.91,-2.22
645,5,28,4,15,20,25,-4.58,2.86,-97.21
646,5,28,4,15,20,30,-4.24,2.76,-14.61
647,5,28,4,15,20,35,-3.97,2.62,-9.51
648,5,28,4,15,20,40,-9.10,4.76,-2.99
649,5,28,4,15,20,45,-4.35,3.02,-22.73
650,5,28,4,20,20,25,-5.57,2.83,-9.76
651,5,28,4,20,20,30,-5.28,2.76,-19.75
652,5,28,4,20,20,35,-5.16,2.69,-102.53
653,5,28,4,20,20,40,-16.37,8.56,-1.75
654,5,28,4,20,20,45,-5.83,3.02,-8.88
655,5,28,4,25,20,25,-5.57,2.83,-9.76
656,5,28,4,25,20,30,-5.28,2.76,-19.75
657,5,28,4,25,20,35,-5.21,2.72,-172.42
658,5,28,4,25,20,40,-16.41,8.59,-1.76
659,5,28,4,25,20,45,-5.83,3.02,-8.88
660,5,28,5,10,10,25,-2.58,2.86,-3.14
661,5,28,5,10,10,30,-2.20,2.76,-2.37
662,5,28,5,10,10,35,-1.97,2.65,-2.04
663,5,28,5,10,10,40,-7.07,4.76,-4.72
664,5,28,5,10,10,45,-0.37,2.63,-0.97
665,5,28,5,15,10,25,-4.61,2.86,-139.12
666,5,28,5,15,10,30,-4.24,2.76,-14.61
667,5,28,5,15,10,35,-3.97,2.62,-9.51
668,5,28,5,15,10,40,-9.10,4.76,-2.99
669,5,28,5,15,10,45,-3.27,2.61,-4.74
670,5,28,5,20,10,25,-5.59,2.83,-9.53
671,5,28,5,20,10,30,-5.28,2.76,-19.75
672,5,28,5,20,10,35,-5.01,2.62,-45.68
673,5,28,5,20,10,40,-16.22,8.48,-1.72
674,5,28,5,20,10,45,-5.01,2.62,-45.68
675,5,28,5,25,10,25,-4.95,2.85,-32.65
676,5,28,5,25,10,30,-4.58,2.75,-37.71
677,5,28,5,25,10,35,-4.31,2.61,-16.57
678,5,28,5,25,10,40,-17.49,9.17,-1.65
679,5,28,5,25,10,45,-4.31,2.61,-16.57
680,5,28,5,10,15,25,-2.58,2.86,-3.14
681,5,28,5,10,15,30,-2.20,2.76,-2.37
682,5,28,5,10,15,35,-1.97,2.65,-2.04
683,5,28,5,10,15,40,-7.13,4.76,-4.62
684,5,28,5,10,15,45,-0.75,2.79,-0.98
685,5,28,5,15,15,25,-4.61,2.86,-139.12
686,5,28,5,15,15,30,-4.24,2.76,-14.61
687,5,28,5,15,15,35,-3.97,2.62,-9.51
688,5,28,5,15,15,40,-9.12,4.76,-2.93
689,5,28,5,15,15,45,-3.20,2.57,-4.74
690,5,28,5,20,15,25,-5.59,2.83,-9.53
691,5,28,5,20,15,30,-5.28,2.76,-19.75
692,5,28,5,20,15,35,-5.01,2.62,-45.68
693,5,28,5,20,15,40,-16.28,8.52,-1.72
694,5,28,5,20,15,45,-4.91,2.57,-46.41
695,5,28,5,25,15,25,-4.95,2.85,-32.65
696,5,28,5,25,15,30,-4.58,2.75,-37.71
697,5,28,5,25,15,35,-4.31,2.61,-16.57
698,5,28,5,25,15,40,-17.54,9.20,-1.65
699,5,28,5,25,15,45,-4.21,2.56,-16.21
700,5,28,5,10,20,25,-2.55,2.86,-3.09
701,5,28,5,10,20,30,-2.20,2.76,-2.37
702,5,28,5,10,20,35,-1.97,2.65,-2.04
703,5,28,5,10,20,40,-7.07,4.76,-4.72
704,5,28,5,10,20,45,-2.60,2.88,-2.21
705,5,28,5,15,20,25,-4.58,2.86,-97.21
706,5,28,5,15,20,30,-4.24,2.76,-14.61
707,5,28,5,15,20,35,-3.97,2.62,-9.51
708,5,28,5,15,20,40,-9.10,4.76,-2.99
709,5,28,5,15,20,45,-4.37,3.02,-24.13
710,5,28,5,20,20,25,-5.57,2.83,-9.76
711,5,28,5,20,20,30,-5.28,2.76,-19.75
712,5,28,5,20,20,35,-5.01,2.62,-45.68
713,5,28,5,20,20,40,-16.22,8.48,-1.72
714,5,28,5,20,20,45,-5.81,3.01,-9.02
715,5,28,5,25,20,25,-4.92,2.84,-36.02
716,5,28,5,25,20,30,-4.58,2.75,-37.71
717,5,28,5,25,20,35,-4.31,2.61,-16.57
718,5,28,5,25,20,40,-17.49,9.17,-1.65
719,5,28,5,25,20,45,-5.16,2.74,-21.04
720,10,14,2,10,10,25,-1.70,2.50,-1.38
721,10,14,2,10,10,30,-2.57,2.88,-2.08
722,10,14,2,10,10,35,-2.62,2.88,-2.13
723,10,14,2,10,10,40,-4.68,2.52,-8.27
724,10,14,2,10,10,45,-0.85,2.92,-0.97
725,10,14,2,15,10,25,-3.01,2.24,-38.96
726,10,14,2,15,10,30,-3.87,2.59,-11.76
727,10,14,2,15,10,35,-3.91,2.59,-11.06
728,10,14,2,15,10,40,-5.99,3.33,-3.49
729,10,14,2,15,10,45,-3.00,2.60,-36.69
730,10,14,2,20,10,25,-3.68,2.33,-9.17
731,10,14,2,20,10,30,-4.48,2.69,-5.20
732,10,14,2,20,10,35,-4.48,2.69,-5.20
733,10,14,2,20,10,40,-7.46,4.19,-2.45
734,10,14,2,20,10,45,-4.48,2.69,-5.20
735,10,14,2,25,10,25,-7.90,4.10,-3.96
736,10,14,2,25,10,30,-8.60,4.46,-3.40
737,10,14,2,25,10,35,-8.60,4.46,-3.40
738,10,14,2,25,10,40,-11.44,5.93,-2.33
739,10,14,2,25,10,45,-8.60,4.46,-3.40
740,10,14,2,10,15,25,-0.36,2.52,-0.79
741,10,14,2,10,15,30,-0.46,2.53,-0.83
742,10,14,2,10,15,35,-0.51,2.53,-0.84
743,10,14,2,10,15,40,-2.02,2.52,-1.61
744,10,14,2,10,15,45,-0.21,2.47,-0.76
745,10,14,2,15,15,25,-1.68,1.90,-3.61
746,10,14,2,15,15,30,-1.78,1.90,-3.92
747,10,14,2,15,15,35,-1.83,1.90,-4.10
748,10,14,2,15,15,40,-3.33,1.95,-73.50
749,10,14,2,15,15,45,-2.45,1.87,-8.29
750,10,14,2,20,15,25,-2.72,1.96,-61.17
751,10,14,2,20,15,30,-2.72,1.96,-61.17
752,10,14,2,20,15,35,-2.72,1.96,-61.17
753,10,14,2,20,15,40,-5.82,3.28,-3.22
754,10,14,2,20,15,45,-4.22,2.52,-5.88
755,10,14,2,25,15,25,-3.73,2.43,-5.79
756,10,14,2,25,15,30,-3.73,2.43,-5.79
757,10,14,2,25,15,35,-3.73,2.43,-5.79
758,10,14,2,25,15,40,-6.68,3.45,-5.45
759,10,14,2,25,15,45,-5.06,2.63,-26.72
760,10,14,2,10,20,25,-1.11,3.08,-0.72
761,10,14,2,10,20,30,-0.31,2.52,-0.78
762,10,14,2,10,20,35,-0.36,2.52,-0.79
763,10,14,2,10,20,40,-1.99,2.50,-1.57
764,10,14,2,10,20,45,-2.13,2.48,-1.69
765,10,14,2,15,20,25,-2.44,2.45,-2.09
766,10,14,2,15,20,30,-1.64,1.90,-3.49
767,10,14,2,15,20,35,-1.68,1.90,-3.61
768,10,14,2,15,20,40,-3.23,1.94,-177.49
769,10,14,2,15,20,45,-3.59,1.86,-20.86
770,10,14,2,20,20,25,-3.51,2.52,-4.64
771,10,14,2,20,20,30,-2.72,1.96,-61.17
772,10,14,2,20,20,35,-2.72,1.96,-61.17
773,10,14,2,20,20,40,-5.79,3.28,-3.30
774,10,14,2,20,20,45,-5.12,2.97,-3.97
775,10,14,2,25,20,25,-4.39,2.93,-3.10
776,10,14,2,25,20,30,-3.73,2.43,-5.79
777,10,14,2,25,20,35,-3.73,2.43,-5.79
778,10,14,2,25,20,40,-6.75,3.49,-6.08
779,10,14,2,25,20,45,-5.96,3.09,-8.03
780,10,14,3,10,10,25,-1.70,2.50,-1.38
781,10,14,3,10,10,30,-2.57,2.88,-2.08
782,10,14,3,10,10,35,-2.62,2.88,-2.13
783,10,14,3,10,10,40,-4.68,2.52,-8.27
784,10,14,3,10,10,45,-0.85,2.92,-0.97
785,10,14,3,15,10,25,-1.34,2.24,-2.74
786,10,14,3,15,10,30,-2.20,2.59,-6.13
787,10,14,3,15,10,35,-2.25,2.59,-6.47
788,10,14,3,15,10,40,-4.38,3.33,-7.23
789,10,14,3,15,10,45,-1.33,2.60,-2.72
790,10,14,3,20,10,25,-2.01,2.33,-7.20
791,10,14,3,20,10,30,-2.81,2.69,-185.83
792,10,14,3,20,10,35,-2.81,2.69,-185.83
793,10,14,3,20,10,40,-5.85,4.19,-3.22
794,10,14,3,20,10,45,-2.81,2.69,-185.83
795,10,14,3,25,10,25,-6.26,3.25,-7.07
796,10,14,3,25,10,30,-6.92,3.59,-4.98
797,10,14,3,25,10,35,-6.92,3.59,-4.98
798,10,14,3,25,10,40,-9.86,5.10,-2.70
799,10,14,3,25,10,45,-6.92,3.59,-4.98
800,10,14,3,10,15,25,-0.36,2.52,-0.79
801,10,14,3,10,15,30,-0.46,2.53,-0.83
802,10,14,3,10,15,35,-0.51,2.53,-0.84
803,10,14,3,10,15,40,-2.02,2.52,-1.61
804,10,14,3,10,15,45,-0.21,2.47,-0.76
805,10,14,3,15,15,25,0.03,1.39,-1.20
806,10,14,3,15,15,30,-0.07,1.39,-1.27
807,10,14,3,15,15,35,-0.12,1.39,-1.31
808,10,14,3,15,15,40,-1.66,1.95,-3.47
809,10,14,3,15,15,45,-0.77,1.40,-1.90
810,10,14,3,20,15,25,-1.02,1.76,-2.71
811,10,14,3,20,15,30,-1.02,1.76,-2.71
812,10,14,3,20,15,35,-1.02,1.76,-2.71
813,10,14,3,20,15,40,-4.19,3.28,-5.97
814,10,14,3,20,15,45,-2.56,2.52,-24.93
815,10,14,3,25,15,25,-1.94,1.84,-2.01
816,10,14,3,25,15,30,-1.94,1.84,-2.01
817,10,14,3,25,15,35,-1.94,1.84,-2.01
818,10,14,3,25,15,40,-5.04,3.26,-28.58
819,10,14,3,25,15,45,-3.40,2.49,-5.63
820,10,14,3,10,20,25,-1.11,3.08,-0.72
821,10,14,3,10,20,30,-0.31,2.52,-0.78
822,10,14,3,10,20,35,-0.36,2.52,-0.79
823,10,14,3,10,20,40,-1.99,2.50,-1.57
824,10,14,3,10,20,45,-2.13,2.48,-1.69
825,10,14,3,15,20,25,-0.76,1.62,-0.98
826,10,14,3,15,20,30,0.08,1.39,-1.18
827,10,14,3,15,20,35,0.03,1.39,-1.20
828,10,14,3,15,20,40,-1.56,1.94,-3.22
829,10,14,3,15,20,45,-1.96,1.40,-4.45
830,10,14,3,20,20,25,-1.83,1.76,-1.74
831,10,14,3,20,20,30,-1.02,1.76,-2.71
832,10,14,3,20,20,35,-1.02,1.76,-2.71
833,10,14,3,20,20,40,-4.13,3.28,-6.21
834,10,14,3,20,20,45,-3.47,2.97,-11.58
835,10,14,3,25,20,25,-2.74,2.11,-1.51
836,10,14,3,25,20,30,-1.94,1.84,-2.01
837,10,14,3,25,20,35,-1.94,1.84,-2.01
838,10,14,3,25,20,40,-5.02,3.26,-43.10
839,10,14,3,25,20,45,-4.31,2.94,-20.35
840,10,14,4,10,10,25,0.04,2.25,-0.68
841,10,14,4,10,10,30,-0.88,2.61,-0.99
842,10,14,4,10,10,35,-0.93,2.61,-1.01
843,10,14,4,10,10,40,-2.94,2.03,-2.55
844,10,14,4,10,10,45,0.95,2.61,-0.45
845,10,14,4,15,10,25,-1.34,2.24,-2.74
846,10,14,4,15,10,30,-2.20,2.59,-6.13
847,10,14,4,15,10,35,-2.25,2.59,-6.47
848,10,14,4,15,10,40,-4.38,3.33,-7.23
849,10,14,4,15,10,45,-1.33,2.60,-2.72
850,10,14,4,20,10,25,-2.01,2.33,-7.20
851,10,14,4,20,10,30,-2.81,2.69,-185.83
852,10,14,4,20,10,35,-2.81,2.69,-185.83
853,10,14,4,20,10,40,-5.85,4.19,-3.22
854,10,14,4,20,10,45,-2.81,2.69,-185.83
855,10,14,4,25,10,25,-6.21,3.23,-6.87
856,10,14,4,25,10,30,-6.92,3.59,-4.98
857,10,14,4,25,10,35,-6.92,3.59,-4.98
858,10,14,4,25,10,40,-9.81,5.08,-2.67
859,10,14,4,25,10,45,-6.92,3.59,-4.98
860,10,14,4,10,15,25,1.39,1.97,-0.36
861,10,14,4,10,15,30,1.33,1.95,-0.37
862,10,14,4,10,15,35,1.28,1.95,-0.38
863,10,14,4,10,15,40,-0.32,1.95,-0.79
864,10,14,4,10,15,45,1.49,1.96,-0.34
865,10,14,4,15,15,25,0.03,1.39,-1.20
866,10,14,4,15,15,30,-0.07,1.39,-1.27
867,10,14,4,15,15,35,-0.12,1.39,-1.31
868,10,14,4,15,15,40,-1.66,1.95,-3.47
869,10,14,4,15,15,45,-0.77,1.40,-1.90
870,10,14,4,20,15,25,-1.02,1.76,-2.71
871,10,14,4,20,15,30,-1.02,1.76,-2.71
872,10,14,4,20,15,35,-1.02,1.76,-2.71
873,10,14,4,20,15,40,-4.19,3.28,-5.97
874,10,14,4,20,15,45,-2.56,2.52,-24.93
875,10,14,4,25,15,25,-1.94,1.84,-2.01
876,10,14,4,25,15,30,-1.94,1.84,-2.01
877,10,14,4,25,15,35,-1.94,1.84,-2.01
878,10,14,4,25,15,40,-5.04,3.26,-28.58
879,10,14,4,25,15,45,-3.40,2.49,-5.63
880,10,14,4,10,20,25,0.64,2.23,-0.38
881,10,14,4,10,20,30,1.43,1.97,-0.35
882,10,14,4,10,20,35,1.39,1.97,-0.36
883,10,14,4,10,20,40,-0.25,1.95,-0.77
884,10,14,4,10,20,45,-0.42,1.94,-0.83
885,10,14,4,15,20,25,-0.76,1.62,-0.98
886,10,14,4,15,20,30,0.08,1.39,-1.18
887,10,14,4,15,20,35,0.03,1.39,-1.20
888,10,14,4,15,20,40,-1.56,1.94,-3.22
889,10,14,4,15,20,45,-1.96,1.40,-4.45
890,10,14,4,20,20,25,-1.83,1.76,-1.74
891,10,14,4,20,20,30,-1.02,1.76,-2.71
892,10,14,4,20,20,35,-1.02,1.76,-2.71
893,10,14,4,20,20,40,-4.13,3.28,-6.21
894,10,14,4,20,20,45,-3.47,2.97,-11.58
895,10,14,4,25,20,25,-2.74,2.11,-1.51
896,10,14,4,25,20,30,-1.94,1.84,-2.01
897,10,14,4,25,20,35,-1.94,1.84,-2.01
898,10,14,4,25,20,40,-5.02,3.26,-43.10
899,10,14,4,25,20,45,-4.31,2.94,-20.35
900,10,14,5,10,10,25,0.04,2.25,-0.68
901,10,14,5,10,10,30,-0.88,2.61,-0.99
902,10,14,5,10,10,35,-0.93,2.61,-1.01
903,10,14,5,10,10,40,-2.94,2.03,-2.55
904,10,14,5,10,10,45,0.95,2.61,-0.45
905,10,14,5,15,10,25,-1.34,2.24,-2.74
906,10,14,5,15,10,30,-2.20,2.59,-6.13
907,10,14,5,15,10,35,-2.25,2.59,-6.47
908,10,14,5,15,10,40,-4.38,3.33,-7.23
909,10,14,5,15,10,45,-1.33,2.60,-2.72
910,10,14,5,20,10,25,-2.01,2.33,-7.20
911,10,14,5,20,10,30,-2.81,2.69,-185.83
912,10,14,5,20,10,35,-2.81,2.69,-185.83
913,10,14,5,20,10,40,-5.85,4.19,-3.22
914,10,14,5,20,10,45,-2.81,2.69,-185.83
915,10,14,5,25,10,25,-5.57,3.24,-12.67
916,10,14,5,25,10,30,-6.22,3.58,-6.80
917,10,14,5,25,10,35,-6.22,3.58,-6.80
918,10,14,5,25,10,40,-11.18,5.79,-2.32
919,10,14,5,25,10,45,-6.22,3.58,-6.80
920,10,14,5,10,15,25,1.39,1.97,-0.36
921,10,14,5,10,15,30,1.33,1.95,-0.37
922,10,14,5,10,15,35,1.28,1.95,-0.38
923,10,14,5,10,15,40,-0.32,1.95,-0.79
924,10,14,5,10,15,45,1.49,1.96,-0.34
925,10,14,5,15,15,25,0.03,1.39,-1.20
926,10,14,5,15,15,30,-0.07,1.39,-1.27
927,10,14,5,15,15,35,-0.12,1.39,-1.31
928,10,14,5,15,15,40,-1.66,1.95,-3.47
929,10,14,5,15,15,45,-0.77,1.40,-1.90
930,10,14,5,20,15,25,-1.02,1.76,-2.71
931,10,14,5,20,15,30,-1.02,1.76,-2.71
932,10,14,5,20,15,35,-1.02,1.76,-2.71
933,10,14,5,20,15,40,-4.19,3.28,-5.97
934,10,14,5,20,15,45,-2.56,2.52,-24.93
935,10,14,5,25,15,25,-1.23,1.83,-1.43
936,10,14,5,25,15,30,-1.23,1.83,-1.43
937,10,14,5,25,15,35,-1.23,1.83,-1.43
938,10,14,5,25,15,40,-6.44,3.98,-6.08
939,10,14,5,25,15,45,-2.63,2.14,-3.18
940,10,14,5,10,20,25,0.64,2.23,-0.38
941,10,14,5,10,20,30,1.43,1.97,-0.35
942,10,14,5,10,20,35,1.39,1.97,-0.36
943,10,14,5,10,20,40,-0.25,1.95,-0.77
944,10,14,5,10,20,45,-0.42,1.94,-0.83
945,10,14,5,15,20,25,-0.76,1.62,-0.98
946,10,14,5,15,20,30,0.08,1.39,-1.18
947,10,14,5,15,20,35,0.03,1.39,-1.20
948,10,14,5,15,20,40,-1.56,1.94,-3.22
949,10,14,5,15,20,45,-1.96,1.40,-4.45
950,10,14,5,20,20,25,-1.83,1.76,-1.74
951,10,14,5,20,20,30,-1.02,1.76,-2.71
952,10,14,5,20,20,35,-1.02,1.76,-2.71
953,10,14,5,20,20,40,-4.13,3.28,-6.21
954,10,14,5,20,20,45,-3.47,2.97,-11.58
955,10,14,5,25,20,25,-2.03,2.10,-1.16
956,10,14,5,25,20,30,-1.23,1.83,-1.43
957,10,14,5,25,20,35,-1.23,1.83,-1.43
958,10,14,5,25,20,40,-6.37,3.98,-6.28
959,10,14,5,25,20,45,-3.61,2.59,-6.86
960,10,21,2,10,10,25,-4.43,3.87,-16.04
961,10,21,2,10,10,30,-3.68,3.49,-33.13
962,10,21,2,10,10,35,-3.68,3.49,-33.13
963,10,21,2,10,10,40,-7.14,3.69,-3.37
964,10,21,2,10,10,45,-2.09,3.46,-3.37
965,10,21,2,15,10,25,-6.40,3.85,-4.05
966,10,21,2,15,10,30,-5.66,3.48,-5.50
967,10,21,2,15,10,35,-5.66,3.48,-5.50
968,10,21,2,15,10,40,-9.05,4.68,-2.50
969,10,21,2,15,10,45,-4.98,3.47,-8.41
970,10,21,2,20,10,25,-7.90,4.10,-3.96
971,10,21,2,20,10,30,-7.22,3.75,-5.03
972,10,21,2,20,10,35,-7.22,3.75,-5.03
973,10,21,2,20,10,40,-13.59,7.07,-2.00
974,10,21,2,20,10,45,-7.22,3.75,-5.03
975,10,21,2,25,10,25,-7.90,4.10,-3.96
976,10,21,2,25,10,30,-7.22,3.75,-5.03
977,10,21,2,25,10,35,-7.22,3.75,-5.03
978,10,21,2,25,10,40,-13.59,7.07,-2.00
979,10,21,2,25,10,45,-7.22,3.75,-5.03
980,10,21,2,10,15,25,-0.04,2.14,-1.03
981,10,21,2,10,15,30,0.46,2.14,-0.80
982,10,21,2,10,15,35,0.46,2.14,-0.80
983,10,21,2,10,15,40,-3.22,3.04,-10.54
984,10,21,2,10,15,45,2.05,2.11,-0.32
985,10,21,2,15,15,25,-2.11,2.13,-3.40
986,10,21,2,15,15,30,-1.66,2.14,-2.44
987,10,21,2,15,15,35,-1.66,2.14,-2.44
988,10,21,2,15,15,40,-5.26,3.04,-6.86
989,10,21,2,15,15,45,-0.91,2.11,-1.61
990,10,21,2,20,15,25,-3.73,2.43,-5.79
991,10,21,2,20,15,30,-3.25,2.42,-3.98
992,10,21,2,20,15,35,-3.25,2.42,-3.98
993,10,21,2,20,15,40,-9.85,5.10,-2.66
994,10,21,2,20,15,45,-3.01,2.31,-4.11
995,10,21,2,25,15,25,-3.73,2.43,-5.79
996,10,21,2,25,15,30,-3.25,2.42,-3.98
997,10,21,2,25,15,35,-3.25,2.42,-3.98
998,10,21,2,25,15,40,-9.85,5.10,-2.66
999,10,21,2,25,15,45,-3.01,2.31,-4.11
1000,10,21,2,10,20,25,-0.87,2.72,-0.89
1001,10,21,2,10,20,30,0.46,2.14,-0.80
1002,10,21,2,10,20,35,0.46,2.14,-0.80
1003,10,21,2,10,20,40,-3.16,3.04,-9.64
1004,10,21,2,10,20,45,0.20,2.11,-0.91
1005,10,21,2,15,20,25,-2.90,2.69,-2.09
1006,10,21,2,15,20,30,-1.66,2.14,-2.44
1007,10,21,2,15,20,35,-1.66,2.14,-2.44
1008,10,21,2,15,20,40,-5.20,3.04,-7.12
1009,10,21,2,15,20,45,-2.06,2.10,-3.29
1010,10,21,2,20,20,25,-4.39,2.93,-3.10
1011,10,21,2,20,20,30,-3.25,2.42,-3.98
1012,10,21,2,20,20,35,-3.25,2.42,-3.98
1013,10,21,2,20,20,40,-9.93,5.14,-2.77
1014,10,21,2,20,20,45,-3.93,2.32,-9.96
1015,10,21,2,25,20,25,-4.39,2.93,-3.10
1016,10,21,2,25,20,30,-3.25,2.42,-3.98
1017,10,21,2,25,20,35,-3.25,2.42,-3.98
1018,10,21,2,25,20,40,-9.93,5.14,-2.77
1019,10,21,2,25,20,45,-3.93,2.32,-9.96
1020,10,21,3,10,10,25,-4.43,3.87,-16.04
1021,10,21,3,10,10,30,-3.68,3.49,-33.13
1022,10,21,3,10,10,35,-3.68,3.49,-33.13
1023,10,21,3,10,10,40,-7.14,3.69,-3.37
1024,10,21,3,10,10,45,-2.09,3.46,-3.37
1025,10,21,3,15,10,25,-4.78,3.03,-10.00
1026,10,21,3,15,10,30,-4.01,2.64,-80.01
1027,10,21,3,15,10,35,-4.01,2.64,-80.01
1028,10,21,3,15,10,40,-7.45,3.85,-3.16
1029,10,21,3,15,10,45,-3.31,2.63,-12.29
1030,10,21,3,20,10,25,-6.21,3.23,-6.87
1031,10,21,3,20,10,30,-5.49,2.86,-14.02
1032,10,21,3,20,10,35,-5.49,2.86,-14.02
1033,10,21,3,20,10,40,-11.98,6.22,-2.18
1034,10,21,3,20,10,45,-5.49,2.86,-14.02
1035,10,21,3,25,10,25,-6.26,3.25,-7.07
1036,10,21,3,25,10,30,-5.49,2.86,-14.02
1037,10,21,3,25,10,35,-5.49,2.86,-14.02
1038,10,21,3,25,10,40,-11.98,6.22,-2.18
1039,10,21,3,25,10,45,-5.49,2.86,-14.02
1040,10,21,3,10,15,25,-0.04,2.14,-1.03
1041,10,21,3,10,15,30,0.46,2.14,-0.80
1042,10,21,3,10,15,35,0.46,2.14,-0.80
1043,10,21,3,10,15,40,-3.22,3.04,-10.54
1044,10,21,3,10,15,45,2.05,2.11,-0.32
1045,10,21,3,15,15,25,-0.43,1.75,-1.25
1046,10,21,3,15,15,30,0.07,1.60,-0.97
1047,10,21,3,15,15,35,0.07,1.60,-0.97
1048,10,21,3,15,15,40,-3.60,3.04,-25.02
1049,10,21,3,15,15,45,0.81,1.58,-0.67
1050,10,21,3,20,15,25,-1.94,1.84,-2.01
1051,10,21,3,20,15,30,-1.45,1.84,-1.58
1052,10,21,3,20,15,35,-1.45,1.84,-1.58
1053,10,21,3,20,15,40,-8.27,4.90,-3.38
1054,10,21,3,20,15,45,-1.36,1.80,-1.55
1055,10,21,3,25,15,25,-1.94,1.84,-2.01
1056,10,21,3,25,15,30,-1.45,1.84,-1.58
1057,10,21,3,25,15,35,-1.45,1.84,-1.58
1058,10,21,3,25,15,40,-8.27,4.90,-3.38
1059,10,21,3,25,15,45,-1.36,1.80,-1.55
1060,10,21,3,10,20,25,-0.87,2.72,-0.89
1061,10,21,3,10,20,30,0.46,2.14,-0.80
1062,10,21,3,10,20,35,0.46,2.14,-0.80
1063,10,21,3,10,20,40,-3.16,3.04,-9.64
1064,10,21,3,10,20,45,0.20,2.11,-0.91
1065,10,21,3,15,20,25,-1.23,1.87,-1.03
1066,10,21,3,15,20,30,0.07,1.60,-0.97
1067,10,21,3,15,20,35,0.07,1.60,-0.97
1068,10,21,3,15,20,40,-3.54,3.04,-20.52
1069,10,21,3,15,20,45,-0.39,1.95,-1.23
1070,10,21,3,20,20,25,-2.74,2.11,-1.51
1071,10,21,3,20,20,30,-1.45,1.84,-1.58
1072,10,21,3,20,20,35,-1.45,1.84,-1.58
1073,10,21,3,20,20,40,-8.25,4.90,-3.47
1074,10,21,3,20,20,45,-2.27,1.94,-2.47
1075,10,21,3,25,20,25,-2.74,2.11,-1.51
1076,10,21,3,25,20,30,-1.45,1.84,-1.58
1077,10,21,3,25,20,35,-1.45,1.84,-1.58
1078,10,21,3,25,20,40,-8.25,4.90,-3.47
1079,10,21,3,25,20,45,-2.27,1.94,-2.47
1080,10,21,4,10,10,25,-2.76,3.04,-5.93
1081,10,21,4,10,10,30,-2.00,2.66,-3.03
1082,10,21,4,10,10,35,-2.00,2.66,-3.03
1083,10,21,4,10,10,40,-5.52,3.04,-5.90
1084,10,21,4,10,10,45,-0.41,2.64,-1.24
1085,10,21,4,15,10,25,-4.78,3.03,-10.00
1086,10,21,4,15,10,30,-4.01,2.64,-80.01
1087,10,21,4,15,10,35,-4.01,2.64,-80.01
1088,10,21,4,15,10,40,-7.45,3.85,-3.16
1089,10,21,4,15,10,45,-3.31,2.63,-12.29
1090,10,21,4,20,10,25,-6.21,3.23,-6.87
1091,10,21,4,20,10,30,-5.49,2.86,-14.02
1092,10,21,4,20,10,35,-5.49,2.86,-14.02
1093,10,21,4,20,10,40,-11.98,6.22,-2.18
1094,10,21,4,20,10,45,-5.49,2.86,-14.02
1095,10,21,4,25,10,25,-6.21,3.23,-6.87
1096,10,21,4,25,10,30,-5.49,2.86,-14.02
1097,10,21,4,25,10,35,-5.49,2.86,-14.02
1098,10,21,4,25,10,40,-11.98,6.22,-2.18
1099,10,21,4,25,10,45,-5.49,2.86,-14.02
1100,10,21,4,10,15,25,1.73,1.76,-0.40
1101,10,21,4,10,15,30,2.20,1.61,-0.29
1102,10,21,4,10,15,35,2.20,1.61,-0.29
1103,10,21,4,10,15,40,-1.55,3.04,-2.29
1104,10,21,4,10,15,45,3.83,1.59,-0.02
1105,10,21,4,15,15,25,-0.43,1.75,-1.25
1106,10,21,4,15,15,30,0.07,1.60,-0.97
1107,10,21,4,15,15,35,0.07,1.60,-0.97
1108,10,21,4,15,15,40,-3.60,3.04,-25.02
1109,10,21,4,15,15,45,0.81,1.58,-0.67
1110,10,21,4,20,15,25,-1.94,1.84,-2.01
1111,10,21,4,20,15,30,-1.45,1.84,-1.58
1112,10,21,4,20,15,35,-1.45,1.84,-1.58
1113,10,21,4,20,15,40,-8.27,4.90,-3.38
1114,10,21,4,20,15,45,-1.36,1.80,-1.55
1115,10,21,4,25,15,25,-1.94,1.84,-2.01
1116,10,21,4,25,15,30,-1.45,1.84,-1.58
1117,10,21,4,25,15,35,-1.45,1.84,-1.58
1118,10,21,4,25,15,40,-8.27,4.90,-3.38
1119,10,21,4,25,15,45,-1.36,1.80,-1.55
1120,10,21,4,10,20,25,0.92,1.85,-0.42
1121,10,21,4,10,20,30,2.20,1.61,-0.29
1122,10,21,4,10,20,35,2.20,1.61,-0.29
1123,10,21,4,10,20,40,-1.49,3.04,-2.21
1124,10,21,4,10,20,45,1.93,1.60,-0.35
1125,10,21,4,15,20,25,-1.23,1.87,-1.03
1126,10,21,4,15,20,30,0.07,1.60,-0.97
1127,10,21,4,15,20,35,0.07,1.60,-0.97
1128,10,21,4,15,20,40,-3.54,3.04,-20.52
1129,10,21,4,15,20,45,-0.39,1.95,-1.23
1130,10,21,4,20,20,25,-2.74,2.11,-1.51
1131,10,21,4,20,20,30,-1.45,1.84,-1.58
1132,10,21,4,20,20,35,-1.45,1.84,-1.58
1133,10,21,4,20,20,40,-8.25,4.90,-3.47
1134,10,21,4,20,20,45,-2.27,1.94,-2.47
1135,10,21,4,25,20,25,-2.74,2.11,-1.51
1136,10,21,4,25,20,30,-1.45,1.84,-1.58
1137,10,21,4,25,20,35,-1.45,1.84,-1.58
1138,10,21,4,25,20,40,-8.25,4.90,-3.47
1139,10,21,4,25,20,45,-2.27,1.94,-2.47
1140,10,21,5,10,10,25,-2.76,3.04,-5.93
1141,10,21,5,10,10,30,-2.00,2.66,-3.03
1142,10,21,5,10,10,35,-2.00,2.66,-3.03
1143,10,21,5,10,10,40,-5.52,3.04,-5.90
1144,10,21,5,10,10,45,-0.41,2.64,-1.24
1145,10,21,5,15,10,25,-4.78,3.03,-10.00
1146,10,21,5,15,10,30,-4.01,2.64,-80.01
1147,10,21,5,15,10,35,-4.01,2.64,-80.01
1148,10,21,5,15,10,40,-7.45,3.85,-3.16
1149,10,21,5,15,10,45,-3.31,2.63,-12.29
1150,10,21,5,20,10,25,-6.21,3.23,-6.87
1151,10,21,5,20,10,30,-5.49,2.86,-14.02
1152,10,21,5,20,10,35,-5.49,2.86,-14.02
1153,10,21,5,20,10,40,-11.98,6.22,-2.18
1154,10,21,5,20,10,45,-5.49,2.86,-14.02
1155,10,21,5,25,10,25,-5.57,3.24,-12.67
1156,10,21,5,25,10,30,-4.79,2.85,-439.41
1157,10,21,5,25,10,35,-4.79,2.85,-439.41
1158,10,21,5,25,10,40,-13.26,6.89,-1.98
1159,10,21,5,25,10,45,-4.79,2.85,-439.41
1160,10,21,5,10,15,25,1.73,1.76,-0.40
1161,10,21,5,10,15,30,2.20,1.61,-0.29
1162,10,21,5,10,15,35,2.20,1.61,-0.29
1163,10,21,5,10,15,40,-1.55,3.04,-2.29
1164,10,21,5,10,15,45,3.83,1.59,-0.02
1165,10,21,5,15,15,25,-0.43,1.75,-1.25
1166,10,21,5,15,15,30,0.07,1.60,-0.97
1167,10,21,5,15,15,35,0.07,1.60,-0.97
1168,10,21,5,15,15,40,-3.60,3.04,-25.02
1169,10,21,5,15,15,45,0.81,1.58,-0.67
1170,10,21,5,20,15,25,-1.94,1.84,-2.01
1171,10,21,5,20,15,30,-1.45,1.84,-1.58
1172,10,21,5,20,15,35,-1.45,1.84,-1.58
1173,10,21,5,20,15,40,-8.27,4.90,-3.38
1174,10,21,5,20,15,45,-1.36,1.80,-1.55
1175,10,21,5,25,15,25,-1.23,1.83,-1.43
1176,10,21,5,25,15,30,-0.74,1.83,-1.14
1177,10,21,5,25,15,35,-0.74,1.83,-1.14
1178,10,21,5,25,15,40,-9.62,5.60,-2.73
1179,10,21,5,25,15,45,-0.64,1.80,-1.12
1180,10,21,5,10,20,25,0.92,1.85,-0.42
1181,10,21,5,10,20,30,2.20,1.61,-0.29
1182,10,21,5,10,20,35,2.20,1.61,-0.29
1183,10,21,5,10,20,40,-1.49,3.04,-2.21
1184,10,21,5,10,20,45,1.93,1.60,-0.35
1185,10,21,5,15,20,25,-1.23,1.87,-1.03
1186,10,21,5,15,20,30,0.07,1.60,-0.97
1187,10,21,5,15,20,35,0.07,1.60,-0.97
1188,10,21,5,15,20,40,-3.54,3.04,-20.52
1189,10,21,5,15,20,45,-0.39,1.95,-1.23
1190,10,21,5,20,20,25,-2.74,2.11,-1.51
1191,10,21,5,20,20,30,-1.45,1.84,-1.58
1192,10,21,5,20,20,35,-1.45,1.84,-1.58
1193,10,21,5,20,20,40,-8.25,4.90,-3.47
1194,10,21,5,20,20,45,-2.27,1.94,-2.47
1195,10,21,5,25,20,25,-2.03,2.10,-1.16
1196,10,21,5,25,20,30,-0.74,1.83,-1.14
1197,10,21,5,25,20,35,-0.74,1.83,-1.14
1198,10,21,5,25,20,40,-9.55,5.60,-2.76
1199,10,21,5,25,20,45,-1.61,1.81,-1.75
1200,10,28,2,10,10,25,-4.96,4.13,-459.44
1201,10,28,2,10,10,30,-3.83,3.48,-5.67
1202,10,28,2,10,10,35,-3.83,3.48,-5.67
1203,10,28,2,10,10,40,-7.79,3.94,-4.41
1204,10,28,2,10,10,45,-2.25,3.45,-2.11
1205,10,28,2,15,10,25,-6.96,4.14,-5.54
1206,10,28,2,15,10,30,-5.78,3.46,-14.81
1207,10,28,2,15,10,35,-5.78,3.46,-14.81
1208,10,28,2,15,10,40,-9.67,4.92,-2.95
1209,10,28,2,15,10,45,-5.09,3.44,-327.26
1210,10,28,2,20,10,25,-7.90,4.10,-3.96
1211,10,28,2,20,10,30,-6.81,3.45,-6.40
1212,10,28,2,20,10,35,-6.81,3.45,-6.40
1213,10,28,2,20,10,40,-14.53,7.49,-1.92
1214,10,28,2,20,10,45,-6.81,3.45,-6.40
1215,10,28,2,25,10,25,-7.90,4.10,-3.96
1216,10,28,2,25,10,30,-6.81,3.45,-6.40
1217,10,28,2,25,10,35,-6.81,3.45,-6.40
1218,10,28,2,25,10,40,-14.53,7.49,-1.92
1219,10,28,2,25,10,45,-6.81,3.45,-6.40
1220,10,28,2,10,15,25,-0.64,2.43,-1.03
1221,10,28,2,10,15,30,-3.83,3.48,-5.67
1222,10,28,2,10,15,35,-3.83,3.48,-5.67
1223,10,28,2,10,15,40,-7.67,3.88,-4.02
1224,10,28,2,10,15,45,-2.10,3.36,-2.15
1225,10,28,2,15,15,25,-2.69,2.42,-2.81
1226,10,28,2,15,15,30,-5.78,3.46,-14.81
1227,10,28,2,15,15,35,-5.78,3.46,-14.81
1228,10,28,2,15,15,40,-9.59,4.88,-2.82
1229,10,28,2,15,15,45,-4.93,3.35,-129.76
1230,10,28,2,20,15,25,-3.73,2.43,-5.79
1231,10,28,2,20,15,30,-6.81,3.45,-6.40
1232,10,28,2,20,15,35,-6.81,3.45,-6.40
1233,10,28,2,20,15,40,-14.51,7.48,-1.88
1234,10,28,2,20,15,45,-6.58,3.33,-5.85
1235,10,28,2,25,15,25,-3.73,2.43,-5.79
1236,10,28,2,25,15,30,-6.81,3.45,-6.40
1237,10,28,2,25,15,35,-6.81,3.45,-6.40
1238,10,28,2,25,15,40,-14.51,7.48,-1.88
1239,10,28,2,25,15,45,-6.58,3.33,-5.85
1240,10,28,2,10,20,25,-1.33,2.94,-0.90
1241,10,28,2,10,20,30,-3.83,3.48,-5.67
1242,10,28,2,10,20,35,-3.83,3.48,-5.67
1243,10,28,2,10,20,40,-7.79,3.94,-4.41
1244,10,28,2,10,20,45,-3.91,3.44,-8.33
1245,10,28,2,15,20,25,-3.35,2.92,-1.96
1246,10,28,2,15,20,30,-5.78,3.46,-14.81
1247,10,28,2,15,20,35,-5.78,3.46,-14.81
1248,10,28,2,15,20,40,-9.67,4.92,-2.95
1249,10,28,2,15,20,45,-6.09,3.80,-8.18
1250,10,28,2,20,20,25,-4.39,2.93,-3.10
1251,10,28,2,20,20,30,-6.81,3.45,-6.40
1252,10,28,2,20,20,35,-6.81,3.45,-6.40
1253,10,28,2,20,20,40,-14.53,7.49,-1.92
1254,10,28,2,20,20,45,-7.47,3.78,-4.25
1255,10,28,2,25,20,25,-4.39,2.93,-3.10
1256,10,28,2,25,20,30,-6.81,3.45,-6.40
1257,10,28,2,25,20,35,-6.81,3.45,-6.40
1258,10,28,2,25,20,40,-14.53,7.49,-1.92
1259,10,28,2,25,20,45,-7.47,3.78,-4.25
1260,10,28,3,10,10,25,-4.96,4.13,-459.44
1261,10,28,3,10,10,30,-3.83,3.48,-5.67
1262,10,28,3,10,10,35,-3.83,3.48,-5.67
1263,10,28,3,10,10,40,-7.79,3.94,-4.41
1264,10,28,3,10,10,45,-2.25,3.45,-2.11
1265,10,28,3,15,10,25,-5.23,3.26,-21.96
1266,10,28,3,15,10,30,-4.04,2.57,-8.86
1267,10,28,3,15,10,35,-4.14,2.62,-8.32
1268,10,28,3,15,10,40,-8.09,4.10,-3.96
1269,10,28,3,15,10,45,-3.50,2.64,-4.39
1270,10,28,3,20,10,25,-6.21,3.23,-6.87
1271,10,28,3,20,10,30,-5.07,2.56,-70.90
1272,10,28,3,20,10,35,-5.38,2.72,-107.25
1273,10,28,3,20,10,40,-13.26,6.81,-2.15
1274,10,28,3,20,10,45,-5.38,2.72,-107.25
1275,10,28,3,25,10,25,-6.26,3.25,-7.07
1276,10,28,3,25,10,30,-5.13,2.59,-99.12
1277,10,28,3,25,10,35,-5.38,2.72,-107.25
1278,10,28,3,25,10,40,-13.31,6.84,-2.16
1279,10,28,3,25,10,45,-5.38,2.72,-107.25
1280,10,28,3,10,15,25,-0.64,2.43,-1.03
1281,10,28,3,10,15,30,-3.83,3.48,-5.67
1282,10,28,3,10,15,35,-3.83,3.48,-5.67
1283,10,28,3,10,15,40,-7.67,3.88,-4.02
1284,10,28,3,10,15,45,-2.10,3.36,-2.15
1285,10,28,3,15,15,25,-0.89,1.83,-1.22
1286,10,28,3,15,15,30,-4.04,2.57,-8.86
1287,10,28,3,15,15,35,-4.04,2.57,-8.86
1288,10,28,3,15,15,40,-8.00,4.05,-3.71
1289,10,28,3,15,15,45,-3.27,2.52,-4.58
1290,10,28,3,20,15,25,-1.94,1.84,-2.01
1291,10,28,3,20,15,30,-5.07,2.56,-70.90
1292,10,28,3,20,15,35,-5.13,2.59,-99.12
1293,10,28,3,20,15,40,-13.03,6.69,-2.04
1294,10,28,3,20,15,45,-4.99,2.52,-70.37
1295,10,28,3,25,15,25,-1.94,1.84,-2.01
1296,10,28,3,25,15,30,-5.07,2.56,-70.90
1297,10,28,3,25,15,35,-5.18,2.62,-163.47
1298,10,28,3,25,15,40,-13.03,6.69,-2.04
1299,10,28,3,25,15,45,-4.99,2.52,-67.85
1300,10,28,3,10,20,25,-1.33,2.94,-0.90
1301,10,28,3,10,20,30,-3.83,3.48,-5.67
1302,10,28,3,10,20,35,-3.83,3.48,-5.67
1303,10,28,3,10,20,40,-7.79,3.94,-4.41
1304,10,28,3,10,20,45,-3.91,3.44,-8.33
1305,10,28,3,15,20,25,-1.69,2.10,-1.03
1306,10,28,3,15,20,30,-4.04,2.57,-8.86
1307,10,28,3,15,20,35,-4.04,2.57,-8.86
1308,10,28,3,15,20,40,-7.99,4.04,-3.83
1309,10,28,3,15,20,45,-4.44,2.97,-20.29
1310,10,28,3,20,20,25,-2.74,2.11,-1.51
1311,10,28,3,20,20,30,-5.07,2.56,-70.90
1312,10,28,3,20,20,35,-5.13,2.59,-99.12
1313,10,28,3,20,20,40,-13.06,6.71,-2.08
1314,10,28,3,20,20,45,-5.88,2.96,-9.59
1315,10,28,3,25,20,25,-2.74,2.11,-1.51
1316,10,28,3,25,20,30,-5.07,2.56,-70.90
1317,10,28,3,25,20,35,-5.18,2.62,-163.47
1318,10,28,3,25,20,40,-13.06,6.71,-2.08
1319,10,28,3,25,20,45,-5.88,2.96,-9.59
1320,10,28,4,10,10,25,-3.21,3.26,-4.52
1321,10,28,4,10,10,30,-2.03,2.59,-2.01
1322,10,28,4,10,10,35,-2.03,2.59,-2.01
1323,10,28,4,10,10,40,-6.01,3.55,-8.64
1324,10,28,4,10,10,45,-0.44,2.57,-0.97
1325,10,28,4,15,10,25,-5.23,3.26,-21.96
1326,10,28,4,15,10,30,-4.04,2.57,-8.86
1327,10,28,4,15,10,35,-4.04,2.57,-8.86
1328,10,28,4,15,10,40,-7.99,4.04,-3.83
1329,10,28,4,15,10,45,-3.34,2.56,-4.58
1330,10,28,4,20,10,25,-6.21,3.23,-6.87
1331,10,28,4,20,10,30,-5.07,2.56,-70.90
1332,10,28,4,20,10,35,-5.07,2.56,-70.90
1333,10,28,4,20,10,40,-12.96,6.65,-2.05
1334,10,28,4,20,10,45,-5.07,2.56,-70.90
1335,10,28,4,25,10,25,-6.21,3.23,-6.87
1336,10,28,4,25,10,30,-5.07,2.56,-70.90
1337,10,28,4,25,10,35,-5.07,2.56,-70.90
1338,10,28,4,25,10,40,-12.96,6.65,-2.05
1339,10,28,4,25,10,45,-5.07,2.56,-70.90
1340,10,28,4,10,15,25,1.27,1.81,-0.44
1341,10,28,4,10,15,30,-2.03,2.59,-2.01
1342,10,28,4,10,15,35,-2.03,2.59,-2.01
1343,10,28,4,10,15,40,-6.08,3.55,-8.23
1344,10,28,4,10,15,45,-0.39,2.53,-0.96
1345,10,28,4,15,15,25,-0.89,1.83,-1.22
1346,10,28,4,15,15,30,-4.04,2.57,-8.86
1347,10,28,4,15,15,35,-4.04,2.57,-8.86
1348,10,28,4,15,15,40,-8.00,4.05,-3.71
1349,10,28,4,15,15,45,-3.27,2.52,-4.58
1350,10,28,4,20,15,25,-1.94,1.84,-2.01
1351,10,28,4,20,15,30,-5.07,2.56,-70.90
1352,10,28,4,20,15,35,-5.07,2.56,-70.90
1353,10,28,4,20,15,40,-13.02,6.69,-2.04
1354,10,28,4,20,15,45,-4.98,2.52,-73.08
1355,10,28,4,25,15,25,-1.94,1.84,-2.01
1356,10,28,4,25,15,30,-5.07,2.56,-70.90
1357,10,28,4,25,15,35,-5.07,2.56,-70.90
1358,10,28,4,25,15,40,-13.02,6.69,-2.04
1359,10,28,4,25,15,45,-4.98,2.52,-73.08
1360,10,28,4,10,20,25,0.45,2.07,-0.46
1361,10,28,4,10,20,30,-2.03,2.59,-2.01
1362,10,28,4,10,20,35,-2.03,2.59,-2.01
1363,10,28,4,10,20,40,-6.01,3.55,-8.64
1364,10,28,4,10,20,45,-2.25,2.62,-2.32
1365,10,28,4,15,20,25,-1.69,2.10,-1.03
1366,10,28,4,15,20,30,-4.04,2.57,-8.86
1367,10,28,4,15,20,35,-4.04,2.57,-8.86
1368,10,28,4,15,20,40,-7.99,4.04,-3.83
1369,10,28,4,15,20,45,-4.44,2.97,-20.29
1370,10,28,4,20,20,25,-2.74,2.11,-1.51
1371,10,28,4,20,20,30,-5.07,2.56,-70.90
1372,10,28,4,20,20,35,-5.07,2.56,-70.90
1373,10,28,4,20,20,40,-12.96,6.65,-2.05
1374,10,28,4,20,20,45,-5.88,2.96,-9.70
1375,10,28,4,25,20,25,-2.74,2.11,-1.51
1376,10,28,4,25,20,30,-5.07,2.56,-70.90
1377,10,28,4,25,20,35,-5.07,2.56,-70.90
1378,10,28,4,25,20,40,-12.96,6.65,-2.05
1379,10,28,4,25,20,45,-5.88,2.96,-9.70
1380,10,28,5,10,10,25,-3.21,3.26,-4.52
1381,10,28,5,10,10,30,-2.03,2.59,-2.01
1382,10,28,5,10,10,35,-2.03,2.59,-2.01
1383,10,28,5,10,10,40,-6.01,3.55,-8.64
1384,10,28,5,10,10,45,-0.44,2.57,-0.97
1385,10,28,5,15,10,25,-5.23,3.26,-21.96
1386,10,28,5,15,10,30,-4.04,2.57,-8.86
1387,10,28,5,15,10,35,-4.04,2.57,-8.86
1388,10,28,5,15,10,40,-7.99,4.04,-3.83
1389,10,28,5,15,10,45,-3.34,2.56,-4.58
1390,10,28,5,20,10,25,-6.21,3.23,-6.87
1391,10,28,5,20,10,30,-5.07,2.56,-70.90
1392,10,28,5,20,10,35,-5.07,2.56,-70.90
1393,10,28,5,20,10,40,-12.96,6.65,-2.05
1394,10,28,5,20,10,45,-5.07,2.56,-70.90
1395,10,28,5,25,10,25,-5.57,3.24,-12.67
1396,10,28,5,25,10,30,-4.37,2.56,-14.68
1397,10,28,5,25,10,35,-4.37,2.56,-14.68
1398,10,28,5,25,10,40,-14.28,7.36,-1.91
1399,10,28,5,25,10,45,-4.37,2.56,-14.68
1400,10,28,5,10,15,25,1.27,1.81,-0.44
1401,10,28,5,10,15,30,-2.03,2.59,-2.01
1402,10,28,5,10,15,35,-2.03,2.59,-2.01
1403,10,28,5,10,15,40,-6.08,3.55,-8.23
1404,10,28,5,10,15,45,-0.39,2.53,-0.96
1405,10,28,5,15,15,25,-0.89,1.83,-1.22
1406,10,28,5,15,15,30,-4.04,2.57,-8.86
1407,10,28,5,15,15,35,-4.04,2.57,-8.86
1408,10,28,5,15,15,40,-8.00,4.05,-3.71
1409,10,28,5,15,15,45,-3.27,2.52,-4.58
1410,10,28,5,20,15,25,-1.94,1.84,-2.01
1411,10,28,5,20,15,30,-5.07,2.56,-70.90
1412,10,28,5,20,15,35,-5.07,2.56,-70.90
1413,10,28,5,20,15,40,-13.02,6.69,-2.04
1414,10,28,5,20,15,45,-4.98,2.52,-73.08
1415,10,28,5,25,15,25,-1.23,1.83,-1.43
1416,10,28,5,25,15,30,-4.37,2.56,-14.68
1417,10,28,5,25,15,35,-4.37,2.56,-14.68
1418,10,28,5,25,15,40,-14.34,7.39,-1.90
1419,10,28,5,25,15,45,-4.28,2.51,-14.38
1420,10,28,5,10,20,25,0.45,2.07,-0.46
1421,10,28,5,10,20,30,-2.03,2.59,-2.01
1422,10,28,5,10,20,35,-2.03,2.59,-2.01
1423,10,28,5,10,20,40,-6.01,3.55,-8.64
1424,10,28,5,10,20,45,-2.25,2.62,-2.32
1425,10,28,5,15,20,25,-1.69,2.10,-1.03
1426,10,28,5,15,20,30,-4.04,2.57,-8.86
1427,10,28,5,15,20,35,-4.04,2.57,-8.86
1428,10,28,5,15,20,40,-7.99,4.04,-3.83
1429,10,28,5,15,20,45,-4.44,2.97,-20.29
1430,10,28,5,20,20,25,-2.74,2.11,-1.51
1431,10,28,5,20,20,30,-5.07,2.56,-70.90
1432,10,28,5,20,20,35,-5.07,2.56,-70.90
1433,10,28,5,20,20,40,-12.96,6.65,-2.05
1434,10,28,5,20,20,45,-5.88,2.96,-9.70
1435,10,28,5,25,20,25,-2.03,2.10,-1.16
1436,10,28,5,25,20,30,-4.37,2.56,-14.68
1437,10,28,5,25,20,35,-4.37,2.56,-14.68
1438,10,28,5,25,20,40,-14.28,7.36,-1.91
1439,10,28,5,25,20,45,-5.22,2.69,-25.21
1440,15,14,2,10,10,25,-2.13,2.69,-1.38
1441,15,14,2,10,10,30,-2.93,2.67,-1.97
1442,15,14,2,10,10,35,-2.97,2.67,-2.00
1443,15,14,2,10,10,40,-2.96,2.67,-1.99
1444,15,14,2,10,10,45,-1.92,3.07,-1.27
1445,15,14,2,15,10,25,-0.03,2.13,-1.24
1446,15,14,2,15,10,30,-0.73,2.43,-1.87
1447,15,14,2,15,10,35,-0.66,2.39,-1.78
1448,15,14,2,15,10,40,-0.66,2.39,-1.78
1449,15,14,2,15,10,45,-0.27,2.60,-1.42
1450,15,14,2,20,10,25,-2.22,3.70,-10.06
1451,15,14,2,20,10,30,-3.02,4.05,-39.26
1452,15,14,2,20,10,35,-3.02,4.05,-39.26
1453,15,14,2,20,10,40,-2.31,3.33,-11.96
1454,15,14,2,20,10,45,-2.81,2.69,-185.83
1455,15,14,2,25,10,25,-8.70,6.23,-3.20
1456,15,14,2,25,10,30,-9.33,6.55,-2.84
1457,15,14,2,25,10,35,-9.33,6.55,-2.84
1458,15,14,2,25,10,40,-7.84,4.94,-3.80
1459,15,14,2,25,10,45,-6.22,3.58,-6.80
1460,15,14,2,10,15,25,1.10,2.71,-0.41
1461,15,14,2,10,15,30,1.08,2.71,-0.41
1462,15,14,2,10,15,35,1.06,2.71,-0.42
1463,15,14,2,10,15,40,1.52,2.73,-0.33
1464,15,14,2,10,15,45,-0.96,2.69,-1.01
1465,15,14,2,15,15,25,0.54,1.68,-0.66
1466,15,14,2,15,15,30,0.54,1.68,-0.66
1467,15,14,2,15,15,35,0.54,1.68,-0.66
1468,15,14,2,15,15,40,1.04,1.67,-0.52
1469,15,14,2,15,15,45,-1.51,1.69,-1.74
1470,15,14,2,20,15,25,-1.57,2.83,-4.29
1471,15,14,2,20,15,30,-1.57,2.83,-4.29
1472,15,14,2,20,15,35,-1.57,2.83,-4.29
1473,15,14,2,20,15,40,-1.08,2.82,-2.83
1474,15,14,2,20,15,45,-3.67,3.01,-9.01
1475,15,14,2,25,15,25,-6.66,4.74,-5.49
1476,15,14,2,25,15,30,-6.66,4.74,-5.49
1477,15,14,2,25,15,35,-6.66,4.74,-5.49
1478,15,14,2,25,15,40,-5.50,3.98,-12.27
1479,15,14,2,25,15,45,-8.58,4.43,-3.19
1480,15,14,2,10,20,25,0.55,2.82,-0.45
1481,15,14,2,10,20,30,1.44,2.27,-0.41
1482,15,14,2,10,20,35,1.81,2.27,-0.33
1483,15,14,2,10,20,40,2.52,2.28,-0.20
1484,15,14,2,10,20,45,-1.02,2.27,-1.29
1485,15,14,2,15,20,25,0.97,1.65,-0.45
1486,15,14,2,15,20,30,1.65,1.47,-0.44
1487,15,14,2,15,20,35,1.99,1.46,-0.36
1488,15,14,2,15,20,40,2.47,1.47,-0.25
1489,15,14,2,15,20,45,-1.15,1.91,-2.07
1490,15,14,2,20,20,25,-3.61,3.35,-5.11
1491,15,14,2,20,20,30,-2.72,3.47,-64.66
1492,15,14,2,20,20,35,-2.72,3.47,-64.66
1493,15,14,2,20,20,40,-4.09,4.45,-6.40
1494,15,14,2,20,20,45,-5.14,4.11,-3.94
1495,15,14,2,25,20,25,-7.01,4.92,-153.16
1496,15,14,2,25,20,30,-7.52,5.18,-4.12
1497,15,14,2,25,20,35,-7.52,5.18,-4.12
1498,15,14,2,25,20,40,-6.30,4.39,-6.51
1499,15,14,2,25,20,45,-10.23,5.30,-2.50
1500,15,14,3,10,10,25,-2.13,2.69,-1.38
1501,15,14,3,10,10,30,-2.93,2.67,-1.97
1502,15,14,3,10,10,35,-2.97,2.67,-2.00
1503,15,14,3,10,10,40,-2.96,2.67,-1.99
1504,15,14,3,10,10,45,-1.92,3.07,-1.27
1505,15,14,3,15,10,25,-0.03,2.13,-1.24
1506,15,14,3,15,10,30,-0.73,2.43,-1.87
1507,15,14,3,15,10,35,-0.66,2.39,-1.78
1508,15,14,3,15,10,40,-0.66,2.39,-1.78
1509,15,14,3,15,10,45,-0.27,2.60,-1.42
1510,15,14,3,20,10,25,-2.22,3.70,-10.06
1511,15,14,3,20,10,30,-3.02,4.05,-39.26
1512,15,14,3,20,10,35,-3.02,4.05,-39.26
1513,15,14,3,20,10,40,-2.31,3.33,-11.96
1514,15,14,3,20,10,45,-2.81,2.69,-185.83
1515,15,14,3,25,10,25,-8.70,6.23,-3.20
1516,15,14,3,25,10,30,-9.33,6.55,-2.84
1517,15,14,3,25,10,35,-9.33,6.55,-2.84
1518,15,14,3,25,10,40,-7.84,4.94,-3.80
1519,15,14,3,25,10,45,-6.22,3.58,-6.80
1520,15,14,3,10,15,25,1.10,2.71,-0.41
1521,15,14,3,10,15,30,1.08,2.71,-0.41
1522,15,14,3,10,15,35,1.06,2.71,-0.42
1523,15,14,3,10,15,40,1.52,2.73,-0.33
1524,15,14,3,10,15,45,-0.96,2.69,-1.01
1525,15,14,3,15,15,25,0.54,1.68,-0.66
1526,15,14,3,15,15,30,0.54,1.68,-0.66
1527,15,14,3,15,15,35,0.54,1.68,-0.66
1528,15,14,3,15,15,40,1.04,1.67,-0.52
1529,15,14,3,15,15,45,-1.51,1.69,-1.74
1530,15,14,3,20,15,25,-1.57,2.83,-4.29
1531,15,14,3,20,15,30,-1.57,2.83,-4.29
1532,15,14,3,20,15,35,-1.57,2.83,-4.29
1533,15,14,3,20,15,40,-1.08,2.82,-2.83
1534,15,14,3,20,15,45,-3.67,3.01,-9.01
1535,15,14,3,25,15,25,-6.66,4.74,-5.49
1536,15,14,3,25,15,30,-6.66,4.74,-5.49
1537,15,14,3,25,15,35,-6.66,4.74,-5.49
1538,15,14,3,25,15,40,-5.50,3.98,-12.27
1539,15,14,3,25,15,45,-8.58,4.43,-3.19
1540,15,14,3,10,20,25,0.55,2.82,-0.45
1541,15,14,3,10,20,30,1.44,2.27,-0.41
1542,15,14,3,10,20,35,1.81,2.27,-0.33
1543,15,14,3,10,20,40,2.52,2.28,-0.20
1544,15,14,3,10,20,45,-1.02,2.27,-1.29
1545,15,14,3,15,20,25,0.97,1.65,-0.45
1546,15,14,3,15,20,30,1.65,1.47,-0.44
1547,15,14,3,15,20,35,1.99,1.46,-0.36
1548,15,14,3,15,20,40,2.47,1.47,-0.25
1549,15,14,3,15,20,45,-1.15,1.91,-2.07
1550,15,14,3,20,20,25,-3.61,3.35,-5.11
1551,15,14,3,20,20,30,-2.72,3.47,-64.66
1552,15,14,3,20,20,35,-2.72,3.47,-64.66
1553,15,14,3,20,20,40,-4.09,4.45,-6.40
1554,15,14,3,20,20,45,-5.14,4.11,-3.94
1555,15,14,3,25,20,25,-7.01,4.92,-153.16
1556,15,14,3,25,20,30,-7.52,5.18,-4.12
1557,15,14,3,25,20,35,-7.52,5.18,-4.12
1558,15,14,3,25,20,40,-6.30,4.39,-6.51
1559,15,14,3,25,20,45,-10.23,5.30,-2.50
1560,15,14,4,10,10,25,-0.41,2.15,-0.71
1561,15,14,4,10,10,30,-1.28,2.16,-1.00
1562,15,14,4,10,10,35,-1.31,2.16,-1.01
1563,15,14,4,10,10,40,-1.31,2.16,-1.00
1564,15,14,4,10,10,45,-0.20,2.60,-0.66
1565,15,14,4,15,10,25,-0.03,2.13,-1.24
1566,15,14,4,15,10,30,-0.73,2.43,-1.87
1567,15,14,4,15,10,35,-0.66,2.39,-1.78
1568,15,14,4,15,10,40,-0.66,2.39,-1.78
1569,15,14,4,15,10,45,-0.27,2.60,-1.42
1570,15,14,4,20,10,25,-2.22,3.70,-10.06
1571,15,14,4,20,10,30,-3.02,4.05,-39.26
1572,15,14,4,20,10,35,-3.02,4.05,-39.26
1573,15,14,4,20,10,40,-2.31,3.33,-11.96
1574,15,14,4,20,10,45,-2.81,2.69,-185.83
1575,15,14,4,25,10,25,-8.70,6.23,-3.20
1576,15,14,4,25,10,30,-9.33,6.55,-2.84
1577,15,14,4,25,10,35,-9.33,6.55,-2.84
1578,15,14,4,25,10,40,-7.84,4.94,-3.80
1579,15,14,4,25,10,45,-6.22,3.58,-6.80
1580,15,14,4,10,15,25,2.85,2.01,-0.13
1581,15,14,4,10,15,30,2.83,2.01,-0.13
1582,15,14,4,10,15,35,2.81,2.01,-0.13
1583,15,14,4,10,15,40,3.25,2.01,-0.08
1584,15,14,4,10,15,45,0.79,1.99,-0.48
1585,15,14,4,15,15,25,0.54,1.68,-0.66
1586,15,14,4,15,15,30,0.54,1.68,-0.66
1587,15,14,4,15,15,35,0.54,1.68,-0.66
1588,15,14,4,15,15,40,1.04,1.67,-0.52
1589,15,14,4,15,15,45,-1.51,1.69,-1.74
1590,15,14,4,20,15,25,-1.57,2.83,-4.29
1591,15,14,4,20,15,30,-1.57,2.83,-4.29
1592,15,14,4,20,15,35,-1.57,2.83,-4.29
1593,15,14,4,20,15,40,-1.08,2.82,-2.83
1594,15,14,4,20,15,45,-3.67,3.01,-9.01
1595,15,14,4,25,15,25,-6.66,4.74,-5.49
1596,15,14,4,25,15,30,-6.66,4.74,-5.49
1597,15,14,4,25,15,35,-6.66,4.74,-5.49
1598,15,14,4,25,15,40,-5.50,3.98,-12.27
1599,15,14,4,25,15,45,-8.58,4.43,-3.19
1600,15,14,4,10,20,25,2.27,1.99,-0.18
1601,15,14,4,10,20,30,3.13,1.63,-0.11
1602,15,14,4,10,20,35,3.53,1.62,-0.05
1603,15,14,4,10,20,40,4.28,1.62,0.03
1604,15,14,4,10,20,45,0.70,1.62,-0.59
1605,15,14,4,15,20,25,0.97,1.65,-0.45
1606,15,14,4,15,20,30,1.65,1.47,-0.44
1607,15,14,4,15,20,35,1.99,1.46,-0.36
1608,15,14,4,15,20,40,2.47,1.47,-0.25
1609,15,14,4,15,20,45,-1.15,1.91,-2.07
1610,15,14,4,20,20,25,-3.61,3.35,-5.11
1611,15,14,4,20,20,30,-2.72,3.47,-64.66
1612,15,14,4,20,20,35,-2.72,3.47,-64.66
1613,15,14,4,20,20,40,-4.09,4.45,-6.40
1614,15,14,4,20,20,45,-5.14,4.11,-3.94
1615,15,14,4,25,20,25,-7.01,4.92,-153.16
1616,15,14,4,25,20,30,-7.52,5.18,-4.12
1617,15,14,4,25,20,35,-7.52,5.18,-4.12
1618,15,14,4,25,20,40,-6.30,4.39,-6.51
1619,15,14,4,25,20,45,-10.23,5.30,-2.50
1620,15,14,5,10,10,25,-0.41,2.15,-0.71
1621,15,14,5,10,10,30,-1.28,2.16,-1.00
1622,15,14,5,10,10,35,-1.31,2.16,-1.01
1623,15,14,5,10,10,40,-1.31,2.16,-1.00
1624,15,14,5,10,10,45,-0.20,2.60,-0.66
1625,15,14,5,15,10,25,-0.03,2.13,-1.24
1626,15,14,5,15,10,30,-0.73,2.43,-1.87
1627,15,14,5,15,10,35,-0.66,2.39,-1.78
1628,15,14,5,15,10,40,-0.66,2.39,-1.78
1629,15,14,5,15,10,45,-0.27,2.60,-1.42
1630,15,14,5,20,10,25,-2.22,3.70,-10.06
1631,15,14,5,20,10,30,-3.02,4.05,-39.26
1632,15,14,5,20,10,35,-3.02,4.05,-39.26
1633,15,14,5,20,10,40,-2.31,3.33,-11.96
1634,15,14,5,20,10,45,-2.81,2.69,-185.83
1635,15,14,5,25,10,25,-8.70,6.23,-3.20
1636,15,14,5,25,10,30,-9.33,6.55,-2.84
1637,15,14,5,25,10,35,-9.33,6.55,-2.84
1638,15,14,5,25,10,40,-7.84,4.94,-3.80
1639,15,14,5,25,10,45,-6.22,3.58,-6.80
1640,15,14,5,10,15,25,2.85,2.01,-0.13
1641,15,14,5,10,15,30,2.83,2.01,-0.13
1642,15,14,5,10,15,35,2.81,2.01,-0.13
1643,15,14,5,10,15,40,3.25,2.01,-0.08
1644,15,14,5,10,15,45,0.79,1.99,-0.48
1645,15,14,5,15,15,25,0.54,1.68,-0.66
1646,15,14,5,15,15,30,0.54,1.68,-0.66
1647,15,14,5,15,15,35,0.54,1.68,-0.66
1648,15,14,5,15,15,40,1.04,1.67,-0.52
1649,15,14,5,15,15,45,-1.51,1.69,-1.74
1650,15,14,5,20,15,25,-1.57,2.83,-4.29
1651,15,14,5,20,15,30,-1.57,2.83,-4.29
1652,15,14,5,20,15,35,-1.57,2.83,-4.29
1653,15,14,5,20,15,40,-1.08,2.82,-2.83
1654,15,14,5,20,15,45,-3.67,3.01,-9.01
1655,15,14,5,25,15,25,-6.66,4.74,-5.49
1656,15,14,5,25,15,30,-6.66,4.74,-5.49
1657,15,14,5,25,15,35,-6.66,4.74,-5.49
1658,15,14,5,25,15,40,-5.50,3.98,-12.27
1659,15,14,5,25,15,45,-8.58,4.43,-3.19
1660,15,14,5,10,20,25,2.27,1.99,-0.18
1661,15,14,5,10,20,30,3.13,1.63,-0.11
1662,15,14,5,10,20,35,3.53,1.62,-0.05
1663,15,14,5,10,20,40,4.28,1.62,0.03
1664,15,14,5,10,20,45,0.70,1.62,-0.59
1665,15,14,5,15,20,25,0.97,1.65,-0.45
1666,15,14,5,15,20,30,1.65,1.47,-0.44
1667,15,14,5,15,20,35,1.99,1.46,-0.36
1668,15,14,5,15,20,40,2.47,1.47,-0.25
1669,15,14,5,15,20,45,-1.15,1.91,-2.07
1670,15,14,5,20,20,25,-3.61,3.35,-5.11
1671,15,14,5,20,20,30,-2.72,3.47,-64.66
1672,15,14,5,20,20,35,-2.72,3.47,-64.66
1673,15,14,5,20,20,40,-4.09,4.45,-6.40
1674,15,14,5,20,20,45,-5.14,4.11,-3.94
1675,15,14,5,25,20,25,-7.01,4.92,-153.16
1676,15,14,5,25,20,30,-7.52,5.18,-4.12
1677,15,14,5,25,20,35,-7.52,5.18,-4.12
1678,15,14,5,25,20,40,-6.30,4.39,-6.51
1679,15,14,5,25,20,45,-10.23,5.30,-2.50
1680,15,21,2,10,10,25,-4.43,3.87,-16.04
1681,15,21,2,10,10,30,-3.68,3.49,-33.13
1682,15,21,2,10,10,35,-3.68,3.49,-33.13
1683,15,21,2,10,10,40,-7.31,3.78,-3.25
1684,15,21,2,10,10,45,-2.14,3.46,-3.48
1685,15,21,2,15,10,25,-4.08,3.02,-45.62
1686,15,21,2,15,10,30,-3.30,2.63,-12.09
1687,15,21,2,15,10,35,-3.30,2.63,-12.09
1688,15,21,2,15,10,40,-6.13,3.25,-4.41
1689,15,21,2,15,10,45,-2.23,2.62,-3.74
1690,15,21,2,20,10,25,-6.21,3.23,-6.87
1691,15,21,2,20,10,30,-5.49,2.86,-14.02
1692,15,21,2,20,10,35,-5.49,2.86,-14.02
1693,15,21,2,20,10,40,-12.58,6.53,-2.09
1694,15,21,2,20,10,45,-5.49,2.86,-14.02
1695,15,21,2,25,10,25,-5.57,3.24,-12.67
1696,15,21,2,25,10,30,-4.79,2.85,-439.41
1697,15,21,2,25,10,35,-4.79,2.85,-439.41
1698,15,21,2,25,10,40,-13.84,7.20,-1.92
1699,15,21,2,25,10,45,-4.79,2.85,-439.41
1700,15,21,2,10,15,25,-3.18,3.24,-9.90
1701,15,21,2,10,15,30,-3.18,3.24,-9.90
1702,15,21,2,10,15,35,-3.18,3.24,-9.90
1703,15,21,2,10,15,40,-6.93,3.58,-3.53
1704,15,21,2,10,15,45,-3.10,2.39,-8.79
1705,15,21,2,15,15,25,-2.81,2.39,-6.26
1706,15,21,2,15,15,30,-2.81,2.39,-6.26
1707,15,21,2,15,15,35,-2.81,2.39,-6.26
1708,15,21,2,15,15,40,-5.73,3.25,-5.13
1709,15,21,2,15,15,45,-2.65,2.17,-5.30
1710,15,21,2,20,15,25,-5.01,2.62,-45.68
1711,15,21,2,20,15,30,-5.01,2.62,-45.68
1712,15,21,2,20,15,35,-5.01,2.62,-45.68
1713,15,21,2,20,15,40,-12.15,6.30,-2.13
1714,15,21,2,20,15,45,-5.47,3.59,-12.68
1715,15,21,2,25,15,25,-4.31,2.61,-16.57
1716,15,21,2,25,15,30,-4.31,2.61,-16.57
1717,15,21,2,25,15,35,-4.31,2.61,-16.57
1718,15,21,2,25,15,40,-13.47,7.01,-1.96
1719,15,21,2,25,15,45,-6.85,4.29,-4.90
1720,15,21,2,10,20,25,-4.87,4.26,-6.69
1721,15,21,2,10,20,30,-3.18,3.24,-9.90
1722,15,21,2,10,20,35,-3.18,3.24,-9.90
1723,15,21,2,10,20,40,-6.88,3.56,-3.58
1724,15,21,2,10,20,45,-3.98,2.77,-107.62
1725,15,21,2,15,20,25,-4.48,3.39,-5.01
1726,15,21,2,15,20,30,-2.81,2.39,-6.26
1727,15,21,2,15,20,35,-2.81,2.39,-6.26
1728,15,21,2,15,20,40,-5.70,3.25,-5.41
1729,15,21,2,15,20,45,-3.72,2.64,-41.90
1730,15,21,2,20,20,25,-6.65,3.63,-25.61
1731,15,21,2,20,20,30,-5.01,2.62,-45.68
1732,15,21,2,20,20,35,-5.01,2.62,-45.68
1733,15,21,2,20,20,40,-12.13,6.30,-2.15
1734,15,21,2,20,20,45,-6.14,3.87,-6.72
1735,15,21,2,25,20,25,-5.96,3.61,-8.98
1736,15,21,2,25,20,30,-4.31,2.61,-16.57
1737,15,21,2,25,20,35,-4.31,2.61,-16.57
1738,15,21,2,25,20,40,-13.41,6.97,-1.97
1739,15,21,2,25,20,45,-7.53,4.58,-3.98
1740,15,21,3,10,10,25,-4.43,3.87,-16.04
1741,15,21,3,10,10,30,-3.68,3.49,-33.13
1742,15,21,3,10,10,35,-3.68,3.49,-33.13
1743,15,21,3,10,10,40,-7.31,3.78,-3.25
1744,15,21,3,10,10,45,-2.14,3.46,-3.48
1745,15,21,3,15,10,25,-4.08,3.02,-45.62
1746,15,21,3,15,10,30,-3.30,2.63,-12.09
1747,15,21,3,15,10,35,-3.30,2.63,-12.09
1748,15,21,3,15,10,40,-6.13,3.25,-4.41
1749,15,21,3,15,10,45,-2.23,2.62,-3.74
1750,15,21,3,20,10,25,-6.21,3.23,-6.87
1751,15,21,3,20,10,30,-5.49,2.86,-14.02
1752,15,21,3,20,10,35,-5.49,2.86,-14.02
1753,15,21,3,20,10,40,-12.58,6.53,-2.09
1754,15,21,3,20,10,45,-5.49,2.86,-14.02
1755,15,21,3,25,10,25,-5.57,3.24,-12.67
1756,15,21,3,25,10,30,-4.79,2.85,-439.41
1757,15,21,3,25,10,35,-4.79,2.85,-439.41
1758,15,21,3,25,10,40,-13.84,7.20,-1.92
1759,15,21,3,25,10,45,-4.79,2.85,-439.41
1760,15,21,3,10,15,25,-3.18,3.24,-9.90
1761,15,21,3,10,15,30,-3.18,3.24,-9.90
1762,15,21,3,10,15,35,-3.18,3.24,-9.90
1763,15,21,3,10,15,40,-6.93,3.58,-3.53
1764,15,21,3,10,15,45,-3.10,2.39,-8.79
1765,15,21,3,15,15,25,-2.81,2.39,-6.26
1766,15,21,3,15,15,30,-2.81,2.39,-6.26
1767,15,21,3,15,15,35,-2.81,2.39,-6.26
1768,15,21,3,15,15,40,-5.73,3.25,-5.13
1769,15,21,3,15,15,45,-2.65,2.17,-5.30
1770,15,21,3,20,15,25,-5.01,2.62,-45.68
1771,15,21,3,20,15,30,-5.01,2.62,-45.68
1772,15,21,3,20,15,35,-5.01,2.62,-45.68
1773,15,21,3,20,15,40,-12.15,6.30,-2.13
1774,15,21,3,20,15,45,-5.47,3.59,-12.68
1775,15,21,3,25,15,25,-4.31,2.61,-16.57
1776,15,21,3,25,15,30,-4.31,2.61,-16.57
1777,15,21,3,25,15,35,-4.31,2.61,-16.57
1778,15,21,3,25,15,40,-13.47,7.01,-1.96
1779,15,21,3,25,15,45,-6.85,4.29,-4.90
1780,15,21,3,10,20,25,-4.87,4.26,-6.69
1781,15,21,3,10,20,30,-3.18,3.24,-9.90
1782,15,21,3,10,20,35,-3.18,3.24,-9.90
1783,15,21,3,10,20,40,-6.88,3.56,-3.58
1784,15,21,3,10,20,45,-3.98,2.77,-107.62
1785,15,21,3,15,20,25,-4.48,3.39,-5.01
1786,15,21,3,15,20,30,-2.81,2.39,-6.26
1787,15,21,3,15,20,35,-2.81,2.39,-6.26
1788,15,21,3,15,20,40,-5.70,3.25,-5.41
1789,15,21,3,15,20,45,-3.72,2.64,-41.90
1790,15,21,3,20,20,25,-6.65,3.63,-25.61
1791,15,21,3,20,20,30,-5.01,2.62,-45.68
1792,15,21,3,20,20,35,-5.01,2.62,-45.68
1793,15,21,3,20,20,40,-12.13,6.30,-2.15
1794,15,21,3,20,20,45,-6.14,3.87,-6.72
1795,15,21,3,25,20,25,-5.96,3.61,-8.98
1796,15,21,3,25,20,30,-4.31,2.61,-16.57
1797,15,21,3,25,20,35,-4.31,2.61,-16.57
1798,15,21,3,25,20,40,-13.41,6.97,-1.97
1799,15,21,3,25,20,45,-7.53,4.58,-3.98
1800,15,21,4,10,10,25,-2.76,3.04,-5.93
1801,15,21,4,10,10,30,-2.00,2.66,-3.03
1802,15,21,4,10,10,35,-2.00,2.66,-3.03
1803,15,21,4,10,10,40,-5.73,3.25,-5.33
1804,15,21,4,10,10,45,-0.46,2.64,-1.27
1805,15,21,4,15,10,25,-4.08,3.02,-45.62
1806,15,21,4,15,10,30,-3.30,2.63,-12.09
1807,15,21,4,15,10,35,-3.30,2.63,-12.09
1808,15,21,4,15,10,40,-6.13,3.25,-4.41
1809,15,21,4,15,10,45,-2.23,2.62,-3.74
1810,15,21,4,20,10,25,-6.21,3.23,-6.87
1811,15,21,4,20,10,30,-5.49,2.86,-14.02
1812,15,21,4,20,10,35,-5.49,2.86,-14.02
1813,15,21,4,20,10,40,-12.58,6.53,-2.09
1814,15,21,4,20,10,45,-5.49,2.86,-14.02
1815,15,21,4,25,10,25,-5.57,3.24,-12.67
1816,15,21,4,25,10,30,-4.79,2.85,-439.41
1817,15,21,4,25,10,35,-4.79,2.85,-439.41
1818,15,21,4,25,10,40,-13.84,7.20,-1.92
1819,15,21,4,25,10,45,-4.79,2.85,-439.41
1820,15,21,4,10,15,25,-1.51,2.42,-2.23
1821,15,21,4,10,15,30,-1.51,2.42,-2.23
1822,15,21,4,10,15,35,-1.51,2.42,-2.23
1823,15,21,4,10,15,40,-5.32,3.25,-6.59
1824,15,21,4,10,15,45,-1.43,1.60,-2.14
1825,15,21,4,15,15,25,-2.81,2.39,-6.26
1826,15,21,4,15,15,30,-2.81,2.39,-6.26
1827,15,21,4,15,15,35,-2.81,2.39,-6.26
1828,15,21,4,15,15,40,-5.73,3.25,-5.13
1829,15,21,4,15,15,45,-2.65,2.17,-5.30
1830,15,21,4,20,15,25,-5.01,2.62,-45.68
1831,15,21,4,20,15,30,-5.01,2.62,-45.68
1832,15,21,4,20,15,35,-5.01,2.62,-45.68
1833,15,21,4,20,15,40,-12.15,6.30,-2.13
1834,15,21,4,20,15,45,-5.47,3.59,-12.68
1835,15,21,4,25,15,25,-4.31,2.61,-16.57
1836,15,21,4,25,15,30,-4.31,2.61,-16.57
1837,15,21,4,25,15,35,-4.31,2.61,-16.57
1838,15,21,4,25,15,40,-13.47,7.01,-1.96
1839,15,21,4,25,15,45,-6.85,4.29,-4.90
1840,15,21,4,10,20,25,-3.15,3.40,-2.37
1841,15,21,4,10,20,30,-1.51,2.42,-2.23
1842,15,21,4,10,20,35,-1.51,2.42,-2.23
1843,15,21,4,10,20,40,-5.25,3.25,-6.86
1844,15,21,4,10,20,45,-2.31,1.94,-3.97
1845,15,21,4,15,20,25,-4.48,3.39,-5.01
1846,15,21,4,15,20,30,-2.81,2.39,-6.26
1847,15,21,4,15,20,35,-2.81,2.39,-6.26
1848,15,21,4,15,20,40,-5.70,3.25,-5.41
1849,15,21,4,15,20,45,-3.72,2.64,-41.90
1850,15,21,4,20,20,25,-6.65,3.63,-25.61
1851,15,21,4,20,20,30,-5.01,2.62,-45.68
1852,15,21,4,20,20,35,-5.01,2.62,-45.68
1853,15,21,4,20,20,40,-12.13,6.30,-2.15
1854,15,21,4,20,20,45,-6.14,3.87,-6.72
1855,15,21,4,25,20,25,-5.96,3.61,-8.98
1856,15,21,4,25,20,30,-4.31,2.61,-16.57
1857,15,21,4,25,20,35,-4.31,2.61,-16.57
1858,15,21,4,25,20,40,-13.41,6.97,-1.97
1859,15,21,4,25,20,45,-7.53,4.58,-3.98
1860,15,21,5,10,10,25,-2.76,3.04,-5.93
1861,15,21,5,10,10,30,-2.00,2.66,-3.03
1862,15,21,5,10,10,35,-2.00,2.66,-3.03
1863,15,21,5,10,10,40,-5.73,3.25,-5.33
1864,15,21,5,10,10,45,-0.46,2.64,-1.27
1865,15,21,5,15,10,25,-4.08,3.02,-45.62
1866,15,21,5,15,10,30,-3.30,2.63,-12.09
1867,15,21,5,15,10,35,-3.30,2.63,-12.09
1868,15,21,5,15,10,40,-6.13,3.25,-4.41
1869,15,21,5,15,10,45,-2.23,2.62,-3.74
1870,15,21,5,20,10,25,-6.21,3.23,-6.87
1871,15,21,5,20,10,30,-5.49,2.86,-14.02
1872,15,21,5,20,10,35,-5.49,2.86,-14.02
1873,15,21,5,20,10,40,-12.58,6.53,-2.09
1874,15,21,5,20,10,45,-5.49,2.86,-14.02
1875,15,21,5,25,10,25,-5.57,3.24,-12.67
1876,15,21,5,25,10,30,-4.79,2.85,-439.41
1877,15,21,5,25,10,35,-4.79,2.85,-439.41
1878,15,21,5,25,10,40,-13.84,7.20,-1.92
1879,15,21,5,25,10,45,-4.79,2.85,-439.41
1880,15,21,5,10,15,25,-1.51,2.42,-2.23
1881,15,21,5,10,15,30,-1.51,2.42,-2.23
1882,15,21,5,10,15,35,-1.51,2.42,-2.23
1883,15,21,5,10,15,40,-5.32,3.25,-6.59
1884,15,21,5,10,15,45,-1.43,1.60,-2.14
1885,15,21,5,15,15,25,-2.81,2.39,-6.26
1886,15,21,5,15,15,30,-2.81,2.39,-6.26
1887,15,21,5,15,15,35,-2.81,2.39,-6.26
1888,15,21,5,15,15,40,-5.73,3.25,-5.13
1889,15,21,5,15,15,45,-2.65,2.17,-5.30
1890,15,21,5,20,15,25,-5.01,2.62,-45.68
1891,15,21,5,20,15,30,-5.01,2.62,-45.68
1892,15,21,5,20,15,35,-5.01,2.62,-45.68
1893,15,21,5,20,15,40,-12.15,6.30,-2.13
1894,15,21,5,20,15,45,-5.47,3.59,-12.68
1895,15,21,5,25,15,25,-4.31,2.61,-16.57
1896,15,21,5,25,15,30,-4.31,2.61,-16.57
1897,15,21,5,25,15,35,-4.31,2.61,-16.57
1898,15,21,5,25,15,40,-13.47,7.01,-1.96
1899,15,21,5,25,15,45,-6.85,4.29,-4.90
1900,15,21,5,10,20,25,-3.15,3.40,-2.37
1901,15,21,5,10,20,30,-1.51,2.42,-2.23
1902,15,21,5,10,20,35,-1.51,2.42,-2.23
1903,15,21,5,10,20,40,-5.25,3.25,-6.86
1904,15,21,5,10,20,45,-2.31,1.94,-3.97
1905,15,21,5,15,20,25,-4.48,3.39,-5.01
1906,15,21,5,15,20,30,-2.81,2.39,-6.26
1907,15,21,5,15,20,35,-2.81,2.39,-6.26
1908,15,21,5,15,20,40,-5.70,3.25,-5.41
1909,15,21,5,15,20,45,-3.72,2.64,-41.90
1910,15,21,5,20,20,25,-6.65,3.63,-25.61
1911,15,21,5,20,20,30,-5.01,2.62,-45.68
1912,15,21,5,20,20,35,-5.01,2.62,-45.68
1913,15,21,5,20,20,40,-12.13,6.30,-2.15
1914,15,21,5,20,20,45,-6.14,3.87,-6.72
1915,15,21,5,25,20,25,-5.96,3.61,-8.98
1916,15,21,5,25,20,30,-4.31,2.61,-16.57
1917,15,21,5,25,20,35,-4.31,2.61,-16.57
1918,15,21,5,25,20,40,-13.41,6.97,-1.97
1919,15,21,5,25,20,45,-7.53,4.58,-3.98
1920,15,28,2,10,10,25,-4.32,4.16,-11.09
1921,15,28,2,10,10,30,-3.10,3.47,-3.36
1922,15,28,2,10,10,35,-3.10,3.47,-3.36
1923,15,28,2,10,10,40,-6.23,3.76,-9.16
1924,15,28,2,10,10,45,-1.30,3.44,-1.35
1925,15,28,2,15,10,25,-4.53,3.25,-30.54
1926,15,28,2,15,10,30,-3.33,2.56,-4.55
1927,15,28,2,15,10,35,-3.33,2.56,-4.55
1928,15,28,2,15,10,40,-6.43,3.76,-6.61
1929,15,28,2,15,10,45,-2.27,2.55,-2.34
1930,15,28,2,20,10,25,-6.21,3.23,-6.87
1931,15,28,2,20,10,30,-5.07,2.56,-70.90
1932,15,28,2,20,10,35,-5.07,2.56,-70.90
1933,15,28,2,20,10,40,-13.55,6.97,-1.98
1934,15,28,2,20,10,45,-5.07,2.56,-70.90
1935,15,28,2,25,10,25,-5.57,3.24,-12.67
1936,15,28,2,25,10,30,-4.37,2.56,-14.68
1937,15,28,2,25,10,35,-4.37,2.56,-14.68
1938,15,28,2,25,10,40,-14.84,7.66,-1.86
1939,15,28,2,25,10,45,-4.37,2.56,-14.68
1940,15,28,2,10,15,25,-3.03,3.52,-3.44
1941,15,28,2,10,15,30,-3.10,3.47,-3.36
1942,15,28,2,10,15,35,-3.10,3.47,-3.36
1943,15,28,2,10,15,40,-6.16,3.76,-7.78
1944,15,28,2,10,15,45,-2.12,2.48,-2.16
1945,15,28,2,15,15,25,-3.26,2.61,-4.71
1946,15,28,2,15,15,30,-3.33,2.56,-4.55
1947,15,28,2,15,15,35,-3.33,2.56,-4.55
1948,15,28,2,15,15,40,-6.50,3.76,-6.39
1949,15,28,2,15,15,45,-2.47,2.40,-2.61
1950,15,28,2,20,15,25,-5.01,2.62,-45.68
1951,15,28,2,20,15,30,-5.07,2.56,-70.90
1952,15,28,2,20,15,35,-5.07,2.56,-70.90
1953,15,28,2,20,15,40,-13.61,7.00,-1.97
1954,15,28,2,20,15,45,-6.93,4.64,-5.06
1955,15,28,2,25,15,25,-4.31,2.61,-16.57
1956,15,28,2,25,15,30,-4.37,2.56,-14.68
1957,15,28,2,25,15,35,-4.37,2.56,-14.68
1958,15,28,2,25,15,40,-14.85,7.66,-1.84
1959,15,28,2,25,15,45,-8.32,5.35,-3.47
1960,15,28,2,10,20,25,-4.60,4.46,-3.43
1961,15,28,2,10,20,30,-3.10,3.47,-3.36
1962,15,28,2,10,20,35,-3.10,3.47,-3.36
1963,15,28,2,10,20,40,-6.23,3.76,-9.16
1964,15,28,2,10,20,45,-3.05,2.63,-3.91
1965,15,28,2,15,20,25,-4.93,3.62,-4.16
1966,15,28,2,15,20,30,-3.33,2.56,-4.55
1967,15,28,2,15,20,35,-3.33,2.56,-4.55
1968,15,28,2,15,20,40,-6.43,3.76,-6.61
1969,15,28,2,15,20,45,-3.50,2.85,-5.51
1970,15,28,2,20,20,25,-6.65,3.63,-25.61
1971,15,28,2,20,20,30,-5.07,2.56,-70.90
1972,15,28,2,20,20,35,-5.07,2.56,-70.90
1973,15,28,2,20,20,40,-13.55,6.97,-1.98
1974,15,28,2,20,20,45,-7.65,4.95,-4.05
1975,15,28,2,25,20,25,-5.96,3.61,-8.98
1976,15,28,2,25,20,30,-4.37,2.56,-14.68
1977,15,28,2,25,20,35,-4.37,2.56,-14.68
1978,15,28,2,25,20,40,-14.84,7.66,-1.86
1979,15,28,2,25,20,45,-9.02,5.65,-3.07
1980,15,28,3,10,10,25,-4.32,4.16,-11.09
1981,15,28,3,10,10,30,-3.10,3.47,-3.36
1982,15,28,3,10,10,35,-3.10,3.47,-3.36
1983,15,28,3,10,10,40,-6.23,3.76,-9.16
1984,15,28,3,10,10,45,-1.30,3.44,-1.35
1985,15,28,3,15,10,25,-4.53,3.25,-30.54
1986,15,28,3,15,10,30,-3.33,2.56,-4.55
1987,15,28,3,15,10,35,-3.33,2.56,-4.55
1988,15,28,3,15,10,40,-6.43,3.76,-6.61
1989,15,28,3,15,10,45,-2.27,2.55,-2.34
1990,15,28,3,20,10,25,-6.21,3.23,-6.87
1991,15,28,3,20,10,30,-5.07,2.56,-70.90
1992,15,28,3,20,10,35,-5.07,2.56,-70.90
1993,15,28,3,20,10,40,-13.55,6.97,-1.98
1994,15,28,3,20,10,45,-5.07,2.56,-70.90
1995,15,28,3,25,10,25,-5.57,3.24,-12.67
1996,15,28,3,25,10,30,-4.37,2.56,-14.68
1997,15,28,3,25,10,35,-4.37,2.56,-14.68
1998,15,28,3,25,10,40,-14.84,7.66,-1.86
1999,15,28,3,25,10,45,-4.37,2.56,-14.68
2000,15,28,3,10,15,25,-3.03,3.52,-3.44
2001,15,28,3,10,15,30,-3.10,3.47,-3.36
2002,15,28,3,10,15,35,-3.10,3.47,-3.36
2003,15,28,3,10,15,40,-6.16,3.76,-7.78
2004,15,28,3,10,15,45,-2.12,2.48,-2.16
2005,15,28,3,15,15,25,-3.26,2.61,-4.71
2006,15,28,3,15,15,30,-3.33,2.56,-4.55
2007,15,28,3,15,15,35,-3.33,2.56,-4.55
2008,15,28,3,15,15,40,-6.50,3.76,-6.39
2009,15,28,3,15,15,45,-2.47,2.40,-2.61
2010,15,28,3,20,15,25,-5.01,2.62,-45.68
2011,15,28,3,20,15,30,-5.07,2.56,-70.90
2012,15,28,3,20,15,35,-5.07,2.56,-70.90
2013,15,28,3,20,15,40,-13.61,7.00,-1.97
2014,15,28,3,20,15,45,-6.93,4.64,-5.06
2015,15,28,3,25,15,25,-4.31,2.61,-16.57
2016,15,28,3,25,15,30,-4.37,2.56,-14.68
2017,15,28,3,25,15,35,-4.37,2.56,-14.68
2018,15,28,3,25,15,40,-14.85,7.66,-1.84
2019,15,28,3,25,15,45,-8.32,5.35,-3.47
2020,15,28,3,10,20,25,-4.60,4.46,-3.43
2021,15,28,3,10,20,30,-3.10,3.47,-3.36
2022,15,28,3,10,20,35,-3.10,3.47,-3.36
2023,15,28,3,10,20,40,-6.23,3.76,-9.16
2024,15,28,3,10,20,45,-3.05,2.63,-3.91
2025,15,28,3,15,20,25,-4.93,3.62,-4.16
2026,15,28,3,15,20,30,-3.33,2.56,-4.55
2027,15,28,3,15,20,35,-3.33,2.56,-4.55
2028,15,28,3,15,20,40,-6.43,3.76,-6.61
2029,15,28,3,15,20,45,-3.50,2.85,-5.51
2030,15,28,3,20,20,25,-6.65,3.63,-25.61
2031,15,28,3,20,20,30,-5.07,2.56,-70.90
2032,15,28,3,20,20,35,-5.07,2.56,-70.90
2033,15,28,3,20,20,40,-13.55,6.97,-1.98
2034,15,28,3,20,20,45,-7.65,4.95,-4.05
2035,15,28,3,25,20,25,-5.96,3.61,-8.98
2036,15,28,3,25,20,30,-4.37,2.56,-14.68
2037,15,28,3,25,20,35,-4.37,2.56,-14.68
2038,15,28,3,25,20,40,-14.84,7.66,-1.86
2039,15,28,3,25,20,45,-9.02,5.65,-3.07
2040,15,28,4,10,10,25,-2.48,3.25,-2.78
2041,15,28,4,10,10,30,-1.30,2.59,-1.42
2042,15,28,4,10,10,35,-1.30,2.59,-1.42
2043,15,28,4,10,10,40,-4.50,3.76,-18.95
2044,15,28,4,10,10,45,0.52,2.56,-0.63
2045,15,28,4,15,10,25,-4.53,3.25,-30.54
2046,15,28,4,15,10,30,-3.33,2.56,-4.55
2047,15,28,4,15,10,35,-3.33,2.56,-4.55
2048,15,28,4,15,10,40,-6.43,3.76,-6.61
2049,15,28,4,15,10,45,-2.27,2.55,-2.34
2050,15,28,4,20,10,25,-6.21,3.23,-6.87
2051,15,28,4,20,10,30,-5.07,2.56,-70.90
2052,15,28,4,20,10,35,-5.07,2.56,-70.90
2053,15,28,4,20,10,40,-13.55,6.97,-1.98
2054,15,28,4,20,10,45,-5.07,2.56,-70.90
2055,15,28,4,25,10,25,-5.57,3.24,-12.67
2056,15,28,4,25,10,30,-4.37,2.56,-14.68
2057,15,28,4,25,10,35,-4.37,2.56,-14.68
2058,15,28,4,25,10,40,-14.84,7.66,-1.86
2059,15,28,4,25,10,45,-4.37,2.56,-14.68
2060,15,28,4,10,15,25,-1.23,2.64,-1.43
2061,15,28,4,10,15,30,-1.30,2.59,-1.42
2062,15,28,4,10,15,35,-1.30,2.59,-1.42
2063,15,28,4,10,15,40,-4.52,3.76,-24.95
2064,15,28,4,10,15,45,-0.40,1.74,-0.97
2065,15,28,4,15,15,25,-3.26,2.61,-4.71
2066,15,28,4,15,15,30,-3.33,2.56,-4.55
2067,15,28,4,15,15,35,-3.33,2.56,-4.55
2068,15,28,4,15,15,40,-6.50,3.76,-6.39
2069,15,28,4,15,15,45,-2.47,2.40,-2.61
2070,15,28,4,20,15,25,-5.01,2.62,-45.68
2071,15,28,4,20,15,30,-5.07,2.56,-70.90
2072,15,28,4,20,15,35,-5.07,2.56,-70.90
2073,15,28,4,20,15,40,-13.61,7.00,-1.97
2074,15,28,4,20,15,45,-6.93,4.64,-5.06
2075,15,28,4,25,15,25,-4.31,2.61,-16.57
2076,15,28,4,25,15,30,-4.37,2.56,-14.68
2077,15,28,4,25,15,35,-4.37,2.56,-14.68
2078,15,28,4,25,15,40,-14.85,7.66,-1.84
2079,15,28,4,25,15,45,-8.32,5.35,-3.47
2080,15,28,4,10,20,25,-2.95,3.65,-1.63
2081,15,28,4,10,20,30,-1.30,2.59,-1.42
2082,15,28,4,10,20,35,-1.30,2.59,-1.42
2083,15,28,4,10,20,40,-4.50,3.76,-18.95
2084,15,28,4,10,20,45,-1.40,1.81,-1.52
2085,15,28,4,15,20,25,-4.93,3.62,-4.16
2086,15,28,4,15,20,30,-3.33,2.56,-4.55
2087,15,28,4,15,20,35,-3.33,2.56,-4.55
2088,15,28,4,15,20,40,-6.43,3.76,-6.61
2089,15,28,4,15,20,45,-3.50,2.85,-5.51
2090,15,28,4,20,20,25,-6.65,3.63,-25.61
2091,15,28,4,20,20,30,-5.07,2.56,-70.90
2092,15,28,4,20,20,35,-5.07,2.56,-70.90
2093,15,28,4,20,20,40,-13.55,6.97,-1.98
2094,15,28,4,20,20,45,-7.65,4.95,-4.05
2095,15,28,4,25,20,25,-5.96,3.61,-8.98
2096,15,28,4,25,20,30,-4.37,2.56,-14.68
2097,15,28,4,25,20,35,-4.37,2.56,-14.68
2098,15,28,4,25,20,40,-14.84,7.66,-1.86
2099,15,28,4,25,20,45,-9.02,5.65,-3.07
2100,15,28,5,10,10,25,-2.48,3.25,-2.78
2101,15,28,5,10,10,30,-1.30,2.59,-1.42
2102,15,28,5,10,10,35,-1.30,2.59,-1.42
2103,15,28,5,10,10,40,-4.50,3.76,-18.95
2104,15,28,5,10,10,45,0.52,2.56,-0.63
2105,15,28,5,15,10,25,-4.53,3.25,-30.54
2106,15,28,5,15,10,30,-3.33,2.56,-4.55
2107,15,28,5,15,10,35,-3.33,2.56,-4.55
2108,15,28,5,15,10,40,-6.43,3.76,-6.61
2109,15,28,5,15,10,45,-2.27,2.55,-2.34
2110,15,28,5,20,10,25,-6.21,3.23,-6.87
2111,15,28,5,20,10,30,-5.07,2.56,-70.90
2112,15,28,5,20,10,35,-5.07,2.56,-70.90
2113,15,28,5,20,10,40,-13.55,6.97,-1.98
2114,15,28,5,20,10,45,-5.07,2.56,-70.90
2115,15,28,5,25,10,25,-5.57,3.24,-12.67
2116,15,28,5,25,10,30,-4.37,2.56,-14.68
2117,15,28,5,25,10,35,-4.37,2.56,-14.68
2118,15,28,5,25,10,40,-14.84,7.66,-1.86
2119,15,28,5,25,10,45,-4.37,2.56,-14.68
2120,15,28,5,10,15,25,-1.23,2.64,-1.43
2121,15,28,5,10,15,30,-1.30,2.59,-1.42
2122,15,28,5,10,15,35,-1.30,2.59,-1.42
2123,15,28,5,10,15,40,-4.52,3.76,-24.95
2124,15,28,5,10,15,45,-0.40,1.74,-0.97
2125,15,28,5,15,15,25,-3.26,2.61,-4.71
2126,15,28,5,15,15,30,-3.33,2.56,-4.55
2127,15,28,5,15,15,35,-3.33,2.56,-4.55
2128,15,28,5,15,15,40,-6.50,3.76,-6.39
2129,15,28,5,15,15,45,-2.47,2.40,-2.61
2130,15,28,5,20,15,25,-5.01,2.62,-45.68
2131,15,28,5,20,15,30,-5.07,2.56,-70.90
2132,15,28,5,20,15,35,-5.07,2.56,-70.90
2133,15,28,5,20,15,40,-13.61,7.00,-1.97
2134,15,28,5,20,15,45,-6.93,4.64,-5.06
2135,15,28,5,25,15,25,-4.31,2.61,-16.57
2136,15,28,5,25,15,30,-4.37,2.56,-14.68
2137,15,28,5,25,15,35,-4.37,2.56,-14.68
2138,15,28,5,25,15,40,-14.85,7.66,-1.84
2139,15,28,5,25,15,45,-8.32,5.35,-3.47
2140,15,28,5,10,20,25,-2.95,3.65,-1.63
2141,15,28,5,10,20,30,-1.30,2.59,-1.42
2142,15,28,5,10,20,35,-1.30,2.59,-1.42
2143,15,28,5,10,20,40,-4.50,3.76,-18.95
2144,15,28,5,10,20,45,-1.40,1.81,-1.52
2145,15,28,5,15,20,25,-4.93,3.62,-4.16
2146,15,28,5,15,20,30,-3.33,2.56,-4.55
2147,15,28,5,15,20,35,-3.33,2.56,-4.55
2148,15,28,5,15,20,40,-6.43,3.76,-6.61
2149,15,28,5,15,20,45,-3.50,2.85,-5.51
2150,15,28,5,20,20,25,-6.65,3.63,-25.61
2151,15,28,5,20,20,30,-5.07,2.56,-70.90
2152,15,28,5,20,20,35,-5.07,2.56,-70.90
2153,15,28,5,20,20,40,-13.55,6.97,-1.98
2154,15,28,5,20,20,45,-7.65,4.95,-4.05
2155,15,28,5,25,20,25,-5.96,3.61,-8.98
2156,15,28,5,25,20,30,-4.37,2.56,-14.68
2157,15,28,5,25,20,35,-4.37,2.56,-14.68
2158,15,28,5,25,20,40,-14.84,7.66,-1.86
2159,15,28,5,25,20,45,-9.02,5.65,-3.07
