,vol_window,vol_roc_period,price_lookback,macd_fast,macd_slow,macd_sig,return,dd,sharpe
0,20,7,7,7,21,7,-30.01,22.91,-3.27
1,20,7,7,7,21,9,-30.01,22.91,-3.27
2,20,7,7,7,21,11,-30.01,22.91,-3.27
3,20,7,7,7,21,13,-28.76,22.75,-3.65
4,20,7,7,7,26,7,-29.85,22.95,-3.33
5,20,7,7,7,26,9,-43.94,25.82,-1.87
6,20,7,7,7,26,11,-43.94,25.82,-1.87
7,20,7,7,7,26,13,-43.94,25.82,-1.87
8,20,7,7,7,31,7,-43.94,25.82,-1.87
9,20,7,7,7,31,9,-28.76,22.75,-3.65
10,20,7,7,7,31,11,-30.53,22.99,-3.15
11,20,7,7,7,31,13,-30.23,23.17,-3.23
12,20,7,7,7,36,7,-29.55,23.07,-3.40
13,20,7,7,7,36,9,-29.95,22.92,-3.31
14,20,7,7,7,36,11,-34.13,23.73,-2.57
15,20,7,7,7,36,13,-25.52,21.11,-0.64
16,20,7,7,10,21,7,-30.01,22.91,-3.27
17,20,7,7,10,21,9,-30.01,22.91,-3.27
18,20,7,7,10,21,11,-30.01,22.91,-3.27
19,20,7,7,10,21,13,-28.76,22.75,-3.65
20,20,7,7,10,26,7,-29.85,22.95,-3.33
21,20,7,7,10,26,9,-28.76,22.75,-3.65
22,20,7,7,10,26,11,-28.76,22.75,-3.65
23,20,7,7,10,26,13,-28.76,22.75,-3.65
24,20,7,7,10,31,7,-43.94,25.82,-1.87
25,20,7,7,10,31,9,-28.76,22.75,-3.65
26,20,7,7,10,31,11,-30.53,22.99,-3.15
27,20,7,7,10,31,13,-30.23,23.17,-3.23
28,20,7,7,10,36,7,-29.55,23.07,-3.40
29,20,7,7,10,36,9,-29.95,22.92,-3.31
30,20,7,7,10,36,11,-34.13,23.73,-2.57
31,20,7,7,10,36,13,-28.24,21.09,-0.66
32,20,7,7,13,21,7,-30.01,22.91,-3.27
33,20,7,7,13,21,9,-30.01,22.91,-3.27
34,20,7,7,13,21,11,-30.01,22.91,-3.27
35,20,7,7,13,21,13,-28.76,22.75,-3.65
36,20,7,7,13,26,7,-29.85,22.95,-3.33
37,20,7,7,13,26,9,-28.76,22.75,-3.65
38,20,7,7,13,26,11,-28.76,22.75,-3.65
39,20,7,7,13,26,13,-28.76,22.75,-3.65
40,20,7,7,13,31,7,-31.17,22.70,-0.68
41,20,7,7,13,31,9,-28.76,22.75,-3.65
42,20,7,7,13,31,11,-30.53,22.99,-3.15
43,20,7,7,13,31,13,-30.23,23.17,-3.23
44,20,7,7,13,36,7,-29.55,23.07,-3.40
45,20,7,7,13,36,9,-29.95,22.92,-3.31
46,20,7,7,13,36,11,-34.13,23.73,-2.57
47,20,7,7,13,36,13,-27.27,21.01,-0.65
48,20,7,9,7,21,7,-42.12,29.90,-1.96
49,20,7,9,7,21,9,-32.54,28.95,-0.68
50,20,7,9,7,21,11,-4.51,17.15,-0.30
51,20,7,9,7,21,13,-3.91,17.30,-0.28
52,20,7,9,7,26,7,-32.34,28.98,-0.68
53,20,7,9,7,26,9,-11.37,14.17,-0.44
54,20,7,9,7,26,11,-11.37,14.17,-0.44
55,20,7,9,7,26,13,-11.37,14.17,-0.44
56,20,7,9,7,31,7,-37.38,26.40,-0.71
57,20,7,9,7,31,9,-3.91,17.30,-0.28
58,20,7,9,7,31,11,-3.91,17.30,-0.28
59,20,7,9,7,31,13,-4.81,17.40,-0.31
60,20,7,9,7,36,7,-32.09,29.10,-0.68
61,20,7,9,7,36,9,-4.40,17.14,-0.29
62,20,7,9,7,36,11,-10.11,18.01,-0.42
63,20,7,9,7,36,13,-4.18,12.41,-0.29
64,20,7,9,10,21,7,-4.51,17.15,-0.30
65,20,7,9,10,21,9,-4.51,17.15,-0.30
66,20,7,9,10,21,11,-4.51,17.15,-0.30
67,20,7,9,10,21,13,-3.91,17.30,-0.28
68,20,7,9,10,26,7,-4.28,17.17,-0.29
69,20,7,9,10,26,9,-3.91,17.30,-0.28
70,20,7,9,10,26,11,-3.91,17.30,-0.28
71,20,7,9,10,26,13,-3.91,17.30,-0.28
72,20,7,9,10,31,7,-11.37,14.17,-0.44
73,20,7,9,10,31,9,-3.91,17.30,-0.28
74,20,7,9,10,31,11,-3.91,17.30,-0.28
75,20,7,9,10,31,13,-4.81,17.40,-0.31
76,20,7,9,10,36,7,-3.91,17.30,-0.28
77,20,7,9,10,36,9,-4.40,17.14,-0.29
78,20,7,9,10,36,11,-10.11,18.01,-0.42
79,20,7,9,10,36,13,-7.67,12.39,-0.37
80,20,7,9,13,21,7,-4.51,17.15,-0.30
81,20,7,9,13,21,9,-4.51,17.15,-0.30
82,20,7,9,13,21,11,-4.51,17.15,-0.30
83,20,7,9,13,21,13,-3.91,17.30,-0.28
84,20,7,9,13,26,7,-4.28,17.17,-0.29
85,20,7,9,13,26,9,-3.91,17.30,-0.28
86,20,7,9,13,26,11,-3.91,17.30,-0.28
87,20,7,9,13,26,13,-3.91,17.30,-0.28
88,20,7,9,13,31,7,-11.37,14.17,-0.44
89,20,7,9,13,31,9,-3.91,17.30,-0.28
90,20,7,9,13,31,11,-3.91,17.30,-0.28
91,20,7,9,13,31,13,-4.81,17.40,-0.31
92,20,7,9,13,36,7,-3.91,17.30,-0.28
93,20,7,9,13,36,9,-4.40,17.14,-0.29
94,20,7,9,13,36,11,-10.11,18.01,-0.42
95,20,7,9,13,36,13,-6.39,12.31,-0.34
96,20,7,11,7,21,7,-42.33,30.03,-1.95
97,20,7,11,7,21,9,-33.46,29.45,-0.69
98,20,7,11,7,21,11,-33.46,29.45,-0.69
99,20,7,11,7,21,13,-33.37,29.44,-0.69
100,20,7,11,7,26,7,-33.27,29.46,-0.69
101,20,7,11,7,26,9,-34.66,24.83,-0.70
102,20,7,11,7,26,11,-34.66,24.83,-0.70
103,20,7,11,7,26,13,-34.66,24.83,-0.70
104,20,7,11,7,31,7,-34.66,24.83,-0.70
105,20,7,11,7,31,9,-33.37,29.44,-0.69
106,20,7,11,7,31,11,-33.37,29.44,-0.69
107,20,7,11,7,31,13,-33.37,29.44,-0.69
108,20,7,11,7,36,7,-33.37,29.44,-0.69
109,20,7,11,7,36,9,-33.37,29.44,-0.69
110,20,7,11,7,36,11,-37.33,30.15,-0.71
111,20,7,11,7,36,13,-36.50,30.21,-0.71
112,20,7,11,10,21,7,-33.46,29.45,-0.69
113,20,7,11,10,21,9,-33.46,29.45,-0.69
114,20,7,11,10,21,11,-33.46,29.45,-0.69
115,20,7,11,10,21,13,-33.37,29.44,-0.69
116,20,7,11,10,26,7,-33.27,29.46,-0.69
117,20,7,11,10,26,9,-33.37,29.44,-0.69
118,20,7,11,10,26,11,-33.37,29.44,-0.69
119,20,7,11,10,26,13,-33.37,29.44,-0.69
120,20,7,11,10,31,7,-34.66,24.83,-0.70
121,20,7,11,10,31,9,-33.37,29.44,-0.69
122,20,7,11,10,31,11,-33.37,29.44,-0.69
123,20,7,11,10,31,13,-33.37,29.44,-0.69
124,20,7,11,10,36,7,-33.37,29.44,-0.69
125,20,7,11,10,36,9,-33.37,29.44,-0.69
126,20,7,11,10,36,11,-37.33,30.15,-0.71
127,20,7,11,10,36,13,-36.50,30.21,-0.71
128,20,7,11,13,21,7,-33.46,29.45,-0.69
129,20,7,11,13,21,9,-33.46,29.45,-0.69
130,20,7,11,13,21,11,-33.46,29.45,-0.69
131,20,7,11,13,21,13,-33.37,29.44,-0.69
132,20,7,11,13,26,7,-33.27,29.46,-0.69
133,20,7,11,13,26,9,-33.37,29.44,-0.69
134,20,7,11,13,26,11,-33.37,29.44,-0.69
135,20,7,11,13,26,13,-33.37,29.44,-0.69
136,20,7,11,13,31,7,-34.66,24.83,-0.70
137,20,7,11,13,31,9,-33.37,29.44,-0.69
138,20,7,11,13,31,11,-33.37,29.44,-0.69
139,20,7,11,13,31,13,-33.37,29.44,-0.69
140,20,7,11,13,36,7,-33.37,29.44,-0.69
141,20,7,11,13,36,9,-33.37,29.44,-0.69
142,20,7,11,13,36,11,-37.33,30.15,-0.71
143,20,7,11,13,36,13,-36.50,30.21,-0.71
144,20,9,7,7,21,7,-30.01,22.91,-3.27
145,20,9,7,7,21,9,-30.01,22.91,-3.27
146,20,9,7,7,21,11,-30.01,22.91,-3.27
147,20,9,7,7,21,13,-28.76,22.75,-3.65
148,20,9,7,7,26,7,-29.85,22.95,-3.33
149,20,9,7,7,26,9,-43.94,25.82,-1.87
150,20,9,7,7,26,11,-43.94,25.82,-1.87
151,20,9,7,7,26,13,-43.94,25.82,-1.87
152,20,9,7,7,31,7,-43.94,25.82,-1.87
153,20,9,7,7,31,9,-28.76,22.75,-3.65
154,20,9,7,7,31,11,-30.53,22.99,-3.15
155,20,9,7,7,31,13,-30.23,23.17,-3.23
156,20,9,7,7,36,7,-29.55,23.07,-3.40
157,20,9,7,7,36,9,-29.95,22.92,-3.31
158,20,9,7,7,36,11,-34.13,23.73,-2.57
159,20,9,7,7,36,13,-25.52,21.11,-0.64
160,20,9,7,10,21,7,-30.01,22.91,-3.27
161,20,9,7,10,21,9,-30.01,22.91,-3.27
162,20,9,7,10,21,11,-30.01,22.91,-3.27
163,20,9,7,10,21,13,-28.76,22.75,-3.65
164,20,9,7,10,26,7,-29.85,22.95,-3.33
165,20,9,7,10,26,9,-28.76,22.75,-3.65
166,20,9,7,10,26,11,-28.76,22.75,-3.65
167,20,9,7,10,26,13,-28.76,22.75,-3.65
168,20,9,7,10,31,7,-43.94,25.82,-1.87
169,20,9,7,10,31,9,-28.76,22.75,-3.65
170,20,9,7,10,31,11,-30.53,22.99,-3.15
171,20,9,7,10,31,13,-30.23,23.17,-3.23
172,20,9,7,10,36,7,-29.55,23.07,-3.40
173,20,9,7,10,36,9,-29.95,22.92,-3.31
174,20,9,7,10,36,11,-34.13,23.73,-2.57
175,20,9,7,10,36,13,-28.24,21.09,-0.66
176,20,9,7,13,21,7,-30.01,22.91,-3.27
177,20,9,7,13,21,9,-30.01,22.91,-3.27
178,20,9,7,13,21,11,-30.01,22.91,-3.27
179,20,9,7,13,21,13,-28.76,22.75,-3.65
180,20,9,7,13,26,7,-29.85,22.95,-3.33
181,20,9,7,13,26,9,-28.76,22.75,-3.65
182,20,9,7,13,26,11,-28.76,22.75,-3.65
183,20,9,7,13,26,13,-28.76,22.75,-3.65
184,20,9,7,13,31,7,-31.17,22.70,-0.68
185,20,9,7,13,31,9,-28.76,22.75,-3.65
186,20,9,7,13,31,11,-30.53,22.99,-3.15
187,20,9,7,13,31,13,-30.23,23.17,-3.23
188,20,9,7,13,36,7,-29.55,23.07,-3.40
189,20,9,7,13,36,9,-29.95,22.92,-3.31
190,20,9,7,13,36,11,-34.13,23.73,-2.57
191,20,9,7,13,36,13,-27.27,21.01,-0.65
192,20,9,9,7,21,7,-42.12,29.90,-1.96
193,20,9,9,7,21,9,-32.54,28.95,-0.68
194,20,9,9,7,21,11,-4.51,17.15,-0.30
195,20,9,9,7,21,13,-3.91,17.30,-0.28
196,20,9,9,7,26,7,-32.34,28.98,-0.68
197,20,9,9,7,26,9,-11.37,14.17,-0.44
198,20,9,9,7,26,11,-11.37,14.17,-0.44
199,20,9,9,7,26,13,-11.37,14.17,-0.44
200,20,9,9,7,31,7,-37.38,26.40,-0.71
201,20,9,9,7,31,9,-3.91,17.30,-0.28
202,20,9,9,7,31,11,-3.91,17.30,-0.28
203,20,9,9,7,31,13,-4.81,17.40,-0.31
204,20,9,9,7,36,7,-32.09,29.10,-0.68
205,20,9,9,7,36,9,-4.40,17.14,-0.29
206,20,9,9,7,36,11,-10.11,18.01,-0.42
207,20,9,9,7,36,13,-4.18,12.41,-0.29
208,20,9,9,10,21,7,-4.51,17.15,-0.30
209,20,9,9,10,21,9,-4.51,17.15,-0.30
210,20,9,9,10,21,11,-4.51,17.15,-0.30
211,20,9,9,10,21,13,-3.91,17.30,-0.28
212,20,9,9,10,26,7,-4.28,17.17,-0.29
213,20,9,9,10,26,9,-3.91,17.30,-0.28
214,20,9,9,10,26,11,-3.91,17.30,-0.28
215,20,9,9,10,26,13,-3.91,17.30,-0.28
216,20,9,9,10,31,7,-11.37,14.17,-0.44
217,20,9,9,10,31,9,-3.91,17.30,-0.28
218,20,9,9,10,31,11,-3.91,17.30,-0.28
219,20,9,9,10,31,13,-4.81,17.40,-0.31
220,20,9,9,10,36,7,-3.91,17.30,-0.28
221,20,9,9,10,36,9,-4.40,17.14,-0.29
222,20,9,9,10,36,11,-10.11,18.01,-0.42
223,20,9,9,10,36,13,-7.67,12.39,-0.37
224,20,9,9,13,21,7,-4.51,17.15,-0.30
225,20,9,9,13,21,9,-4.51,17.15,-0.30
226,20,9,9,13,21,11,-4.51,17.15,-0.30
227,20,9,9,13,21,13,-3.91,17.30,-0.28
228,20,9,9,13,26,7,-4.28,17.17,-0.29
229,20,9,9,13,26,9,-3.91,17.30,-0.28
230,20,9,9,13,26,11,-3.91,17.30,-0.28
231,20,9,9,13,26,13,-3.91,17.30,-0.28
232,20,9,9,13,31,7,-11.37,14.17,-0.44
233,20,9,9,13,31,9,-3.91,17.30,-0.28
234,20,9,9,13,31,11,-3.91,17.30,-0.28
235,20,9,9,13,31,13,-4.81,17.40,-0.31
236,20,9,9,13,36,7,-3.91,17.30,-0.28
237,20,9,9,13,36,9,-4.40,17.14,-0.29
238,20,9,9,13,36,11,-10.11,18.01,-0.42
239,20,9,9,13,36,13,-6.39,12.31,-0.34
240,20,9,11,7,21,7,-42.33,30.03,-1.95
241,20,9,11,7,21,9,-33.46,29.45,-0.69
242,20,9,11,7,21,11,-33.46,29.45,-0.69
243,20,9,11,7,21,13,-33.37,29.44,-0.69
244,20,9,11,7,26,7,-33.27,29.46,-0.69
245,20,9,11,7,26,9,-34.66,24.83,-0.70
246,20,9,11,7,26,11,-34.66,24.83,-0.70
247,20,9,11,7,26,13,-34.66,24.83,-0.70
248,20,9,11,7,31,7,-34.66,24.83,-0.70
249,20,9,11,7,31,9,-33.37,29.44,-0.69
250,20,9,11,7,31,11,-33.37,29.44,-0.69
251,20,9,11,7,31,13,-33.37,29.44,-0.69
252,20,9,11,7,36,7,-33.37,29.44,-0.69
253,20,9,11,7,36,9,-33.37,29.44,-0.69
254,20,9,11,7,36,11,-37.33,30.15,-0.71
255,20,9,11,7,36,13,-36.50,30.21,-0.71
256,20,9,11,10,21,7,-33.46,29.45,-0.69
257,20,9,11,10,21,9,-33.46,29.45,-0.69
258,20,9,11,10,21,11,-33.46,29.45,-0.69
259,20,9,11,10,21,13,-33.37,29.44,-0.69
260,20,9,11,10,26,7,-33.27,29.46,-0.69
261,20,9,11,10,26,9,-33.37,29.44,-0.69
262,20,9,11,10,26,11,-33.37,29.44,-0.69
263,20,9,11,10,26,13,-33.37,29.44,-0.69
264,20,9,11,10,31,7,-34.66,24.83,-0.70
265,20,9,11,10,31,9,-33.37,29.44,-0.69
266,20,9,11,10,31,11,-33.37,29.44,-0.69
267,20,9,11,10,31,13,-33.37,29.44,-0.69
268,20,9,11,10,36,7,-33.37,29.44,-0.69
269,20,9,11,10,36,9,-33.37,29.44,-0.69
270,20,9,11,10,36,11,-37.33,30.15,-0.71
271,20,9,11,10,36,13,-36.50,30.21,-0.71
272,20,9,11,13,21,7,-33.46,29.45,-0.69
273,20,9,11,13,21,9,-33.46,29.45,-0.69
274,20,9,11,13,21,11,-33.46,29.45,-0.69
275,20,9,11,13,21,13,-33.37,29.44,-0.69
276,20,9,11,13,26,7,-33.27,29.46,-0.69
277,20,9,11,13,26,9,-33.37,29.44,-0.69
278,20,9,11,13,26,11,-33.37,29.44,-0.69
279,20,9,11,13,26,13,-33.37,29.44,-0.69
280,20,9,11,13,31,7,-34.66,24.83,-0.70
281,20,9,11,13,31,9,-33.37,29.44,-0.69
282,20,9,11,13,31,11,-33.37,29.44,-0.69
283,20,9,11,13,31,13,-33.37,29.44,-0.69
284,20,9,11,13,36,7,-33.37,29.44,-0.69
285,20,9,11,13,36,9,-33.37,29.44,-0.69
286,20,9,11,13,36,11,-37.33,30.15,-0.71
287,20,9,11,13,36,13,-36.50,30.21,-0.71
288,20,11,7,7,21,7,-29.85,22.95,-3.33
289,20,11,7,7,21,9,-29.85,22.95,-3.33
290,20,11,7,7,21,11,-29.85,22.95,-3.33
291,20,11,7,7,21,13,-28.76,22.75,-3.65
292,20,11,7,7,26,7,-29.85,22.95,-3.33
293,20,11,7,7,26,9,-43.94,25.82,-1.87
294,20,11,7,7,26,11,-43.94,25.82,-1.87
295,20,11,7,7,26,13,-43.94,25.82,-1.87
296,20,11,7,7,31,7,-43.94,25.82,-1.87
297,20,11,7,7,31,9,-28.76,22.75,-3.65
298,20,11,7,7,31,11,-30.53,22.99,-3.15
299,20,11,7,7,31,13,-30.23,23.17,-3.23
300,20,11,7,7,36,7,-29.55,23.07,-3.40
301,20,11,7,7,36,9,-29.95,22.92,-3.31
302,20,11,7,7,36,11,-34.13,23.73,-2.57
303,20,11,7,7,36,13,-25.52,21.11,-0.64
304,20,11,7,10,21,7,-29.85,22.95,-3.33
305,20,11,7,10,21,9,-29.85,22.95,-3.33
306,20,11,7,10,21,11,-29.85,22.95,-3.33
307,20,11,7,10,21,13,-28.76,22.75,-3.65
308,20,11,7,10,26,7,-29.85,22.95,-3.33
309,20,11,7,10,26,9,-28.76,22.75,-3.65
310,20,11,7,10,26,11,-28.76,22.75,-3.65
311,20,11,7,10,26,13,-28.76,22.75,-3.65
312,20,11,7,10,31,7,-43.94,25.82,-1.87
313,20,11,7,10,31,9,-28.76,22.75,-3.65
314,20,11,7,10,31,11,-30.53,22.99,-3.15
315,20,11,7,10,31,13,-30.23,23.17,-3.23
316,20,11,7,10,36,7,-29.55,23.07,-3.40
317,20,11,7,10,36,9,-29.95,22.92,-3.31
318,20,11,7,10,36,11,-34.13,23.73,-2.57
319,20,11,7,10,36,13,-28.24,21.09,-0.66
320,20,11,7,13,21,7,-29.85,22.95,-3.33
321,20,11,7,13,21,9,-29.85,22.95,-3.33
322,20,11,7,13,21,11,-29.85,22.95,-3.33
323,20,11,7,13,21,13,-28.76,22.75,-3.65
324,20,11,7,13,26,7,-29.85,22.95,-3.33
325,20,11,7,13,26,9,-28.76,22.75,-3.65
326,20,11,7,13,26,11,-28.76,22.75,-3.65
327,20,11,7,13,26,13,-28.76,22.75,-3.65
328,20,11,7,13,31,7,-31.17,22.70,-0.68
329,20,11,7,13,31,9,-28.76,22.75,-3.65
330,20,11,7,13,31,11,-30.53,22.99,-3.15
331,20,11,7,13,31,13,-30.23,23.17,-3.23
332,20,11,7,13,36,7,-29.55,23.07,-3.40
333,20,11,7,13,36,9,-29.95,22.92,-3.31
334,20,11,7,13,36,11,-34.13,23.73,-2.57
335,20,11,7,13,36,13,-27.27,21.01,-0.65
336,20,11,9,7,21,7,-41.94,29.90,-1.96
337,20,11,9,7,21,9,-32.34,28.98,-0.68
338,20,11,9,7,21,11,-4.28,17.17,-0.29
339,20,11,9,7,21,13,-3.91,17.30,-0.28
340,20,11,9,7,26,7,-32.34,28.98,-0.68
341,20,11,9,7,26,9,-11.37,14.17,-0.44
342,20,11,9,7,26,11,-11.37,14.17,-0.44
343,20,11,9,7,26,13,-11.37,14.17,-0.44
344,20,11,9,7,31,7,-37.38,26.40,-0.71
345,20,11,9,7,31,9,-3.91,17.30,-0.28
346,20,11,9,7,31,11,-3.91,17.30,-0.28
347,20,11,9,7,31,13,-4.81,17.40,-0.31
348,20,11,9,7,36,7,-32.09,29.10,-0.68
349,20,11,9,7,36,9,-4.40,17.14,-0.29
350,20,11,9,7,36,11,-10.11,18.01,-0.42
351,20,11,9,7,36,13,-4.18,12.41,-0.29
352,20,11,9,10,21,7,-4.28,17.17,-0.29
353,20,11,9,10,21,9,-4.28,17.17,-0.29
354,20,11,9,10,21,11,-4.28,17.17,-0.29
355,20,11,9,10,21,13,-3.91,17.30,-0.28
356,20,11,9,10,26,7,-4.28,17.17,-0.29
357,20,11,9,10,26,9,-3.91,17.30,-0.28
358,20,11,9,10,26,11,-3.91,17.30,-0.28
359,20,11,9,10,26,13,-3.91,17.30,-0.28
360,20,11,9,10,31,7,-11.37,14.17,-0.44
361,20,11,9,10,31,9,-3.91,17.30,-0.28
362,20,11,9,10,31,11,-3.91,17.30,-0.28
363,20,11,9,10,31,13,-4.81,17.40,-0.31
364,20,11,9,10,36,7,-3.91,17.30,-0.28
365,20,11,9,10,36,9,-4.40,17.14,-0.29
366,20,11,9,10,36,11,-10.11,18.01,-0.42
367,20,11,9,10,36,13,-7.67,12.39,-0.37
368,20,11,9,13,21,7,-4.28,17.17,-0.29
369,20,11,9,13,21,9,-4.28,17.17,-0.29
370,20,11,9,13,21,11,-4.28,17.17,-0.29
371,20,11,9,13,21,13,-3.91,17.30,-0.28
372,20,11,9,13,26,7,-4.28,17.17,-0.29
373,20,11,9,13,26,9,-3.91,17.30,-0.28
374,20,11,9,13,26,11,-3.91,17.30,-0.28
375,20,11,9,13,26,13,-3.91,17.30,-0.28
376,20,11,9,13,31,7,-11.37,14.17,-0.44
377,20,11,9,13,31,9,-3.91,17.30,-0.28
378,20,11,9,13,31,11,-3.91,17.30,-0.28
379,20,11,9,13,31,13,-4.81,17.40,-0.31
380,20,11,9,13,36,7,-3.91,17.30,-0.28
381,20,11,9,13,36,9,-4.40,17.14,-0.29
382,20,11,9,13,36,11,-10.11,18.01,-0.42
383,20,11,9,13,36,13,-6.39,12.31,-0.34
384,20,11,11,7,21,7,-42.16,30.03,-1.95
385,20,11,11,7,21,9,-33.27,29.46,-0.69
386,20,11,11,7,21,11,-33.27,29.46,-0.69
387,20,11,11,7,21,13,-33.37,29.44,-0.69
388,20,11,11,7,26,7,-33.27,29.46,-0.69
389,20,11,11,7,26,9,-34.66,24.83,-0.70
390,20,11,11,7,26,11,-34.66,24.83,-0.70
391,20,11,11,7,26,13,-34.66,24.83,-0.70
392,20,11,11,7,31,7,-34.66,24.83,-0.70
393,20,11,11,7,31,9,-33.37,29.44,-0.69
394,20,11,11,7,31,11,-33.37,29.44,-0.69
395,20,11,11,7,31,13,-33.37,29.44,-0.69
396,20,11,11,7,36,7,-33.37,29.44,-0.69
397,20,11,11,7,36,9,-33.37,29.44,-0.69
398,20,11,11,7,36,11,-37.33,30.15,-0.71
399,20,11,11,7,36,13,-36.50,30.21,-0.71
400,20,11,11,10,21,7,-33.27,29.46,-0.69
401,20,11,11,10,21,9,-33.27,29.46,-0.69
402,20,11,11,10,21,11,-33.27,29.46,-0.69
403,20,11,11,10,21,13,-33.37,29.44,-0.69
404,20,11,11,10,26,7,-33.27,29.46,-0.69
405,20,11,11,10,26,9,-33.37,29.44,-0.69
406,20,11,11,10,26,11,-33.37,29.44,-0.69
407,20,11,11,10,26,13,-33.37,29.44,-0.69
408,20,11,11,10,31,7,-34.66,24.83,-0.70
409,20,11,11,10,31,9,-33.37,29.44,-0.69
410,20,11,11,10,31,11,-33.37,29.44,-0.69
411,20,11,11,10,31,13,-33.37,29.44,-0.69
412,20,11,11,10,36,7,-33.37,29.44,-0.69
413,20,11,11,10,36,9,-33.37,29.44,-0.69
414,20,11,11,10,36,11,-37.33,30.15,-0.71
415,20,11,11,10,36,13,-36.50,30.21,-0.71
416,20,11,11,13,21,7,-33.27,29.46,-0.69
417,20,11,11,13,21,9,-33.27,29.46,-0.69
418,20,11,11,13,21,11,-33.27,29.46,-0.69
419,20,11,11,13,21,13,-33.37,29.44,-0.69
420,20,11,11,13,26,7,-33.27,29.46,-0.69
421,20,11,11,13,26,9,-33.37,29.44,-0.69
422,20,11,11,13,26,11,-33.37,29.44,-0.69
423,20,11,11,13,26,13,-33.37,29.44,-0.69
424,20,11,11,13,31,7,-34.66,24.83,-0.70
425,20,11,11,13,31,9,-33.37,29.44,-0.69
426,20,11,11,13,31,11,-33.37,29.44,-0.69
427,20,11,11,13,31,13,-33.37,29.44,-0.69
428,20,11,11,13,36,7,-33.37,29.44,-0.69
429,20,11,11,13,36,9,-33.37,29.44,-0.69
430,20,11,11,13,36,11,-37.33,30.15,-0.71
431,20,11,11,13,36,13,-36.50,30.21,-0.71
432,25,7,7,7,21,7,-43.94,25.82,-1.87
433,25,7,7,7,21,9,-28.76,22.75,-3.65
434,25,7,7,7,21,11,-28.76,22.75,-3.65
435,25,7,7,7,21,13,-28.76,22.75,-3.65
436,25,7,7,7,26,7,-43.94,25.82,-1.87
437,25,7,7,7,26,9,-43.94,25.82,-1.87
438,25,7,7,7,26,11,-43.94,25.82,-1.87
439,25,7,7,7,26,13,-43.94,25.82,-1.87
440,25,7,7,7,31,7,-43.94,25.82,-1.87
441,25,7,7,7,31,9,-28.76,22.75,-3.65
442,25,7,7,7,31,11,-30.53,22.99,-3.15
443,25,7,7,7,31,13,-30.23,23.17,-3.23
444,25,7,7,7,36,7,-29.55,23.07,-3.40
445,25,7,7,7,36,9,-29.95,22.92,-3.31
446,25,7,7,7,36,11,-34.13,23.73,-2.57
447,25,7,7,7,36,13,-25.52,21.11,-0.64
448,25,7,7,10,21,7,-28.76,22.75,-3.65
449,25,7,7,10,21,9,-28.76,22.75,-3.65
450,25,7,7,10,21,11,-28.76,22.75,-3.65
451,25,7,7,10,21,13,-28.76,22.75,-3.65
452,25,7,7,10,26,7,-28.76,22.75,-3.65
453,25,7,7,10,26,9,-28.76,22.75,-3.65
454,25,7,7,10,26,11,-28.76,22.75,-3.65
455,25,7,7,10,26,13,-28.76,22.75,-3.65
456,25,7,7,10,31,7,-43.94,25.82,-1.87
457,25,7,7,10,31,9,-28.76,22.75,-3.65
458,25,7,7,10,31,11,-30.53,22.99,-3.15
459,25,7,7,10,31,13,-30.23,23.17,-3.23
460,25,7,7,10,36,7,-29.55,23.07,-3.40
461,25,7,7,10,36,9,-29.95,22.92,-3.31
462,25,7,7,10,36,11,-34.13,23.73,-2.57
463,25,7,7,10,36,13,-28.24,21.09,-0.66
464,25,7,7,13,21,7,-28.76,22.75,-3.65
465,25,7,7,13,21,9,-28.76,22.75,-3.65
466,25,7,7,13,21,11,-28.76,22.75,-3.65
467,25,7,7,13,21,13,-28.76,22.75,-3.65
468,25,7,7,13,26,7,-28.76,22.75,-3.65
469,25,7,7,13,26,9,-28.76,22.75,-3.65
470,25,7,7,13,26,11,-28.76,22.75,-3.65
471,25,7,7,13,26,13,-28.76,22.75,-3.65
472,25,7,7,13,31,7,-31.17,22.70,-0.68
473,25,7,7,13,31,9,-28.76,22.75,-3.65
474,25,7,7,13,31,11,-30.53,22.99,-3.15
475,25,7,7,13,31,13,-30.23,23.17,-3.23
476,25,7,7,13,36,7,-29.55,23.07,-3.40
477,25,7,7,13,36,9,-29.95,22.92,-3.31
478,25,7,7,13,36,11,-34.13,23.73,-2.57
479,25,7,7,13,36,13,-27.27,21.01,-0.65
480,25,7,9,7,21,7,-46.26,27.37,-1.79
481,25,7,9,7,21,9,-32.09,29.10,-0.68
482,25,7,9,7,21,11,-3.91,17.30,-0.28
483,25,7,9,7,21,13,-3.91,17.30,-0.28
484,25,7,9,7,26,7,-37.38,26.40,-0.71
485,25,7,9,7,26,9,-11.37,14.17,-0.44
486,25,7,9,7,26,11,-11.37,14.17,-0.44
487,25,7,9,7,26,13,-11.37,14.17,-0.44
488,25,7,9,7,31,7,-37.38,26.40,-0.71
489,25,7,9,7,31,9,-3.91,17.30,-0.28
490,25,7,9,7,31,11,-3.91,17.30,-0.28
491,25,7,9,7,31,13,-4.81,17.40,-0.31
492,25,7,9,7,36,7,-32.09,29.10,-0.68
493,25,7,9,7,36,9,-4.40,17.14,-0.29
494,25,7,9,7,36,11,-10.11,18.01,-0.42
495,25,7,9,7,36,13,-4.18,12.41,-0.29
496,25,7,9,10,21,7,-3.91,17.30,-0.28
497,25,7,9,10,21,9,-3.91,17.30,-0.28
498,25,7,9,10,21,11,-3.91,17.30,-0.28
499,25,7,9,10,21,13,-3.91,17.30,-0.28
500,25,7,9,10,26,7,-3.91,17.30,-0.28
501,25,7,9,10,26,9,-3.91,17.30,-0.28
502,25,7,9,10,26,11,-3.91,17.30,-0.28
503,25,7,9,10,26,13,-3.91,17.30,-0.28
504,25,7,9,10,31,7,-11.37,14.17,-0.44
505,25,7,9,10,31,9,-3.91,17.30,-0.28
506,25,7,9,10,31,11,-3.91,17.30,-0.28
507,25,7,9,10,31,13,-4.81,17.40,-0.31
508,25,7,9,10,36,7,-3.91,17.30,-0.28
509,25,7,9,10,36,9,-4.40,17.14,-0.29
510,25,7,9,10,36,11,-10.11,18.01,-0.42
511,25,7,9,10,36,13,-7.67,12.39,-0.37
512,25,7,9,13,21,7,-3.91,17.30,-0.28
513,25,7,9,13,21,9,-3.91,17.30,-0.28
514,25,7,9,13,21,11,-3.91,17.30,-0.28
515,25,7,9,13,21,13,-3.91,17.30,-0.28
516,25,7,9,13,26,7,-3.91,17.30,-0.28
517,25,7,9,13,26,9,-3.91,17.30,-0.28
518,25,7,9,13,26,11,-3.91,17.30,-0.28
519,25,7,9,13,26,13,-3.91,17.30,-0.28
520,25,7,9,13,31,7,-11.37,14.17,-0.44
521,25,7,9,13,31,9,-3.91,17.30,-0.28
522,25,7,9,13,31,11,-3.91,17.30,-0.28
523,25,7,9,13,31,13,-4.81,17.40,-0.31
524,25,7,9,13,36,7,-3.91,17.30,-0.28
525,25,7,9,13,36,9,-4.40,17.14,-0.29
526,25,7,9,13,36,11,-10.11,18.01,-0.42
527,25,7,9,13,36,13,-6.39,12.31,-0.34
528,25,7,11,7,21,7,-43.37,25.45,-1.90
529,25,7,11,7,21,9,-33.37,29.44,-0.69
530,25,7,11,7,21,11,-33.37,29.44,-0.69
531,25,7,11,7,21,13,-33.37,29.44,-0.69
532,25,7,11,7,26,7,-34.66,24.83,-0.70
533,25,7,11,7,26,9,-34.66,24.83,-0.70
534,25,7,11,7,26,11,-34.66,24.83,-0.70
535,25,7,11,7,26,13,-34.66,24.83,-0.70
536,25,7,11,7,31,7,-34.66,24.83,-0.70
537,25,7,11,7,31,9,-33.37,29.44,-0.69
538,25,7,11,7,31,11,-33.37,29.44,-0.69
539,25,7,11,7,31,13,-33.37,29.44,-0.69
540,25,7,11,7,36,7,-33.37,29.44,-0.69
541,25,7,11,7,36,9,-33.37,29.44,-0.69
542,25,7,11,7,36,11,-37.33,30.15,-0.71
543,25,7,11,7,36,13,-36.50,30.21,-0.71
544,25,7,11,10,21,7,-33.37,29.44,-0.69
545,25,7,11,10,21,9,-33.37,29.44,-0.69
546,25,7,11,10,21,11,-33.37,29.44,-0.69
547,25,7,11,10,21,13,-33.37,29.44,-0.69
548,25,7,11,10,26,7,-33.37,29.44,-0.69
549,25,7,11,10,26,9,-33.37,29.44,-0.69
550,25,7,11,10,26,11,-33.37,29.44,-0.69
551,25,7,11,10,26,13,-33.37,29.44,-0.69
552,25,7,11,10,31,7,-34.66,24.83,-0.70
553,25,7,11,10,31,9,-33.37,29.44,-0.69
554,25,7,11,10,31,11,-33.37,29.44,-0.69
555,25,7,11,10,31,13,-33.37,29.44,-0.69
556,25,7,11,10,36,7,-33.37,29.44,-0.69
557,25,7,11,10,36,9,-33.37,29.44,-0.69
558,25,7,11,10,36,11,-37.33,30.15,-0.71
559,25,7,11,10,36,13,-36.50,30.21,-0.71
560,25,7,11,13,21,7,-33.37,29.44,-0.69
561,25,7,11,13,21,9,-33.37,29.44,-0.69
562,25,7,11,13,21,11,-33.37,29.44,-0.69
563,25,7,11,13,21,13,-33.37,29.44,-0.69
564,25,7,11,13,26,7,-33.37,29.44,-0.69
565,25,7,11,13,26,9,-33.37,29.44,-0.69
566,25,7,11,13,26,11,-33.37,29.44,-0.69
567,25,7,11,13,26,13,-33.37,29.44,-0.69
568,25,7,11,13,31,7,-34.66,24.83,-0.70
569,25,7,11,13,31,9,-33.37,29.44,-0.69
570,25,7,11,13,31,11,-33.37,29.44,-0.69
571,25,7,11,13,31,13,-33.37,29.44,-0.69
572,25,7,11,13,36,7,-33.37,29.44,-0.69
573,25,7,11,13,36,9,-33.37,29.44,-0.69
574,25,7,11,13,36,11,-37.33,30.15,-0.71
575,25,7,11,13,36,13,-36.50,30.21,-0.71
576,25,9,7,7,21,7,-43.94,25.82,-1.87
577,25,9,7,7,21,9,-28.76,22.75,-3.65
578,25,9,7,7,21,11,-28.76,22.75,-3.65
579,25,9,7,7,21,13,-28.76,22.75,-3.65
580,25,9,7,7,26,7,-43.94,25.82,-1.87
581,25,9,7,7,26,9,-43.94,25.82,-1.87
582,25,9,7,7,26,11,-43.94,25.82,-1.87
583,25,9,7,7,26,13,-43.94,25.82,-1.87
584,25,9,7,7,31,7,-43.94,25.82,-1.87
585,25,9,7,7,31,9,-28.76,22.75,-3.65
586,25,9,7,7,31,11,-30.53,22.99,-3.15
587,25,9,7,7,31,13,-30.23,23.17,-3.23
588,25,9,7,7,36,7,-29.55,23.07,-3.40
589,25,9,7,7,36,9,-29.95,22.92,-3.31
590,25,9,7,7,36,11,-34.13,23.73,-2.57
591,25,9,7,7,36,13,-25.52,21.11,-0.64
592,25,9,7,10,21,7,-28.76,22.75,-3.65
593,25,9,7,10,21,9,-28.76,22.75,-3.65
594,25,9,7,10,21,11,-28.76,22.75,-3.65
595,25,9,7,10,21,13,-28.76,22.75,-3.65
596,25,9,7,10,26,7,-28.76,22.75,-3.65
597,25,9,7,10,26,9,-28.76,22.75,-3.65
598,25,9,7,10,26,11,-28.76,22.75,-3.65
599,25,9,7,10,26,13,-28.76,22.75,-3.65
600,25,9,7,10,31,7,-43.94,25.82,-1.87
601,25,9,7,10,31,9,-28.76,22.75,-3.65
602,25,9,7,10,31,11,-30.53,22.99,-3.15
603,25,9,7,10,31,13,-30.23,23.17,-3.23
604,25,9,7,10,36,7,-29.55,23.07,-3.40
605,25,9,7,10,36,9,-29.95,22.92,-3.31
606,25,9,7,10,36,11,-34.13,23.73,-2.57
607,25,9,7,10,36,13,-28.24,21.09,-0.66
608,25,9,7,13,21,7,-28.76,22.75,-3.65
609,25,9,7,13,21,9,-28.76,22.75,-3.65
610,25,9,7,13,21,11,-28.76,22.75,-3.65
611,25,9,7,13,21,13,-28.76,22.75,-3.65
612,25,9,7,13,26,7,-28.76,22.75,-3.65
613,25,9,7,13,26,9,-28.76,22.75,-3.65
614,25,9,7,13,26,11,-28.76,22.75,-3.65
615,25,9,7,13,26,13,-28.76,22.75,-3.65
616,25,9,7,13,31,7,-31.17,22.70,-0.68
617,25,9,7,13,31,9,-28.76,22.75,-3.65
618,25,9,7,13,31,11,-30.53,22.99,-3.15
619,25,9,7,13,31,13,-30.23,23.17,-3.23
620,25,9,7,13,36,7,-29.55,23.07,-3.40
621,25,9,7,13,36,9,-29.95,22.92,-3.31
622,25,9,7,13,36,11,-34.13,23.73,-2.57
623,25,9,7,13,36,13,-27.27,21.01,-0.65
624,25,9,9,7,21,7,-46.26,27.37,-1.79
625,25,9,9,7,21,9,-32.09,29.10,-0.68
626,25,9,9,7,21,11,-3.91,17.30,-0.28
627,25,9,9,7,21,13,-3.91,17.30,-0.28
628,25,9,9,7,26,7,-37.38,26.40,-0.71
629,25,9,9,7,26,9,-11.37,14.17,-0.44
630,25,9,9,7,26,11,-11.37,14.17,-0.44
631,25,9,9,7,26,13,-11.37,14.17,-0.44
632,25,9,9,7,31,7,-37.38,26.40,-0.71
633,25,9,9,7,31,9,-3.91,17.30,-0.28
634,25,9,9,7,31,11,-3.91,17.30,-0.28
635,25,9,9,7,31,13,-4.81,17.40,-0.31
636,25,9,9,7,36,7,-32.09,29.10,-0.68
637,25,9,9,7,36,9,-4.40,17.14,-0.29
638,25,9,9,7,36,11,-10.11,18.01,-0.42
639,25,9,9,7,36,13,-4.18,12.41,-0.29
640,25,9,9,10,21,7,-3.91,17.30,-0.28
641,25,9,9,10,21,9,-3.91,17.30,-0.28
642,25,9,9,10,21,11,-3.91,17.30,-0.28
643,25,9,9,10,21,13,-3.91,17.30,-0.28
644,25,9,9,10,26,7,-3.91,17.30,-0.28
645,25,9,9,10,26,9,-3.91,17.30,-0.28
646,25,9,9,10,26,11,-3.91,17.30,-0.28
647,25,9,9,10,26,13,-3.91,17.30,-0.28
648,25,9,9,10,31,7,-11.37,14.17,-0.44
649,25,9,9,10,31,9,-3.91,17.30,-0.28
650,25,9,9,10,31,11,-3.91,17.30,-0.28
651,25,9,9,10,31,13,-4.81,17.40,-0.31
652,25,9,9,10,36,7,-3.91,17.30,-0.28
653,25,9,9,10,36,9,-4.40,17.14,-0.29
654,25,9,9,10,36,11,-10.11,18.01,-0.42
655,25,9,9,10,36,13,-7.67,12.39,-0.37
656,25,9,9,13,21,7,-3.91,17.30,-0.28
657,25,9,9,13,21,9,-3.91,17.30,-0.28
658,25,9,9,13,21,11,-3.91,17.30,-0.28
659,25,9,9,13,21,13,-3.91,17.30,-0.28
660,25,9,9,13,26,7,-3.91,17.30,-0.28
661,25,9,9,13,26,9,-3.91,17.30,-0.28
662,25,9,9,13,26,11,-3.91,17.30,-0.28
663,25,9,9,13,26,13,-3.91,17.30,-0.28
664,25,9,9,13,31,7,-11.37,14.17,-0.44
665,25,9,9,13,31,9,-3.91,17.30,-0.28
666,25,9,9,13,31,11,-3.91,17.30,-0.28
667,25,9,9,13,31,13,-4.81,17.40,-0.31
668,25,9,9,13,36,7,-3.91,17.30,-0.28
669,25,9,9,13,36,9,-4.40,17.14,-0.29
670,25,9,9,13,36,11,-10.11,18.01,-0.42
671,25,9,9,13,36,13,-6.39,12.31,-0.34
672,25,9,11,7,21,7,-43.37,25.45,-1.90
673,25,9,11,7,21,9,-33.37,29.44,-0.69
674,25,9,11,7,21,11,-33.37,29.44,-0.69
675,25,9,11,7,21,13,-33.37,29.44,-0.69
676,25,9,11,7,26,7,-34.66,24.83,-0.70
677,25,9,11,7,26,9,-34.66,24.83,-0.70
678,25,9,11,7,26,11,-34.66,24.83,-0.70
679,25,9,11,7,26,13,-34.66,24.83,-0.70
680,25,9,11,7,31,7,-34.66,24.83,-0.70
681,25,9,11,7,31,9,-33.37,29.44,-0.69
682,25,9,11,7,31,11,-33.37,29.44,-0.69
683,25,9,11,7,31,13,-33.37,29.44,-0.69
684,25,9,11,7,36,7,-33.37,29.44,-0.69
685,25,9,11,7,36,9,-33.37,29.44,-0.69
686,25,9,11,7,36,11,-37.33,30.15,-0.71
687,25,9,11,7,36,13,-36.50,30.21,-0.71
688,25,9,11,10,21,7,-33.37,29.44,-0.69
689,25,9,11,10,21,9,-33.37,29.44,-0.69
690,25,9,11,10,21,11,-33.37,29.44,-0.69
691,25,9,11,10,21,13,-33.37,29.44,-0.69
692,25,9,11,10,26,7,-33.37,29.44,-0.69
693,25,9,11,10,26,9,-33.37,29.44,-0.69
694,25,9,11,10,26,11,-33.37,29.44,-0.69
695,25,9,11,10,26,13,-33.37,29.44,-0.69
696,25,9,11,10,31,7,-34.66,24.83,-0.70
697,25,9,11,10,31,9,-33.37,29.44,-0.69
698,25,9,11,10,31,11,-33.37,29.44,-0.69
699,25,9,11,10,31,13,-33.37,29.44,-0.69
700,25,9,11,10,36,7,-33.37,29.44,-0.69
701,25,9,11,10,36,9,-33.37,29.44,-0.69
702,25,9,11,10,36,11,-37.33,30.15,-0.71
703,25,9,11,10,36,13,-36.50,30.21,-0.71
704,25,9,11,13,21,7,-33.37,29.44,-0.69
705,25,9,11,13,21,9,-33.37,29.44,-0.69
706,25,9,11,13,21,11,-33.37,29.44,-0.69
707,25,9,11,13,21,13,-33.37,29.44,-0.69
708,25,9,11,13,26,7,-33.37,29.44,-0.69
709,25,9,11,13,26,9,-33.37,29.44,-0.69
710,25,9,11,13,26,11,-33.37,29.44,-0.69
711,25,9,11,13,26,13,-33.37,29.44,-0.69
712,25,9,11,13,31,7,-34.66,24.83,-0.70
713,25,9,11,13,31,9,-33.37,29.44,-0.69
714,25,9,11,13,31,11,-33.37,29.44,-0.69
715,25,9,11,13,31,13,-33.37,29.44,-0.69
716,25,9,11,13,36,7,-33.37,29.44,-0.69
717,25,9,11,13,36,9,-33.37,29.44,-0.69
718,25,9,11,13,36,11,-37.33,30.15,-0.71
719,25,9,11,13,36,13,-36.50,30.21,-0.71
720,25,11,7,7,21,7,-43.94,25.82,-1.87
721,25,11,7,7,21,9,-28.76,22.75,-3.65
722,25,11,7,7,21,11,-28.76,22.75,-3.65
723,25,11,7,7,21,13,-28.76,22.75,-3.65
724,25,11,7,7,26,7,-43.94,25.82,-1.87
725,25,11,7,7,26,9,-43.94,25.82,-1.87
726,25,11,7,7,26,11,-43.94,25.82,-1.87
727,25,11,7,7,26,13,-43.94,25.82,-1.87
728,25,11,7,7,31,7,-43.94,25.82,-1.87
729,25,11,7,7,31,9,-28.76,22.75,-3.65
730,25,11,7,7,31,11,-30.53,22.99,-3.15
731,25,11,7,7,31,13,-30.23,23.17,-3.23
732,25,11,7,7,36,7,-29.55,23.07,-3.40
733,25,11,7,7,36,9,-29.95,22.92,-3.31
734,25,11,7,7,36,11,-34.13,23.73,-2.57
735,25,11,7,7,36,13,-25.52,21.11,-0.64
736,25,11,7,10,21,7,-28.76,22.75,-3.65
737,25,11,7,10,21,9,-28.76,22.75,-3.65
738,25,11,7,10,21,11,-28.76,22.75,-3.65
739,25,11,7,10,21,13,-28.76,22.75,-3.65
740,25,11,7,10,26,7,-28.76,22.75,-3.65
741,25,11,7,10,26,9,-28.76,22.75,-3.65
742,25,11,7,10,26,11,-28.76,22.75,-3.65
743,25,11,7,10,26,13,-28.76,22.75,-3.65
744,25,11,7,10,31,7,-43.94,25.82,-1.87
745,25,11,7,10,31,9,-28.76,22.75,-3.65
746,25,11,7,10,31,11,-30.53,22.99,-3.15
747,25,11,7,10,31,13,-30.23,23.17,-3.23
748,25,11,7,10,36,7,-29.55,23.07,-3.40
749,25,11,7,10,36,9,-29.95,22.92,-3.31
750,25,11,7,10,36,11,-34.13,23.73,-2.57
751,25,11,7,10,36,13,-28.24,21.09,-0.66
752,25,11,7,13,21,7,-28.76,22.75,-3.65
753,25,11,7,13,21,9,-28.76,22.75,-3.65
754,25,11,7,13,21,11,-28.76,22.75,-3.65
755,25,11,7,13,21,13,-28.76,22.75,-3.65
756,25,11,7,13,26,7,-28.76,22.75,-3.65
757,25,11,7,13,26,9,-28.76,22.75,-3.65
758,25,11,7,13,26,11,-28.76,22.75,-3.65
759,25,11,7,13,26,13,-28.76,22.75,-3.65
760,25,11,7,13,31,7,-31.17,22.70,-0.68
761,25,11,7,13,31,9,-28.76,22.75,-3.65
762,25,11,7,13,31,11,-30.53,22.99,-3.15
763,25,11,7,13,31,13,-30.23,23.17,-3.23
764,25,11,7,13,36,7,-29.55,23.07,-3.40
765,25,11,7,13,36,9,-29.95,22.92,-3.31
766,25,11,7,13,36,11,-34.13,23.73,-2.57
767,25,11,7,13,36,13,-27.27,21.01,-0.65
768,25,11,9,7,21,7,-46.26,27.37,-1.79
769,25,11,9,7,21,9,-32.09,29.10,-0.68
770,25,11,9,7,21,11,-3.91,17.30,-0.28
771,25,11,9,7,21,13,-3.91,17.30,-0.28
772,25,11,9,7,26,7,-37.38,26.40,-0.71
773,25,11,9,7,26,9,-11.37,14.17,-0.44
774,25,11,9,7,26,11,-11.37,14.17,-0.44
775,25,11,9,7,26,13,-11.37,14.17,-0.44
776,25,11,9,7,31,7,-37.38,26.40,-0.71
777,25,11,9,7,31,9,-3.91,17.30,-0.28
778,25,11,9,7,31,11,-3.91,17.30,-0.28
779,25,11,9,7,31,13,-4.81,17.40,-0.31
780,25,11,9,7,36,7,-32.09,29.10,-0.68
781,25,11,9,7,36,9,-4.40,17.14,-0.29
782,25,11,9,7,36,11,-10.11,18.01,-0.42
783,25,11,9,7,36,13,-4.18,12.41,-0.29
784,25,11,9,10,21,7,-3.91,17.30,-0.28
785,25,11,9,10,21,9,-3.91,17.30,-0.28
786,25,11,9,10,21,11,-3.91,17.30,-0.28
787,25,11,9,10,21,13,-3.91,17.30,-0.28
788,25,11,9,10,26,7,-3.91,17.30,-0.28
789,25,11,9,10,26,9,-3.91,17.30,-0.28
790,25,11,9,10,26,11,-3.91,17.30,-0.28
791,25,11,9,10,26,13,-3.91,17.30,-0.28
792,25,11,9,10,31,7,-11.37,14.17,-0.44
793,25,11,9,10,31,9,-3.91,17.30,-0.28
794,25,11,9,10,31,11,-3.91,17.30,-0.28
795,25,11,9,10,31,13,-4.81,17.40,-0.31
796,25,11,9,10,36,7,-3.91,17.30,-0.28
797,25,11,9,10,36,9,-4.40,17.14,-0.29
798,25,11,9,10,36,11,-10.11,18.01,-0.42
799,25,11,9,10,36,13,-7.67,12.39,-0.37
800,25,11,9,13,21,7,-3.91,17.30,-0.28
801,25,11,9,13,21,9,-3.91,17.30,-0.28
802,25,11,9,13,21,11,-3.91,17.30,-0.28
803,25,11,9,13,21,13,-3.91,17.30,-0.28
804,25,11,9,13,26,7,-3.91,17.30,-0.28
805,25,11,9,13,26,9,-3.91,17.30,-0.28
806,25,11,9,13,26,11,-3.91,17.30,-0.28
807,25,11,9,13,26,13,-3.91,17.30,-0.28
808,25,11,9,13,31,7,-11.37,14.17,-0.44
809,25,11,9,13,31,9,-3.91,17.30,-0.28
810,25,11,9,13,31,11,-3.91,17.30,-0.28
811,25,11,9,13,31,13,-4.81,17.40,-0.31
812,25,11,9,13,36,7,-3.91,17.30,-0.28
813,25,11,9,13,36,9,-4.40,17.14,-0.29
814,25,11,9,13,36,11,-10.11,18.01,-0.42
815,25,11,9,13,36,13,-6.39,12.31,-0.34
816,25,11,11,7,21,7,-43.37,25.45,-1.90
817,25,11,11,7,21,9,-33.37,29.44,-0.69
818,25,11,11,7,21,11,-33.37,29.44,-0.69
819,25,11,11,7,21,13,-33.37,29.44,-0.69
820,25,11,11,7,26,7,-34.66,24.83,-0.70
821,25,11,11,7,26,9,-34.66,24.83,-0.70
822,25,11,11,7,26,11,-34.66,24.83,-0.70
823,25,11,11,7,26,13,-34.66,24.83,-0.70
824,25,11,11,7,31,7,-34.66,24.83,-0.70
825,25,11,11,7,31,9,-33.37,29.44,-0.69
826,25,11,11,7,31,11,-33.37,29.44,-0.69
827,25,11,11,7,31,13,-33.37,29.44,-0.69
828,25,11,11,7,36,7,-33.37,29.44,-0.69
829,25,11,11,7,36,9,-33.37,29.44,-0.69
830,25,11,11,7,36,11,-37.33,30.15,-0.71
831,25,11,11,7,36,13,-36.50,30.21,-0.71
832,25,11,11,10,21,7,-33.37,29.44,-0.69
833,25,11,11,10,21,9,-33.37,29.44,-0.69
834,25,11,11,10,21,11,-33.37,29.44,-0.69
835,25,11,11,10,21,13,-33.37,29.44,-0.69
836,25,11,11,10,26,7,-33.37,29.44,-0.69
837,25,11,11,10,26,9,-33.37,29.44,-0.69
838,25,11,11,10,26,11,-33.37,29.44,-0.69
839,25,11,11,10,26,13,-33.37,29.44,-0.69
840,25,11,11,10,31,7,-34.66,24.83,-0.70
841,25,11,11,10,31,9,-33.37,29.44,-0.69
842,25,11,11,10,31,11,-33.37,29.44,-0.69
843,25,11,11,10,31,13,-33.37,29.44,-0.69
844,25,11,11,10,36,7,-33.37,29.44,-0.69
845,25,11,11,10,36,9,-33.37,29.44,-0.69
846,25,11,11,10,36,11,-37.33,30.15,-0.71
847,25,11,11,10,36,13,-36.50,30.21,-0.71
848,25,11,11,13,21,7,-33.37,29.44,-0.69
849,25,11,11,13,21,9,-33.37,29.44,-0.69
850,25,11,11,13,21,11,-33.37,29.44,-0.69
851,25,11,11,13,21,13,-33.37,29.44,-0.69
852,25,11,11,13,26,7,-33.37,29.44,-0.69
853,25,11,11,13,26,9,-33.37,29.44,-0.69
854,25,11,11,13,26,11,-33.37,29.44,-0.69
855,25,11,11,13,26,13,-33.37,29.44,-0.69
856,25,11,11,13,31,7,-34.66,24.83,-0.70
857,25,11,11,13,31,9,-33.37,29.44,-0.69
858,25,11,11,13,31,11,-33.37,29.44,-0.69
859,25,11,11,13,31,13,-33.37,29.44,-0.69
860,25,11,11,13,36,7,-33.37,29.44,-0.69
861,25,11,11,13,36,9,-33.37,29.44,-0.69
862,25,11,11,13,36,11,-37.33,30.15,-0.71
863,25,11,11,13,36,13,-36.50,30.21,-0.71
864,30,7,7,7,21,7,-43.94,25.82,-1.87
865,30,7,7,7,21,9,-28.76,22.75,-3.65
866,30,7,7,7,21,11,-28.76,22.75,-3.65
867,30,7,7,7,21,13,-28.76,22.75,-3.65
868,30,7,7,7,26,7,-43.94,25.82,-1.87
869,30,7,7,7,26,9,-43.94,25.82,-1.87
870,30,7,7,7,26,11,-43.94,25.82,-1.87
871,30,7,7,7,26,13,-43.94,25.82,-1.87
872,30,7,7,7,31,7,-43.94,25.82,-1.87
873,30,7,7,7,31,9,-28.76,22.75,-3.65
874,30,7,7,7,31,11,-30.53,22.99,-3.15
875,30,7,7,7,31,13,-30.23,23.17,-3.23
876,30,7,7,7,36,7,-29.55,23.07,-3.40
877,30,7,7,7,36,9,-29.95,22.92,-3.31
878,30,7,7,7,36,11,-34.13,23.73,-2.57
879,30,7,7,7,36,13,-25.52,21.11,-0.64
880,30,7,7,10,21,7,-28.76,22.75,-3.65
881,30,7,7,10,21,9,-28.76,22.75,-3.65
882,30,7,7,10,21,11,-28.76,22.75,-3.65
883,30,7,7,10,21,13,-28.76,22.75,-3.65
884,30,7,7,10,26,7,-28.76,22.75,-3.65
885,30,7,7,10,26,9,-28.76,22.75,-3.65
886,30,7,7,10,26,11,-28.76,22.75,-3.65
887,30,7,7,10,26,13,-28.76,22.75,-3.65
888,30,7,7,10,31,7,-43.94,25.82,-1.87
889,30,7,7,10,31,9,-28.76,22.75,-3.65
890,30,7,7,10,31,11,-30.53,22.99,-3.15
891,30,7,7,10,31,13,-30.23,23.17,-3.23
892,30,7,7,10,36,7,-29.55,23.07,-3.40
893,30,7,7,10,36,9,-29.95,22.92,-3.31
894,30,7,7,10,36,11,-34.13,23.73,-2.57
895,30,7,7,10,36,13,-28.24,21.09,-0.66
896,30,7,7,13,21,7,-28.76,22.75,-3.65
897,30,7,7,13,21,9,-28.76,22.75,-3.65
898,30,7,7,13,21,11,-28.76,22.75,-3.65
899,30,7,7,13,21,13,-28.76,22.75,-3.65
900,30,7,7,13,26,7,-28.76,22.75,-3.65
901,30,7,7,13,26,9,-28.76,22.75,-3.65
902,30,7,7,13,26,11,-28.76,22.75,-3.65
903,30,7,7,13,26,13,-28.76,22.75,-3.65
904,30,7,7,13,31,7,-31.17,22.70,-0.68
905,30,7,7,13,31,9,-28.76,22.75,-3.65
906,30,7,7,13,31,11,-30.53,22.99,-3.15
907,30,7,7,13,31,13,-30.23,23.17,-3.23
908,30,7,7,13,36,7,-29.55,23.07,-3.40
909,30,7,7,13,36,9,-29.95,22.92,-3.31
910,30,7,7,13,36,11,-34.13,23.73,-2.57
911,30,7,7,13,36,13,-27.27,21.01,-0.65
912,30,7,9,7,21,7,-46.26,27.37,-1.79
913,30,7,9,7,21,9,-32.09,29.10,-0.68
914,30,7,9,7,21,11,-3.91,17.30,-0.28
915,30,7,9,7,21,13,-3.91,17.30,-0.28
916,30,7,9,7,26,7,-37.38,26.40,-0.71
917,30,7,9,7,26,9,-11.37,14.17,-0.44
918,30,7,9,7,26,11,-11.37,14.17,-0.44
919,30,7,9,7,26,13,-11.37,14.17,-0.44
920,30,7,9,7,31,7,-37.38,26.40,-0.71
921,30,7,9,7,31,9,-3.91,17.30,-0.28
922,30,7,9,7,31,11,-3.91,17.30,-0.28
923,30,7,9,7,31,13,-4.81,17.40,-0.31
924,30,7,9,7,36,7,-32.09,29.10,-0.68
925,30,7,9,7,36,9,-4.40,17.14,-0.29
926,30,7,9,7,36,11,-10.11,18.01,-0.42
927,30,7,9,7,36,13,-4.18,12.41,-0.29
928,30,7,9,10,21,7,-3.91,17.30,-0.28
929,30,7,9,10,21,9,-3.91,17.30,-0.28
930,30,7,9,10,21,11,-3.91,17.30,-0.28
931,30,7,9,10,21,13,-3.91,17.30,-0.28
932,30,7,9,10,26,7,-3.91,17.30,-0.28
933,30,7,9,10,26,9,-3.91,17.30,-0.28
934,30,7,9,10,26,11,-3.91,17.30,-0.28
935,30,7,9,10,26,13,-3.91,17.30,-0.28
936,30,7,9,10,31,7,-11.37,14.17,-0.44
937,30,7,9,10,31,9,-3.91,17.30,-0.28
938,30,7,9,10,31,11,-3.91,17.30,-0.28
939,30,7,9,10,31,13,-4.81,17.40,-0.31
940,30,7,9,10,36,7,-3.91,17.30,-0.28
941,30,7,9,10,36,9,-4.40,17.14,-0.29
942,30,7,9,10,36,11,-10.11,18.01,-0.42
943,30,7,9,10,36,13,-7.67,12.39,-0.37
944,30,7,9,13,21,7,-3.91,17.30,-0.28
945,30,7,9,13,21,9,-3.91,17.30,-0.28
946,30,7,9,13,21,11,-3.91,17.30,-0.28
947,30,7,9,13,21,13,-3.91,17.30,-0.28
948,30,7,9,13,26,7,-3.91,17.30,-0.28
949,30,7,9,13,26,9,-3.91,17.30,-0.28
950,30,7,9,13,26,11,-3.91,17.30,-0.28
951,30,7,9,13,26,13,-3.91,17.30,-0.28
952,30,7,9,13,31,7,-11.37,14.17,-0.44
953,30,7,9,13,31,9,-3.91,17.30,-0.28
954,30,7,9,13,31,11,-3.91,17.30,-0.28
955,30,7,9,13,31,13,-4.81,17.40,-0.31
956,30,7,9,13,36,7,-3.91,17.30,-0.28
957,30,7,9,13,36,9,-4.40,17.14,-0.29
958,30,7,9,13,36,11,-10.11,18.01,-0.42
959,30,7,9,13,36,13,-6.39,12.31,-0.34
960,30,7,11,7,21,7,-43.37,25.45,-1.90
961,30,7,11,7,21,9,-33.37,29.44,-0.69
962,30,7,11,7,21,11,-33.37,29.44,-0.69
963,30,7,11,7,21,13,-33.37,29.44,-0.69
964,30,7,11,7,26,7,-34.66,24.83,-0.70
965,30,7,11,7,26,9,-34.66,24.83,-0.70
966,30,7,11,7,26,11,-34.66,24.83,-0.70
967,30,7,11,7,26,13,-34.66,24.83,-0.70
968,30,7,11,7,31,7,-34.66,24.83,-0.70
969,30,7,11,7,31,9,-33.37,29.44,-0.69
970,30,7,11,7,31,11,-33.37,29.44,-0.69
971,30,7,11,7,31,13,-33.37,29.44,-0.69
972,30,7,11,7,36,7,-33.37,29.44,-0.69
973,30,7,11,7,36,9,-33.37,29.44,-0.69
974,30,7,11,7,36,11,-37.33,30.15,-0.71
975,30,7,11,7,36,13,-36.50,30.21,-0.71
976,30,7,11,10,21,7,-33.37,29.44,-0.69
977,30,7,11,10,21,9,-33.37,29.44,-0.69
978,30,7,11,10,21,11,-33.37,29.44,-0.69
979,30,7,11,10,21,13,-33.37,29.44,-0.69
980,30,7,11,10,26,7,-33.37,29.44,-0.69
981,30,7,11,10,26,9,-33.37,29.44,-0.69
982,30,7,11,10,26,11,-33.37,29.44,-0.69
983,30,7,11,10,26,13,-33.37,29.44,-0.69
984,30,7,11,10,31,7,-34.66,24.83,-0.70
985,30,7,11,10,31,9,-33.37,29.44,-0.69
986,30,7,11,10,31,11,-33.37,29.44,-0.69
987,30,7,11,10,31,13,-33.37,29.44,-0.69
988,30,7,11,10,36,7,-33.37,29.44,-0.69
989,30,7,11,10,36,9,-33.37,29.44,-0.69
990,30,7,11,10,36,11,-37.33,30.15,-0.71
991,30,7,11,10,36,13,-36.50,30.21,-0.71
992,30,7,11,13,21,7,-33.37,29.44,-0.69
993,30,7,11,13,21,9,-33.37,29.44,-0.69
994,30,7,11,13,21,11,-33.37,29.44,-0.69
995,30,7,11,13,21,13,-33.37,29.44,-0.69
996,30,7,11,13,26,7,-33.37,29.44,-0.69
997,30,7,11,13,26,9,-33.37,29.44,-0.69
998,30,7,11,13,26,11,-33.37,29.44,-0.69
999,30,7,11,13,26,13,-33.37,29.44,-0.69
1000,30,7,11,13,31,7,-34.66,24.83,-0.70
1001,30,7,11,13,31,9,-33.37,29.44,-0.69
1002,30,7,11,13,31,11,-33.37,29.44,-0.69
1003,30,7,11,13,31,13,-33.37,29.44,-0.69
1004,30,7,11,13,36,7,-33.37,29.44,-0.69
1005,30,7,11,13,36,9,-33.37,29.44,-0.69
1006,30,7,11,13,36,11,-37.33,30.15,-0.71
1007,30,7,11,13,36,13,-36.50,30.21,-0.71
1008,30,9,7,7,21,7,-28.76,22.75,-3.65
1009,30,9,7,7,21,9,-28.76,22.75,-3.65
1010,30,9,7,7,21,11,-28.76,22.75,-3.65
1011,30,9,7,7,21,13,-28.76,22.75,-3.65
1012,30,9,7,7,26,7,-28.76,22.75,-3.65
1013,30,9,7,7,26,9,-28.76,22.75,-3.65
1014,30,9,7,7,26,11,-28.76,22.75,-3.65
1015,30,9,7,7,26,13,-28.76,22.75,-3.65
1016,30,9,7,7,31,7,-28.76,22.75,-3.65
1017,30,9,7,7,31,9,-28.76,22.75,-3.65
1018,30,9,7,7,31,11,-30.53,22.99,-3.15
1019,30,9,7,7,31,13,-30.23,23.17,-3.23
1020,30,9,7,7,36,7,-29.55,23.07,-3.40
1021,30,9,7,7,36,9,-29.95,22.92,-3.31
1022,30,9,7,7,36,11,-34.13,23.73,-2.57
1023,30,9,7,7,36,13,-25.52,21.11,-0.64
1024,30,9,7,10,21,7,-28.76,22.75,-3.65
1025,30,9,7,10,21,9,-28.76,22.75,-3.65
1026,30,9,7,10,21,11,-28.76,22.75,-3.65
1027,30,9,7,10,21,13,-28.76,22.75,-3.65
1028,30,9,7,10,26,7,-28.76,22.75,-3.65
1029,30,9,7,10,26,9,-28.76,22.75,-3.65
1030,30,9,7,10,26,11,-28.76,22.75,-3.65
1031,30,9,7,10,26,13,-28.76,22.75,-3.65
1032,30,9,7,10,31,7,-28.76,22.75,-3.65
1033,30,9,7,10,31,9,-28.76,22.75,-3.65
1034,30,9,7,10,31,11,-30.53,22.99,-3.15
1035,30,9,7,10,31,13,-30.23,23.17,-3.23
1036,30,9,7,10,36,7,-29.55,23.07,-3.40
1037,30,9,7,10,36,9,-29.95,22.92,-3.31
1038,30,9,7,10,36,11,-34.13,23.73,-2.57
1039,30,9,7,10,36,13,-28.24,21.09,-0.66
1040,30,9,7,13,21,7,-28.76,22.75,-3.65
1041,30,9,7,13,21,9,-28.76,22.75,-3.65
1042,30,9,7,13,21,11,-28.76,22.75,-3.65
1043,30,9,7,13,21,13,-28.76,22.75,-3.65
1044,30,9,7,13,26,7,-28.76,22.75,-3.65
1045,30,9,7,13,26,9,-28.76,22.75,-3.65
1046,30,9,7,13,26,11,-28.76,22.75,-3.65
1047,30,9,7,13,26,13,-28.76,22.75,-3.65
1048,30,9,7,13,31,7,-28.76,22.75,-3.65
1049,30,9,7,13,31,9,-28.76,22.75,-3.65
1050,30,9,7,13,31,11,-30.53,22.99,-3.15
1051,30,9,7,13,31,13,-30.23,23.17,-3.23
1052,30,9,7,13,36,7,-29.55,23.07,-3.40
1053,30,9,7,13,36,9,-29.95,22.92,-3.31
1054,30,9,7,13,36,11,-34.13,23.73,-2.57
1055,30,9,7,13,36,13,-27.27,21.01,-0.65
1056,30,9,9,7,21,7,-41.75,30.05,-1.98
1057,30,9,9,7,21,9,-32.09,29.10,-0.68
1058,30,9,9,7,21,11,-3.91,17.30,-0.28
1059,30,9,9,7,21,13,-3.91,17.30,-0.28
1060,30,9,9,7,26,7,-32.09,29.10,-0.68
1061,30,9,9,7,26,9,-3.91,17.30,-0.28
1062,30,9,9,7,26,11,-3.91,17.30,-0.28
1063,30,9,9,7,26,13,-3.91,17.30,-0.28
1064,30,9,9,7,31,7,-32.09,29.10,-0.68
1065,30,9,9,7,31,9,-3.91,17.30,-0.28
1066,30,9,9,7,31,11,-3.91,17.30,-0.28
1067,30,9,9,7,31,13,-4.81,17.40,-0.31
1068,30,9,9,7,36,7,-32.09,29.10,-0.68
1069,30,9,9,7,36,9,-4.40,17.14,-0.29
1070,30,9,9,7,36,11,-10.11,18.01,-0.42
1071,30,9,9,7,36,13,-4.18,12.41,-0.29
1072,30,9,9,10,21,7,-3.91,17.30,-0.28
1073,30,9,9,10,21,9,-3.91,17.30,-0.28
1074,30,9,9,10,21,11,-3.91,17.30,-0.28
1075,30,9,9,10,21,13,-3.91,17.30,-0.28
1076,30,9,9,10,26,7,-3.91,17.30,-0.28
1077,30,9,9,10,26,9,-3.91,17.30,-0.28
1078,30,9,9,10,26,11,-3.91,17.30,-0.28
1079,30,9,9,10,26,13,-3.91,17.30,-0.28
1080,30,9,9,10,31,7,-3.91,17.30,-0.28
1081,30,9,9,10,31,9,-3.91,17.30,-0.28
1082,30,9,9,10,31,11,-3.91,17.30,-0.28
1083,30,9,9,10,31,13,-4.81,17.40,-0.31
1084,30,9,9,10,36,7,-3.91,17.30,-0.28
1085,30,9,9,10,36,9,-4.40,17.14,-0.29
1086,30,9,9,10,36,11,-10.11,18.01,-0.42
1087,30,9,9,10,36,13,-7.67,12.39,-0.37
1088,30,9,9,13,21,7,-3.91,17.30,-0.28
1089,30,9,9,13,21,9,-3.91,17.30,-0.28
1090,30,9,9,13,21,11,-3.91,17.30,-0.28
1091,30,9,9,13,21,13,-3.91,17.30,-0.28
1092,30,9,9,13,26,7,-3.91,17.30,-0.28
1093,30,9,9,13,26,9,-3.91,17.30,-0.28
1094,30,9,9,13,26,11,-3.91,17.30,-0.28
1095,30,9,9,13,26,13,-3.91,17.30,-0.28
1096,30,9,9,13,31,7,-3.91,17.30,-0.28
1097,30,9,9,13,31,9,-3.91,17.30,-0.28
1098,30,9,9,13,31,11,-3.91,17.30,-0.28
1099,30,9,9,13,31,13,-4.81,17.40,-0.31
1100,30,9,9,13,36,7,-3.91,17.30,-0.28
1101,30,9,9,13,36,9,-4.40,17.14,-0.29
1102,30,9,9,13,36,11,-10.11,18.01,-0.42
1103,30,9,9,13,36,13,-6.39,12.31,-0.34
1104,30,9,11,7,21,7,-42.25,30.01,-1.95
1105,30,9,11,7,21,9,-33.37,29.44,-0.69
1106,30,9,11,7,21,11,-33.37,29.44,-0.69
1107,30,9,11,7,21,13,-33.37,29.44,-0.69
1108,30,9,11,7,26,7,-33.37,29.44,-0.69
1109,30,9,11,7,26,9,-33.37,29.44,-0.69
1110,30,9,11,7,26,11,-33.37,29.44,-0.69
1111,30,9,11,7,26,13,-33.37,29.44,-0.69
1112,30,9,11,7,31,7,-33.37,29.44,-0.69
1113,30,9,11,7,31,9,-33.37,29.44,-0.69
1114,30,9,11,7,31,11,-33.37,29.44,-0.69
1115,30,9,11,7,31,13,-33.37,29.44,-0.69
1116,30,9,11,7,36,7,-33.37,29.44,-0.69
1117,30,9,11,7,36,9,-33.37,29.44,-0.69
1118,30,9,11,7,36,11,-37.33,30.15,-0.71
1119,30,9,11,7,36,13,-36.50,30.21,-0.71
1120,30,9,11,10,21,7,-33.37,29.44,-0.69
1121,30,9,11,10,21,9,-33.37,29.44,-0.69
1122,30,9,11,10,21,11,-33.37,29.44,-0.69
1123,30,9,11,10,21,13,-33.37,29.44,-0.69
1124,30,9,11,10,26,7,-33.37,29.44,-0.69
1125,30,9,11,10,26,9,-33.37,29.44,-0.69
1126,30,9,11,10,26,11,-33.37,29.44,-0.69
1127,30,9,11,10,26,13,-33.37,29.44,-0.69
1128,30,9,11,10,31,7,-33.37,29.44,-0.69
1129,30,9,11,10,31,9,-33.37,29.44,-0.69
1130,30,9,11,10,31,11,-33.37,29.44,-0.69
1131,30,9,11,10,31,13,-33.37,29.44,-0.69
1132,30,9,11,10,36,7,-33.37,29.44,-0.69
1133,30,9,11,10,36,9,-33.37,29.44,-0.69
1134,30,9,11,10,36,11,-37.33,30.15,-0.71
1135,30,9,11,10,36,13,-36.50,30.21,-0.71
1136,30,9,11,13,21,7,-33.37,29.44,-0.69
1137,30,9,11,13,21,9,-33.37,29.44,-0.69
1138,30,9,11,13,21,11,-33.37,29.44,-0.69
1139,30,9,11,13,21,13,-33.37,29.44,-0.69
1140,30,9,11,13,26,7,-33.37,29.44,-0.69
1141,30,9,11,13,26,9,-33.37,29.44,-0.69
1142,30,9,11,13,26,11,-33.37,29.44,-0.69
1143,30,9,11,13,26,13,-33.37,29.44,-0.69
1144,30,9,11,13,31,7,-33.37,29.44,-0.69
1145,30,9,11,13,31,9,-33.37,29.44,-0.69
1146,30,9,11,13,31,11,-33.37,29.44,-0.69
1147,30,9,11,13,31,13,-33.37,29.44,-0.69
1148,30,9,11,13,36,7,-33.37,29.44,-0.69
1149,30,9,11,13,36,9,-33.37,29.44,-0.69
1150,30,9,11,13,36,11,-37.33,30.15,-0.71
1151,30,9,11,13,36,13,-36.50,30.21,-0.71
1152,30,11,7,7,21,7,-29.55,23.07,-3.40
1153,30,11,7,7,21,9,-29.55,23.07,-3.40
1154,30,11,7,7,21,11,-29.55,23.07,-3.40
1155,30,11,7,7,21,13,-29.55,23.07,-3.40
1156,30,11,7,7,26,7,-29.55,23.07,-3.40
1157,30,11,7,7,26,9,-29.55,23.07,-3.40
1158,30,11,7,7,26,11,-29.55,23.07,-3.40
1159,30,11,7,7,26,13,-29.55,23.07,-3.40
1160,30,11,7,7,31,7,-29.55,23.07,-3.40
1161,30,11,7,7,31,9,-29.55,23.07,-3.40
1162,30,11,7,7,31,11,-29.55,23.07,-3.40
1163,30,11,7,7,31,13,-30.23,23.17,-3.23
1164,30,11,7,7,36,7,-29.55,23.07,-3.40
1165,30,11,7,7,36,9,-29.95,22.92,-3.31
1166,30,11,7,7,36,11,-34.13,23.73,-2.57
1167,30,11,7,7,36,13,-25.52,21.11,-0.64
1168,30,11,7,10,21,7,-29.55,23.07,-3.40
1169,30,11,7,10,21,9,-29.55,23.07,-3.40
1170,30,11,7,10,21,11,-29.55,23.07,-3.40
1171,30,11,7,10,21,13,-29.55,23.07,-3.40
1172,30,11,7,10,26,7,-29.55,23.07,-3.40
1173,30,11,7,10,26,9,-29.55,23.07,-3.40
1174,30,11,7,10,26,11,-29.55,23.07,-3.40
1175,30,11,7,10,26,13,-29.55,23.07,-3.40
1176,30,11,7,10,31,7,-29.55,23.07,-3.40
1177,30,11,7,10,31,9,-29.55,23.07,-3.40
1178,30,11,7,10,31,11,-29.55,23.07,-3.40
1179,30,11,7,10,31,13,-30.23,23.17,-3.23
1180,30,11,7,10,36,7,-29.55,23.07,-3.40
1181,30,11,7,10,36,9,-29.95,22.92,-3.31
1182,30,11,7,10,36,11,-34.13,23.73,-2.57
1183,30,11,7,10,36,13,-28.24,21.09,-0.66
1184,30,11,7,13,21,7,-29.55,23.07,-3.40
1185,30,11,7,13,21,9,-29.55,23.07,-3.40
1186,30,11,7,13,21,11,-29.55,23.07,-3.40
1187,30,11,7,13,21,13,-29.55,23.07,-3.40
1188,30,11,7,13,26,7,-29.55,23.07,-3.40
1189,30,11,7,13,26,9,-29.55,23.07,-3.40
1190,30,11,7,13,26,11,-29.55,23.07,-3.40
1191,30,11,7,13,26,13,-29.55,23.07,-3.40
1192,30,11,7,13,31,7,-29.55,23.07,-3.40
1193,30,11,7,13,31,9,-29.55,23.07,-3.40
1194,30,11,7,13,31,11,-29.55,23.07,-3.40
1195,30,11,7,13,31,13,-30.23,23.17,-3.23
1196,30,11,7,13,36,7,-29.55,23.07,-3.40
1197,30,11,7,13,36,9,-29.95,22.92,-3.31
1198,30,11,7,13,36,11,-34.13,23.73,-2.57
1199,30,11,7,13,36,13,-27.27,21.01,-0.65
1200,30,11,9,7,21,7,-41.75,30.05,-1.98
1201,30,11,9,7,21,9,-32.09,29.10,-0.68
1202,30,11,9,7,21,11,-3.91,17.30,-0.28
1203,30,11,9,7,21,13,-3.91,17.30,-0.28
1204,30,11,9,7,26,7,-32.09,29.10,-0.68
1205,30,11,9,7,26,9,-3.91,17.30,-0.28
1206,30,11,9,7,26,11,-3.91,17.30,-0.28
1207,30,11,9,7,26,13,-3.91,17.30,-0.28
1208,30,11,9,7,31,7,-32.09,29.10,-0.68
1209,30,11,9,7,31,9,-3.91,17.30,-0.28
1210,30,11,9,7,31,11,-3.91,17.30,-0.28
1211,30,11,9,7,31,13,-4.81,17.40,-0.31
1212,30,11,9,7,36,7,-32.09,29.10,-0.68
1213,30,11,9,7,36,9,-4.40,17.14,-0.29
1214,30,11,9,7,36,11,-10.11,18.01,-0.42
1215,30,11,9,7,36,13,-4.18,12.41,-0.29
1216,30,11,9,10,21,7,-3.91,17.30,-0.28
1217,30,11,9,10,21,9,-3.91,17.30,-0.28
1218,30,11,9,10,21,11,-3.91,17.30,-0.28
1219,30,11,9,10,21,13,-3.91,17.30,-0.28
1220,30,11,9,10,26,7,-3.91,17.30,-0.28
1221,30,11,9,10,26,9,-3.91,17.30,-0.28
1222,30,11,9,10,26,11,-3.91,17.30,-0.28
1223,30,11,9,10,26,13,-3.91,17.30,-0.28
1224,30,11,9,10,31,7,-3.91,17.30,-0.28
1225,30,11,9,10,31,9,-3.91,17.30,-0.28
1226,30,11,9,10,31,11,-3.91,17.30,-0.28
1227,30,11,9,10,31,13,-4.81,17.40,-0.31
1228,30,11,9,10,36,7,-3.91,17.30,-0.28
1229,30,11,9,10,36,9,-4.40,17.14,-0.29
1230,30,11,9,10,36,11,-10.11,18.01,-0.42
1231,30,11,9,10,36,13,-7.67,12.39,-0.37
1232,30,11,9,13,21,7,-3.91,17.30,-0.28
1233,30,11,9,13,21,9,-3.91,17.30,-0.28
1234,30,11,9,13,21,11,-3.91,17.30,-0.28
1235,30,11,9,13,21,13,-3.91,17.30,-0.28
1236,30,11,9,13,26,7,-3.91,17.30,-0.28
1237,30,11,9,13,26,9,-3.91,17.30,-0.28
1238,30,11,9,13,26,11,-3.91,17.30,-0.28
1239,30,11,9,13,26,13,-3.91,17.30,-0.28
1240,30,11,9,13,31,7,-3.91,17.30,-0.28
1241,30,11,9,13,31,9,-3.91,17.30,-0.28
1242,30,11,9,13,31,11,-3.91,17.30,-0.28
1243,30,11,9,13,31,13,-4.81,17.40,-0.31
1244,30,11,9,13,36,7,-3.91,17.30,-0.28
1245,30,11,9,13,36,9,-4.40,17.14,-0.29
1246,30,11,9,13,36,11,-10.11,18.01,-0.42
1247,30,11,9,13,36,13,-6.39,12.31,-0.34
1248,30,11,11,7,21,7,-42.25,30.01,-1.95
1249,30,11,11,7,21,9,-33.37,29.44,-0.69
1250,30,11,11,7,21,11,-33.37,29.44,-0.69
1251,30,11,11,7,21,13,-33.37,29.44,-0.69
1252,30,11,11,7,26,7,-33.37,29.44,-0.69
1253,30,11,11,7,26,9,-33.37,29.44,-0.69
1254,30,11,11,7,26,11,-33.37,29.44,-0.69
1255,30,11,11,7,26,13,-33.37,29.44,-0.69
1256,30,11,11,7,31,7,-33.37,29.44,-0.69
1257,30,11,11,7,31,9,-33.37,29.44,-0.69
1258,30,11,11,7,31,11,-33.37,29.44,-0.69
1259,30,11,11,7,31,13,-33.37,29.44,-0.69
1260,30,11,11,7,36,7,-33.37,29.44,-0.69
1261,30,11,11,7,36,9,-33.37,29.44,-0.69
1262,30,11,11,7,36,11,-37.33,30.15,-0.71
1263,30,11,11,7,36,13,-36.50,30.21,-0.71
1264,30,11,11,10,21,7,-33.37,29.44,-0.69
1265,30,11,11,10,21,9,-33.37,29.44,-0.69
1266,30,11,11,10,21,11,-33.37,29.44,-0.69
1267,30,11,11,10,21,13,-33.37,29.44,-0.69
1268,30,11,11,10,26,7,-33.37,29.44,-0.69
1269,30,11,11,10,26,9,-33.37,29.44,-0.69
1270,30,11,11,10,26,11,-33.37,29.44,-0.69
1271,30,11,11,10,26,13,-33.37,29.44,-0.69
1272,30,11,11,10,31,7,-33.37,29.44,-0.69
1273,30,11,11,10,31,9,-33.37,29.44,-0.69
1274,30,11,11,10,31,11,-33.37,29.44,-0.69
1275,30,11,11,10,31,13,-33.37,29.44,-0.69
1276,30,11,11,10,36,7,-33.37,29.44,-0.69
1277,30,11,11,10,36,9,-33.37,29.44,-0.69
1278,30,11,11,10,36,11,-37.33,30.15,-0.71
1279,30,11,11,10,36,13,-36.50,30.21,-0.71
1280,30,11,11,13,21,7,-33.37,29.44,-0.69
1281,30,11,11,13,21,9,-33.37,29.44,-0.69
1282,30,11,11,13,21,11,-33.37,29.44,-0.69
1283,30,11,11,13,21,13,-33.37,29.44,-0.69
1284,30,11,11,13,26,7,-33.37,29.44,-0.69
1285,30,11,11,13,26,9,-33.37,29.44,-0.69
1286,30,11,11,13,26,11,-33.37,29.44,-0.69
1287,30,11,11,13,26,13,-33.37,29.44,-0.69
1288,30,11,11,13,31,7,-33.37,29.44,-0.69
1289,30,11,11,13,31,9,-33.37,29.44,-0.69
1290,30,11,11,13,31,11,-33.37,29.44,-0.69
1291,30,11,11,13,31,13,-33.37,29.44,-0.69
1292,30,11,11,13,36,7,-33.37,29.44,-0.69
1293,30,11,11,13,36,9,-33.37,29.44,-0.69
1294,30,11,11,13,36,11,-37.33,30.15,-0.71
1295,30,11,11,13,36,13,-36.50,30.21,-0.71
1296,35,7,7,7,21,7,-30.23,23.17,-3.23
1297,35,7,7,7,21,9,-30.23,23.17,-3.23
1298,35,7,7,7,21,11,-30.23,23.17,-3.23
1299,35,7,7,7,21,13,-30.23,23.17,-3.23
1300,35,7,7,7,26,7,-30.23,23.17,-3.23
1301,35,7,7,7,26,9,-30.23,23.17,-3.23
1302,35,7,7,7,26,11,-30.23,23.17,-3.23
1303,35,7,7,7,26,13,-30.23,23.17,-3.23
1304,35,7,7,7,31,7,-30.23,23.17,-3.23
1305,35,7,7,7,31,9,-30.23,23.17,-3.23
1306,35,7,7,7,31,11,-30.23,23.17,-3.23
1307,35,7,7,7,31,13,-30.23,23.17,-3.23
1308,35,7,7,7,36,7,-30.23,23.17,-3.23
1309,35,7,7,7,36,9,-29.95,22.92,-3.31
1310,35,7,7,7,36,11,-34.13,23.73,-2.57
1311,35,7,7,7,36,13,-25.52,21.11,-0.64
1312,35,7,7,10,21,7,-30.23,23.17,-3.23
1313,35,7,7,10,21,9,-30.23,23.17,-3.23
1314,35,7,7,10,21,11,-30.23,23.17,-3.23
1315,35,7,7,10,21,13,-30.23,23.17,-3.23
1316,35,7,7,10,26,7,-30.23,23.17,-3.23
1317,35,7,7,10,26,9,-30.23,23.17,-3.23
1318,35,7,7,10,26,11,-30.23,23.17,-3.23
1319,35,7,7,10,26,13,-30.23,23.17,-3.23
1320,35,7,7,10,31,7,-30.23,23.17,-3.23
1321,35,7,7,10,31,9,-30.23,23.17,-3.23
1322,35,7,7,10,31,11,-30.23,23.17,-3.23
1323,35,7,7,10,31,13,-30.23,23.17,-3.23
1324,35,7,7,10,36,7,-30.23,23.17,-3.23
1325,35,7,7,10,36,9,-29.95,22.92,-3.31
1326,35,7,7,10,36,11,-34.13,23.73,-2.57
1327,35,7,7,10,36,13,-28.24,21.09,-0.66
1328,35,7,7,13,21,7,-30.23,23.17,-3.23
1329,35,7,7,13,21,9,-30.23,23.17,-3.23
1330,35,7,7,13,21,11,-30.23,23.17,-3.23
1331,35,7,7,13,21,13,-30.23,23.17,-3.23
1332,35,7,7,13,26,7,-30.23,23.17,-3.23
1333,35,7,7,13,26,9,-30.23,23.17,-3.23
1334,35,7,7,13,26,11,-30.23,23.17,-3.23
1335,35,7,7,13,26,13,-30.23,23.17,-3.23
1336,35,7,7,13,31,7,-30.23,23.17,-3.23
1337,35,7,7,13,31,9,-30.23,23.17,-3.23
1338,35,7,7,13,31,11,-30.23,23.17,-3.23
1339,35,7,7,13,31,13,-30.23,23.17,-3.23
1340,35,7,7,13,36,7,-30.23,23.17,-3.23
1341,35,7,7,13,36,9,-29.95,22.92,-3.31
1342,35,7,7,13,36,11,-34.13,23.73,-2.57
1343,35,7,7,13,36,13,-27.27,21.01,-0.65
1344,35,7,9,7,21,7,-42.33,30.14,-1.95
1345,35,7,9,7,21,9,-32.76,29.20,-0.69
1346,35,7,9,7,21,11,-4.81,17.40,-0.31
1347,35,7,9,7,21,13,-4.81,17.40,-0.31
1348,35,7,9,7,26,7,-32.76,29.20,-0.69
1349,35,7,9,7,26,9,-4.81,17.40,-0.31
1350,35,7,9,7,26,11,-4.81,17.40,-0.31
1351,35,7,9,7,26,13,-4.81,17.40,-0.31
1352,35,7,9,7,31,7,-32.76,29.20,-0.69
1353,35,7,9,7,31,9,-4.81,17.40,-0.31
1354,35,7,9,7,31,11,-4.81,17.40,-0.31
1355,35,7,9,7,31,13,-4.81,17.40,-0.31
1356,35,7,9,7,36,7,-32.76,29.20,-0.69
1357,35,7,9,7,36,9,-4.40,17.14,-0.29
1358,35,7,9,7,36,11,-10.11,18.01,-0.42
1359,35,7,9,7,36,13,-4.18,12.41,-0.29
1360,35,7,9,10,21,7,-4.81,17.40,-0.31
1361,35,7,9,10,21,9,-4.81,17.40,-0.31
1362,35,7,9,10,21,11,-4.81,17.40,-0.31
1363,35,7,9,10,21,13,-4.81,17.40,-0.31
1364,35,7,9,10,26,7,-4.81,17.40,-0.31
1365,35,7,9,10,26,9,-4.81,17.40,-0.31
1366,35,7,9,10,26,11,-4.81,17.40,-0.31
1367,35,7,9,10,26,13,-4.81,17.40,-0.31
1368,35,7,9,10,31,7,-4.81,17.40,-0.31
1369,35,7,9,10,31,9,-4.81,17.40,-0.31
1370,35,7,9,10,31,11,-4.81,17.40,-0.31
1371,35,7,9,10,31,13,-4.81,17.40,-0.31
1372,35,7,9,10,36,7,-4.81,17.40,-0.31
1373,35,7,9,10,36,9,-4.40,17.14,-0.29
1374,35,7,9,10,36,11,-10.11,18.01,-0.42
1375,35,7,9,10,36,13,-7.67,12.39,-0.37
1376,35,7,9,13,21,7,-4.81,17.40,-0.31
1377,35,7,9,13,21,9,-4.81,17.40,-0.31
1378,35,7,9,13,21,11,-4.81,17.40,-0.31
1379,35,7,9,13,21,13,-4.81,17.40,-0.31
1380,35,7,9,13,26,7,-4.81,17.40,-0.31
1381,35,7,9,13,26,9,-4.81,17.40,-0.31
1382,35,7,9,13,26,11,-4.81,17.40,-0.31
1383,35,7,9,13,26,13,-4.81,17.40,-0.31
1384,35,7,9,13,31,7,-4.81,17.40,-0.31
1385,35,7,9,13,31,9,-4.81,17.40,-0.31
1386,35,7,9,13,31,11,-4.81,17.40,-0.31
1387,35,7,9,13,31,13,-4.81,17.40,-0.31
1388,35,7,9,13,36,7,-4.81,17.40,-0.31
1389,35,7,9,13,36,9,-4.40,17.14,-0.29
1390,35,7,9,13,36,11,-10.11,18.01,-0.42
1391,35,7,9,13,36,13,-6.39,12.31,-0.34
1392,35,7,11,7,21,7,-42.25,30.01,-1.95
1393,35,7,11,7,21,9,-33.37,29.44,-0.69
1394,35,7,11,7,21,11,-33.37,29.44,-0.69
1395,35,7,11,7,21,13,-33.37,29.44,-0.69
1396,35,7,11,7,26,7,-33.37,29.44,-0.69
1397,35,7,11,7,26,9,-33.37,29.44,-0.69
1398,35,7,11,7,26,11,-33.37,29.44,-0.69
1399,35,7,11,7,26,13,-33.37,29.44,-0.69
1400,35,7,11,7,31,7,-33.37,29.44,-0.69
1401,35,7,11,7,31,9,-33.37,29.44,-0.69
1402,35,7,11,7,31,11,-33.37,29.44,-0.69
1403,35,7,11,7,31,13,-33.37,29.44,-0.69
1404,35,7,11,7,36,7,-33.37,29.44,-0.69
1405,35,7,11,7,36,9,-33.37,29.44,-0.69
1406,35,7,11,7,36,11,-37.33,30.15,-0.71
1407,35,7,11,7,36,13,-36.50,30.21,-0.71
1408,35,7,11,10,21,7,-33.37,29.44,-0.69
1409,35,7,11,10,21,9,-33.37,29.44,-0.69
1410,35,7,11,10,21,11,-33.37,29.44,-0.69
1411,35,7,11,10,21,13,-33.37,29.44,-0.69
1412,35,7,11,10,26,7,-33.37,29.44,-0.69
1413,35,7,11,10,26,9,-33.37,29.44,-0.69
1414,35,7,11,10,26,11,-33.37,29.44,-0.69
1415,35,7,11,10,26,13,-33.37,29.44,-0.69
1416,35,7,11,10,31,7,-33.37,29.44,-0.69
1417,35,7,11,10,31,9,-33.37,29.44,-0.69
1418,35,7,11,10,31,11,-33.37,29.44,-0.69
1419,35,7,11,10,31,13,-33.37,29.44,-0.69
1420,35,7,11,10,36,7,-33.37,29.44,-0.69
1421,35,7,11,10,36,9,-33.37,29.44,-0.69
1422,35,7,11,10,36,11,-37.33,30.15,-0.71
1423,35,7,11,10,36,13,-36.50,30.21,-0.71
1424,35,7,11,13,21,7,-33.37,29.44,-0.69
1425,35,7,11,13,21,9,-33.37,29.44,-0.69
1426,35,7,11,13,21,11,-33.37,29.44,-0.69
1427,35,7,11,13,21,13,-33.37,29.44,-0.69
1428,35,7,11,13,26,7,-33.37,29.44,-0.69
1429,35,7,11,13,26,9,-33.37,29.44,-0.69
1430,35,7,11,13,26,11,-33.37,29.44,-0.69
1431,35,7,11,13,26,13,-33.37,29.44,-0.69
1432,35,7,11,13,31,7,-33.37,29.44,-0.69
1433,35,7,11,13,31,9,-33.37,29.44,-0.69
1434,35,7,11,13,31,11,-33.37,29.44,-0.69
1435,35,7,11,13,31,13,-33.37,29.44,-0.69
1436,35,7,11,13,36,7,-33.37,29.44,-0.69
1437,35,7,11,13,36,9,-33.37,29.44,-0.69
1438,35,7,11,13,36,11,-37.33,30.15,-0.71
1439,35,7,11,13,36,13,-36.50,30.21,-0.71
1440,35,9,7,7,21,7,-27.58,22.54,-4.11
1441,35,9,7,7,21,9,-27.58,22.54,-4.11
1442,35,9,7,7,21,11,-27.58,22.54,-4.11
1443,35,9,7,7,21,13,-27.58,22.54,-4.11
1444,35,9,7,7,26,7,-27.58,22.54,-4.11
1445,35,9,7,7,26,9,-27.58,22.54,-4.11
1446,35,9,7,7,26,11,-27.58,22.54,-4.11
1447,35,9,7,7,26,13,-27.58,22.54,-4.11
1448,35,9,7,7,31,7,-27.58,22.54,-4.11
1449,35,9,7,7,31,9,-27.58,22.54,-4.11
1450,35,9,7,7,31,11,-27.58,22.54,-4.11
1451,35,9,7,7,31,13,-27.58,22.54,-4.11
1452,35,9,7,7,36,7,-27.58,22.54,-4.11
1453,35,9,7,7,36,9,-27.58,22.54,-4.11
1454,35,9,7,7,36,11,-34.13,23.73,-2.57
1455,35,9,7,7,36,13,-25.52,21.11,-0.64
1456,35,9,7,10,21,7,-27.58,22.54,-4.11
1457,35,9,7,10,21,9,-27.58,22.54,-4.11
1458,35,9,7,10,21,11,-27.58,22.54,-4.11
1459,35,9,7,10,21,13,-27.58,22.54,-4.11
1460,35,9,7,10,26,7,-27.58,22.54,-4.11
1461,35,9,7,10,26,9,-27.58,22.54,-4.11
1462,35,9,7,10,26,11,-27.58,22.54,-4.11
1463,35,9,7,10,26,13,-27.58,22.54,-4.11
1464,35,9,7,10,31,7,-27.58,22.54,-4.11
1465,35,9,7,10,31,9,-27.58,22.54,-4.11
1466,35,9,7,10,31,11,-27.58,22.54,-4.11
1467,35,9,7,10,31,13,-27.58,22.54,-4.11
1468,35,9,7,10,36,7,-27.58,22.54,-4.11
1469,35,9,7,10,36,9,-27.58,22.54,-4.11
1470,35,9,7,10,36,11,-34.13,23.73,-2.57
1471,35,9,7,10,36,13,-28.24,21.09,-0.66
1472,35,9,7,13,21,7,-27.58,22.54,-4.11
1473,35,9,7,13,21,9,-27.58,22.54,-4.11
1474,35,9,7,13,21,11,-27.58,22.54,-4.11
1475,35,9,7,13,21,13,-27.58,22.54,-4.11
1476,35,9,7,13,26,7,-27.58,22.54,-4.11
1477,35,9,7,13,26,9,-27.58,22.54,-4.11
1478,35,9,7,13,26,11,-27.58,22.54,-4.11
1479,35,9,7,13,26,13,-27.58,22.54,-4.11
1480,35,9,7,13,31,7,-27.58,22.54,-4.11
1481,35,9,7,13,31,9,-27.58,22.54,-4.11
1482,35,9,7,13,31,11,-27.58,22.54,-4.11
1483,35,9,7,13,31,13,-27.58,22.54,-4.11
1484,35,9,7,13,36,7,-27.58,22.54,-4.11
1485,35,9,7,13,36,9,-27.58,22.54,-4.11
1486,35,9,7,13,36,11,-34.13,23.73,-2.57
1487,35,9,7,13,36,13,-27.27,21.01,-0.65
1488,35,9,9,7,21,7,-40.12,29.56,-2.06
1489,35,9,9,7,21,9,-30.20,28.62,-0.67
1490,35,9,9,7,21,11,-1.21,16.73,-0.20
1491,35,9,9,7,21,13,-1.21,16.73,-0.20
1492,35,9,9,7,26,7,-30.20,28.62,-0.67
1493,35,9,9,7,26,9,-1.21,16.73,-0.20
1494,35,9,9,7,26,11,-1.21,16.73,-0.20
1495,35,9,9,7,26,13,-1.21,16.73,-0.20
1496,35,9,9,7,31,7,-30.20,28.62,-0.67
1497,35,9,9,7,31,9,-1.21,16.73,-0.20
1498,35,9,9,7,31,11,-1.21,16.73,-0.20
1499,35,9,9,7,31,13,-1.21,16.73,-0.20
1500,35,9,9,7,36,7,-30.20,28.62,-0.67
1501,35,9,9,7,36,9,-1.21,16.73,-0.20
1502,35,9,9,7,36,11,-10.11,18.01,-0.42
1503,35,9,9,7,36,13,-4.18,12.41,-0.29
1504,35,9,9,10,21,7,-1.21,16.73,-0.20
1505,35,9,9,10,21,9,-1.21,16.73,-0.20
1506,35,9,9,10,21,11,-1.21,16.73,-0.20
1507,35,9,9,10,21,13,-1.21,16.73,-0.20
1508,35,9,9,10,26,7,-1.21,16.73,-0.20
1509,35,9,9,10,26,9,-1.21,16.73,-0.20
1510,35,9,9,10,26,11,-1.21,16.73,-0.20
1511,35,9,9,10,26,13,-1.21,16.73,-0.20
1512,35,9,9,10,31,7,-1.21,16.73,-0.20
1513,35,9,9,10,31,9,-1.21,16.73,-0.20
1514,35,9,9,10,31,11,-1.21,16.73,-0.20
1515,35,9,9,10,31,13,-1.21,16.73,-0.20
1516,35,9,9,10,36,7,-1.21,16.73,-0.20
1517,35,9,9,10,36,9,-1.21,16.73,-0.20
1518,35,9,9,10,36,11,-10.11,18.01,-0.42
1519,35,9,9,10,36,13,-7.67,12.39,-0.37
1520,35,9,9,13,21,7,-1.21,16.73,-0.20
1521,35,9,9,13,21,9,-1.21,16.73,-0.20
1522,35,9,9,13,21,11,-1.21,16.73,-0.20
1523,35,9,9,13,21,13,-1.21,16.73,-0.20
1524,35,9,9,13,26,7,-1.21,16.73,-0.20
1525,35,9,9,13,26,9,-1.21,16.73,-0.20
1526,35,9,9,13,26,11,-1.21,16.73,-0.20
1527,35,9,9,13,26,13,-1.21,16.73,-0.20
1528,35,9,9,13,31,7,-1.21,16.73,-0.20
1529,35,9,9,13,31,9,-1.21,16.73,-0.20
1530,35,9,9,13,31,11,-1.21,16.73,-0.20
1531,35,9,9,13,31,13,-1.21,16.73,-0.20
1532,35,9,9,13,36,7,-1.21,16.73,-0.20
1533,35,9,9,13,36,9,-1.21,16.73,-0.20
1534,35,9,9,13,36,11,-10.11,18.01,-0.42
1535,35,9,9,13,36,13,-6.39,12.31,-0.34
1536,35,9,11,7,21,7,-40.34,29.69,-2.05
1537,35,9,11,7,21,9,-31.16,29.10,-0.67
1538,35,9,11,7,21,11,-31.16,29.10,-0.67
1539,35,9,11,7,21,13,-31.16,29.10,-0.67
1540,35,9,11,7,26,7,-31.16,29.10,-0.67
1541,35,9,11,7,26,9,-31.16,29.10,-0.67
1542,35,9,11,7,26,11,-31.16,29.10,-0.67
1543,35,9,11,7,26,13,-31.16,29.10,-0.67
1544,35,9,11,7,31,7,-31.16,29.10,-0.67
1545,35,9,11,7,31,9,-31.16,29.10,-0.67
1546,35,9,11,7,31,11,-31.16,29.10,-0.67
1547,35,9,11,7,31,13,-31.16,29.10,-0.67
1548,35,9,11,7,36,7,-31.16,29.10,-0.67
1549,35,9,11,7,36,9,-31.16,29.10,-0.67
1550,35,9,11,7,36,11,-37.33,30.15,-0.71
1551,35,9,11,7,36,13,-36.50,30.21,-0.71
1552,35,9,11,10,21,7,-31.16,29.10,-0.67
1553,35,9,11,10,21,9,-31.16,29.10,-0.67
1554,35,9,11,10,21,11,-31.16,29.10,-0.67
1555,35,9,11,10,21,13,-31.16,29.10,-0.67
1556,35,9,11,10,26,7,-31.16,29.10,-0.67
1557,35,9,11,10,26,9,-31.16,29.10,-0.67
1558,35,9,11,10,26,11,-31.16,29.10,-0.67
1559,35,9,11,10,26,13,-31.16,29.10,-0.67
1560,35,9,11,10,31,7,-31.16,29.10,-0.67
1561,35,9,11,10,31,9,-31.16,29.10,-0.67
1562,35,9,11,10,31,11,-31.16,29.10,-0.67
1563,35,9,11,10,31,13,-31.16,29.10,-0.67
1564,35,9,11,10,36,7,-31.16,29.10,-0.67
1565,35,9,11,10,36,9,-31.16,29.10,-0.67
1566,35,9,11,10,36,11,-37.33,30.15,-0.71
1567,35,9,11,10,36,13,-36.50,30.21,-0.71
1568,35,9,11,13,21,7,-31.16,29.10,-0.67
1569,35,9,11,13,21,9,-31.16,29.10,-0.67
1570,35,9,11,13,21,11,-31.16,29.10,-0.67
1571,35,9,11,13,21,13,-31.16,29.10,-0.67
1572,35,9,11,13,26,7,-31.16,29.10,-0.67
1573,35,9,11,13,26,9,-31.16,29.10,-0.67
1574,35,9,11,13,26,11,-31.16,29.10,-0.67
1575,35,9,11,13,26,13,-31.16,29.10,-0.67
1576,35,9,11,13,31,7,-31.16,29.10,-0.67
1577,35,9,11,13,31,9,-31.16,29.10,-0.67
1578,35,9,11,13,31,11,-31.16,29.10,-0.67
1579,35,9,11,13,31,13,-31.16,29.10,-0.67
1580,35,9,11,13,36,7,-31.16,29.10,-0.67
1581,35,9,11,13,36,9,-31.16,29.10,-0.67
1582,35,9,11,13,36,11,-37.33,30.15,-0.71
1583,35,9,11,13,36,13,-36.50,30.21,-0.71
1584,35,11,7,7,21,7,-39.37,24.30,-2.11
1585,35,11,7,7,21,9,-39.37,24.30,-2.11
1586,35,11,7,7,21,11,-39.37,24.30,-2.11
1587,35,11,7,7,21,13,-39.37,24.30,-2.11
1588,35,11,7,7,26,7,-39.37,24.30,-2.11
1589,35,11,7,7,26,9,-39.37,24.30,-2.11
1590,35,11,7,7,26,11,-39.37,24.30,-2.11
1591,35,11,7,7,26,13,-39.37,24.30,-2.11
1592,35,11,7,7,31,7,-39.37,24.30,-2.11
1593,35,11,7,7,31,9,-39.37,24.30,-2.11
1594,35,11,7,7,31,11,-39.37,24.30,-2.11
1595,35,11,7,7,31,13,-25.52,21.11,-0.64
1596,35,11,7,7,36,7,-39.37,24.30,-2.11
1597,35,11,7,7,36,9,-39.37,24.30,-2.11
1598,35,11,7,7,36,11,-39.37,24.30,-2.11
1599,35,11,7,7,36,13,-25.52,21.11,-0.64
1600,35,11,7,10,21,7,-39.37,24.30,-2.11
1601,35,11,7,10,21,9,-39.37,24.30,-2.11
1602,35,11,7,10,21,11,-25.52,21.11,-0.64
1603,35,11,7,10,21,13,-25.52,21.11,-0.64
1604,35,11,7,10,26,7,-39.37,24.30,-2.11
1605,35,11,7,10,26,9,-39.37,24.30,-2.11
1606,35,11,7,10,26,11,-25.52,21.11,-0.64
1607,35,11,7,10,26,13,-25.52,21.11,-0.64
1608,35,11,7,10,31,7,-39.37,24.30,-2.11
1609,35,11,7,10,31,9,-25.52,21.11,-0.64
1610,35,11,7,10,31,11,-25.52,21.11,-0.64
1611,35,11,7,10,31,13,-25.52,21.11,-0.64
1612,35,11,7,10,36,7,-39.37,24.30,-2.11
1613,35,11,7,10,36,9,-25.52,21.11,-0.64
1614,35,11,7,10,36,11,-28.24,21.09,-0.66
1615,35,11,7,10,36,13,-28.24,21.09,-0.66
1616,35,11,7,13,21,7,-39.37,24.30,-2.11
1617,35,11,7,13,21,9,-25.52,21.11,-0.64
1618,35,11,7,13,21,11,-25.52,21.11,-0.64
1619,35,11,7,13,21,13,-28.24,21.09,-0.66
1620,35,11,7,13,26,7,-39.37,24.30,-2.11
1621,35,11,7,13,26,9,-25.52,21.11,-0.64
1622,35,11,7,13,26,11,-28.24,21.09,-0.66
1623,35,11,7,13,26,13,-28.24,21.09,-0.66
1624,35,11,7,13,31,7,-25.52,21.11,-0.64
1625,35,11,7,13,31,9,-25.52,21.11,-0.64
1626,35,11,7,13,31,11,-28.24,21.09,-0.66
1627,35,11,7,13,31,13,-28.24,21.09,-0.66
1628,35,11,7,13,36,7,-25.52,21.11,-0.64
1629,35,11,7,13,36,9,-28.24,21.09,-0.66
1630,35,11,7,13,36,11,-28.24,21.09,-0.66
1631,35,11,7,13,36,13,-27.27,21.01,-0.65
1632,35,11,9,7,21,7,-45.00,30.58,-1.83
1633,35,11,9,7,21,9,-35.89,29.65,-0.70
1634,35,11,9,7,21,11,-9.27,17.95,-0.40
1635,35,11,9,7,21,13,-9.27,17.95,-0.40
1636,35,11,9,7,26,7,-35.89,29.65,-0.70
1637,35,11,9,7,26,9,-9.27,17.95,-0.40
1638,35,11,9,7,26,11,-9.27,17.95,-0.40
1639,35,11,9,7,26,13,-9.27,17.95,-0.40
1640,35,11,9,7,31,7,-35.89,29.65,-0.70
1641,35,11,9,7,31,9,-9.27,17.95,-0.40
1642,35,11,9,7,31,11,-9.27,17.95,-0.40
1643,35,11,9,7,31,13,-9.27,17.95,-0.40
1644,35,11,9,7,36,7,-35.89,29.65,-0.70
1645,35,11,9,7,36,9,-9.27,17.95,-0.40
1646,35,11,9,7,36,11,-9.27,17.95,-0.40
1647,35,11,9,7,36,13,-4.18,12.41,-0.29
1648,35,11,9,10,21,7,-9.27,17.95,-0.40
1649,35,11,9,10,21,9,-9.27,17.95,-0.40
1650,35,11,9,10,21,11,-9.27,17.95,-0.40
1651,35,11,9,10,21,13,-9.27,17.95,-0.40
1652,35,11,9,10,26,7,-9.27,17.95,-0.40
1653,35,11,9,10,26,9,-9.27,17.95,-0.40
1654,35,11,9,10,26,11,-9.27,17.95,-0.40
1655,35,11,9,10,26,13,-9.27,17.95,-0.40
1656,35,11,9,10,31,7,-9.27,17.95,-0.40
1657,35,11,9,10,31,9,-9.27,17.95,-0.40
1658,35,11,9,10,31,11,-9.27,17.95,-0.40
1659,35,11,9,10,31,13,-9.27,17.95,-0.40
1660,35,11,9,10,36,7,-9.27,17.95,-0.40
1661,35,11,9,10,36,9,-9.27,17.95,-0.40
1662,35,11,9,10,36,11,-9.27,17.95,-0.40
1663,35,11,9,10,36,13,-7.67,12.39,-0.37
1664,35,11,9,13,21,7,-9.27,17.95,-0.40
1665,35,11,9,13,21,9,-9.27,17.95,-0.40
1666,35,11,9,13,21,11,-9.27,17.95,-0.40
1667,35,11,9,13,21,13,-9.27,17.95,-0.40
1668,35,11,9,13,26,7,-9.27,17.95,-0.40
1669,35,11,9,13,26,9,-9.27,17.95,-0.40
1670,35,11,9,13,26,11,-9.27,17.95,-0.40
1671,35,11,9,13,26,13,-9.27,17.95,-0.40
1672,35,11,9,13,31,7,-9.27,17.95,-0.40
1673,35,11,9,13,31,9,-9.27,17.95,-0.40
1674,35,11,9,13,31,11,-9.27,17.95,-0.40
1675,35,11,9,13,31,13,-9.27,17.95,-0.40
1676,35,11,9,13,36,7,-9.27,17.95,-0.40
1677,35,11,9,13,36,9,-9.27,17.95,-0.40
1678,35,11,9,13,36,11,-9.27,17.95,-0.40
1679,35,11,9,13,36,13,-6.39,12.31,-0.34
1680,35,11,11,7,21,7,-45.20,30.71,-1.83
1681,35,11,11,7,21,9,-36.78,30.13,-0.71
1682,35,11,11,7,21,11,-36.78,30.13,-0.71
1683,35,11,11,7,21,13,-36.78,30.13,-0.71
1684,35,11,11,7,26,7,-36.78,30.13,-0.71
1685,35,11,11,7,26,9,-36.78,30.13,-0.71
1686,35,11,11,7,26,11,-36.78,30.13,-0.71
1687,35,11,11,7,26,13,-36.78,30.13,-0.71
1688,35,11,11,7,31,7,-36.78,30.13,-0.71
1689,35,11,11,7,31,9,-36.78,30.13,-0.71
1690,35,11,11,7,31,11,-36.78,30.13,-0.71
1691,35,11,11,7,31,13,-36.78,30.13,-0.71
1692,35,11,11,7,36,7,-36.78,30.13,-0.71
1693,35,11,11,7,36,9,-36.78,30.13,-0.71
1694,35,11,11,7,36,11,-36.78,30.13,-0.71
1695,35,11,11,7,36,13,-36.50,30.21,-0.71
1696,35,11,11,10,21,7,-36.78,30.13,-0.71
1697,35,11,11,10,21,9,-36.78,30.13,-0.71
1698,35,11,11,10,21,11,-36.78,30.13,-0.71
1699,35,11,11,10,21,13,-36.78,30.13,-0.71
1700,35,11,11,10,26,7,-36.78,30.13,-0.71
1701,35,11,11,10,26,9,-36.78,30.13,-0.71
1702,35,11,11,10,26,11,-36.78,30.13,-0.71
1703,35,11,11,10,26,13,-36.78,30.13,-0.71
1704,35,11,11,10,31,7,-36.78,30.13,-0.71
1705,35,11,11,10,31,9,-36.78,30.13,-0.71
1706,35,11,11,10,31,11,-36.78,30.13,-0.71
1707,35,11,11,10,31,13,-36.78,30.13,-0.71
1708,35,11,11,10,36,7,-36.78,30.13,-0.71
1709,35,11,11,10,36,9,-36.78,30.13,-0.71
1710,35,11,11,10,36,11,-36.78,30.13,-0.71
1711,35,11,11,10,36,13,-36.50,30.21,-0.71
1712,35,11,11,13,21,7,-36.78,30.13,-0.71
1713,35,11,11,13,21,9,-36.78,30.13,-0.71
1714,35,11,11,13,21,11,-36.78,30.13,-0.71
1715,35,11,11,13,21,13,-36.78,30.13,-0.71
1716,35,11,11,13,26,7,-36.78,30.13,-0.71
1717,35,11,11,13,26,9,-36.78,30.13,-0.71
1718,35,11,11,13,26,11,-36.78,30.13,-0.71
1719,35,11,11,13,26,13,-36.78,30.13,-0.71
1720,35,11,11,13,31,7,-36.78,30.13,-0.71
1721,35,11,11,13,31,9,-36.78,30.13,-0.71
1722,35,11,11,13,31,11,-36.78,30.13,-0.71
1723,35,11,11,13,31,13,-36.78,30.13,-0.71
1724,35,11,11,13,36,7,-36.78,30.13,-0.71
1725,35,11,11,13,36,9,-36.78,30.13,-0.71
1726,35,11,11,13,36,11,-36.78,30.13,-0.71
1727,35,11,11,13,36,13,-36.50,30.21,-0.71
