,pfast,pmid,pslow,return,dd,sharpe
0,3,10,21,-34.30,28.81,-1.08
1,3,10,22,-30.65,31.17,-0.62
2,3,10,23,-26.94,29.52,-0.55
3,3,10,24,-26.65,29.18,-0.55
4,3,10,25,-31.67,31.34,-0.66
5,3,10,26,-34.86,33.14,-0.71
6,3,10,27,-37.99,35.41,-0.73
7,3,10,28,-39.25,36.34,-0.74
8,3,10,29,-1.68,19.42,-0.06
9,3,10,30,-21.04,28.37,-0.30
10,3,10,31,-20.46,28.62,-0.29
11,3,10,32,-18.65,28.29,-0.26
12,3,10,33,-17.70,28.26,-0.23
13,3,10,34,-25.08,24.64,-0.64
14,3,10,35,-27.06,25.79,-0.66
15,3,10,36,-27.43,26.08,-0.66
16,3,10,37,-26.93,25.67,-0.66
17,3,10,38,-26.80,25.59,-0.66
18,3,10,39,-26.83,25.79,-0.66
19,3,10,40,-19.61,28.97,-0.26
20,3,11,21,-38.80,32.48,-0.98
21,3,11,22,-36.76,31.17,-0.96
22,3,11,23,-26.94,29.52,-0.55
23,3,11,24,-26.65,29.18,-0.55
24,3,11,25,-31.67,31.34,-0.66
25,3,11,26,-34.86,33.14,-0.71
26,3,11,27,-37.99,35.41,-0.73
27,3,11,28,-39.25,36.34,-0.74
28,3,11,29,-22.75,28.65,-0.34
29,3,11,30,-21.04,28.37,-0.30
30,3,11,31,-20.46,28.62,-0.29
31,3,11,32,-21.82,29.73,-0.29
32,3,11,33,-19.72,29.09,-0.25
33,3,11,34,-26.27,25.36,-0.64
34,3,11,35,-27.06,25.79,-0.66
35,3,11,36,-27.43,26.08,-0.66
36,3,11,37,-26.93,25.67,-0.66
37,3,11,38,-26.80,25.59,-0.66
38,3,11,39,-26.83,25.79,-0.66
39,3,11,40,-19.61,28.97,-0.26
40,3,12,21,-38.80,32.48,-0.98
41,3,12,22,-45.24,36.41,-0.97
42,3,12,23,-37.14,35.25,-0.62
43,3,12,24,-35.25,33.75,-0.62
44,3,12,25,-36.56,33.58,-0.69
45,3,12,26,-40.35,35.75,-0.74
46,3,12,27,-42.66,37.40,-0.75
47,3,12,28,-45.62,39.66,-0.77
48,3,12,29,-22.75,28.65,-0.34
49,3,12,30,-21.04,28.37,-0.30
50,3,12,31,-23.23,29.86,-0.31
51,3,12,32,-21.82,29.73,-0.29
52,3,12,33,-19.72,29.09,-0.25
53,3,12,34,-26.27,25.36,-0.64
54,3,12,35,-27.06,25.79,-0.66
55,3,12,36,-27.43,26.08,-0.66
56,3,12,37,-22.80,23.72,-0.61
57,3,12,38,-22.61,23.60,-0.61
58,3,12,39,-22.96,24.00,-0.62
59,3,12,40,-15.48,27.06,-0.22
60,3,13,21,-43.52,38.06,-0.76
61,3,13,22,-39.89,36.41,-0.68
62,3,13,23,-37.14,35.25,-0.62
63,3,13,24,-35.25,33.75,-0.62
64,3,13,25,-36.56,33.58,-0.69
65,3,13,26,-40.35,35.75,-0.74
66,3,13,27,-42.66,37.40,-0.75
67,3,13,28,-45.62,39.66,-0.77
68,3,13,29,-22.75,28.65,-0.34
69,3,13,30,-23.06,29.33,-0.32
70,3,13,31,-23.23,29.86,-0.31
71,3,13,32,-21.82,29.73,-0.29
72,3,13,33,-19.72,29.09,-0.25
73,3,13,34,-22.22,23.35,-0.61
74,3,13,35,-22.36,23.48,-0.61
75,3,13,36,-22.78,23.80,-0.61
76,3,13,37,-22.80,23.72,-0.61
77,3,13,38,-22.61,23.60,-0.61
78,3,13,39,-6.13,14.86,-0.36
79,3,13,40,2.72,19.59,0.04
80,3,14,21,-47.64,38.06,-0.99
81,3,14,22,-45.24,36.41,-0.97
82,3,14,23,-37.14,35.25,-0.62
83,3,14,24,-50.04,39.89,-0.71
84,3,14,25,-48.57,38.03,-0.75
85,3,14,26,-48.86,37.84,-0.78
86,3,14,27,-52.78,40.63,-0.79
87,3,14,28,-45.62,39.66,-0.77
88,3,14,29,-23.88,29.14,-0.35
89,3,14,30,-23.06,29.33,-0.32
90,3,14,31,-23.23,29.86,-0.31
91,3,14,32,-17.94,28.04,-0.25
92,3,14,33,-16.28,27.64,-0.22
93,3,14,34,-22.22,23.35,-0.61
94,3,14,35,-22.36,23.48,-0.61
95,3,14,36,-5.77,14.52,-0.36
96,3,14,37,-5.56,14.33,-0.35
97,3,14,38,-5.63,14.39,-0.35
98,3,14,39,-6.13,14.86,-0.36
99,3,14,40,2.72,19.59,0.04
100,3,15,21,-38.80,32.48,-0.98
101,3,15,22,-45.24,36.41,-0.97
102,3,15,23,-37.14,35.25,-0.62
103,3,15,24,-50.04,39.89,-0.71
104,3,15,25,-48.57,38.03,-0.75
105,3,15,26,-48.86,37.84,-0.78
106,3,15,27,-52.78,40.63,-0.79
107,3,15,28,-45.62,39.66,-0.77
108,3,15,29,-23.88,29.14,-0.35
109,3,15,30,-17.88,26.94,-0.26
110,3,15,31,-18.78,27.85,-0.27
111,3,15,32,-17.94,28.04,-0.25
112,3,15,33,2.75,19.74,0.04
113,3,15,34,-5.72,14.48,-0.35
114,3,15,35,-5.64,14.41,-0.35
115,3,15,36,-5.77,14.52,-0.36
116,3,15,37,-37.76,36.35,-1.31
117,3,15,38,-37.87,36.47,-1.31
118,3,15,39,-37.89,36.47,-1.30
119,3,15,40,-38.03,32.94,-0.73
120,3,16,21,-34.46,32.67,-1.45
121,3,16,22,-23.31,31.26,-0.66
122,3,16,23,-21.00,30.26,-0.59
123,3,16,24,-34.13,34.62,-0.67
124,3,16,25,-32.06,33.03,-0.66
125,3,16,26,-21.88,30.69,-0.61
126,3,16,27,-24.43,32.11,-0.68
127,3,16,28,-26.79,34.04,-0.71
128,3,16,29,-20.14,24.53,-0.66
129,3,16,30,-19.94,24.33,-0.65
130,3,16,31,-20.70,25.23,-0.65
131,3,16,32,-5.07,16.27,-0.38
132,3,16,33,-4.68,16.05,-0.37
133,3,16,34,-4.48,15.41,-0.38
134,3,16,35,-35.07,26.76,-3.46
135,3,16,36,-46.26,40.69,-1.03
136,3,16,37,-45.36,39.90,-1.02
137,3,16,38,-44.00,38.78,-1.02
138,3,16,39,-43.47,38.51,-1.00
139,3,16,40,-43.09,38.45,-0.98
140,3,17,21,-46.51,41.76,-1.17
141,3,17,22,-44.81,39.95,-1.19
142,3,17,23,-50.30,44.93,-0.77
143,3,17,24,-16.98,24.85,-0.87
144,3,17,25,-45.48,41.46,-0.73
145,3,17,26,-45.99,41.26,-0.77
146,3,17,27,-50.39,44.32,-0.81
147,3,17,28,-53.16,46.60,-0.83
148,3,17,29,31.61,24.53,0.55
149,3,17,30,16.58,14.48,0.55
150,3,17,31,15.93,15.32,0.50
151,3,17,32,16.78,15.52,0.53
152,3,17,33,-5.47,16.33,-0.39
153,3,17,34,-5.10,15.71,-0.39
154,3,17,35,-5.58,15.71,-0.42
155,3,17,36,-46.26,40.69,-1.03
156,3,17,37,-45.36,39.90,-1.02
157,3,17,38,-44.00,38.78,-1.02
158,3,17,39,-43.47,38.51,-1.00
159,3,17,40,-43.09,38.45,-0.98
160,3,18,21,-21.09,23.66,-3.50
161,3,18,22,-54.76,46.19,-1.15
162,3,18,23,-45.66,44.01,-0.75
163,3,18,24,-8.04,25.05,-0.42
164,3,18,25,-22.27,31.64,-0.57
165,3,18,26,-41.16,40.44,-0.75
166,3,18,27,-45.84,43.41,-0.80
167,3,18,28,29.87,24.80,0.52
168,3,18,29,14.73,14.81,0.48
169,3,18,30,16.58,14.48,0.55
170,3,18,31,15.93,15.32,0.50
171,3,18,32,-5.77,16.60,-0.40
172,3,18,33,-5.47,16.33,-0.39
173,3,18,34,-5.10,15.71,-0.39
174,3,18,35,-5.58,15.71,-0.42
175,3,18,36,-46.26,40.69,-1.03
176,3,18,37,-45.36,39.90,-1.02
177,3,18,38,-44.00,38.78,-1.02
178,3,18,39,-39.10,32.22,-1.53
179,3,18,40,-38.95,32.47,-1.50
180,3,19,21,-24.37,24.06,-2.70
181,3,19,22,-26.40,25.00,-3.80
182,3,19,23,-43.36,43.41,-0.74
183,3,19,24,-40.08,38.90,-0.70
184,3,19,25,-19.03,31.72,-0.54
185,3,19,26,-17.38,29.85,-0.56
186,3,19,27,-38.81,36.40,-0.77
187,3,19,28,-41.91,38.61,-0.80
188,3,19,29,16.77,13.58,0.60
189,3,19,30,-47.28,43.03,-0.82
190,3,19,31,-48.43,44.13,-0.82
191,3,19,32,-49.37,45.05,-0.81
192,3,19,33,-50.79,46.34,-0.81
193,3,19,34,-45.03,39.97,-1.00
194,3,19,35,-45.20,39.97,-1.01
195,3,19,36,-45.45,39.97,-1.03
196,3,19,37,-44.64,39.22,-1.03
197,3,19,38,-43.27,38.10,-1.02
198,3,19,39,-37.52,30.86,-1.55
199,3,19,40,-37.34,30.95,-1.52
200,3,20,21,-15.70,24.06,-0.91
201,3,20,22,-15.15,26.51,-0.58
202,3,20,23,10.98,20.70,0.79
203,3,20,24,-39.62,38.94,-0.65
204,3,20,25,47.38,18.73,1.37
205,3,20,26,-33.22,31.74,-0.84
206,3,20,27,-31.31,30.43,-0.81
207,3,20,28,-40.85,38.61,-0.74
208,3,20,29,-43.17,40.45,-0.75
209,3,20,30,-46.29,43.03,-0.77
210,3,20,31,-47.54,44.13,-0.77
211,3,20,32,-48.71,45.05,-0.78
212,3,20,33,-42.77,38.85,-0.93
213,3,20,34,-44.14,39.97,-0.94
214,3,20,35,-44.14,39.97,-0.94
215,3,20,36,-44.14,39.97,-0.94
216,3,20,37,-35.93,28.95,-1.36
217,3,20,38,-35.93,28.95,-1.36
218,3,20,39,-35.93,28.95,-1.36
219,3,20,40,-35.93,28.95,-1.36
220,4,10,21,-43.16,33.55,-1.09
221,4,10,22,-46.28,35.18,-1.08
222,4,10,23,-39.46,33.44,-0.81
223,4,10,24,-2.86,10.97,-0.62
224,4,10,25,-42.61,35.54,-0.82
225,4,10,26,-45.18,37.27,-0.83
226,4,10,27,-48.88,39.86,-0.84
227,4,10,28,-50.16,40.68,-0.85
228,4,10,29,-4.79,19.88,-0.11
229,4,10,30,-22.12,28.30,-0.30
230,4,10,31,-20.48,28.34,-0.26
231,4,10,32,-19.05,27.82,-0.25
232,4,10,33,-18.53,28.11,-0.23
233,4,10,34,-18.59,28.61,-0.22
234,4,10,35,-21.09,30.29,-0.23
235,4,10,36,-21.11,30.65,-0.22
236,4,10,37,-20.78,30.58,-0.21
237,4,10,38,-20.49,30.66,-0.21
238,4,10,39,-20.06,30.31,-0.21
239,4,10,40,-20.12,29.88,-0.22
240,4,11,21,-36.28,32.16,-0.85
241,4,11,22,-33.91,30.84,-0.81
242,4,11,23,-30.57,29.49,-0.74
243,4,11,24,-2.86,10.97,-0.62
244,4,11,25,-32.75,31.53,-0.72
245,4,11,26,-35.85,32.81,-0.78
246,4,11,27,-39.92,35.25,-0.84
247,4,11,28,-41.21,36.05,-0.85
248,4,11,29,-24.02,23.21,-0.58
249,4,11,30,-22.60,23.36,-0.51
250,4,11,31,-21.33,22.90,-0.49
251,4,11,32,-23.39,24.37,-0.49
252,4,11,33,-21.59,23.97,-0.45
253,4,11,34,-25.50,22.97,-0.78
254,4,11,35,-26.30,23.12,-0.80
255,4,11,36,-26.64,23.21,-0.81
256,4,11,37,-26.40,23.07,-0.81
257,4,11,38,-26.27,23.00,-0.80
258,4,11,39,-25.78,22.73,-0.80
259,4,11,40,-21.35,23.61,-0.46
260,4,12,21,-36.28,32.16,-0.85
261,4,12,22,-36.07,31.22,-0.81
262,4,12,23,-33.45,30.26,-0.75
263,4,12,24,-30.49,29.23,-0.70
264,4,12,25,-30.45,28.99,-0.71
265,4,12,26,-34.51,30.57,-0.78
266,4,12,27,-37.60,32.24,-0.83
267,4,12,28,-41.04,34.58,-0.85
268,4,12,29,-29.93,26.06,-0.63
269,4,12,30,-28.10,25.46,-0.57
270,4,12,31,-29.50,26.62,-0.57
271,4,12,32,-29.16,26.71,-0.54
272,4,12,33,-28.00,26.14,-0.51
273,4,12,34,-31.27,25.84,-0.81
274,4,12,35,-31.21,25.72,-0.82
275,4,12,36,-32.00,26.18,-0.83
276,4,12,37,-28.78,24.75,-0.82
277,4,12,38,-28.44,24.48,-0.82
278,4,12,39,-28.30,24.35,-0.82
279,4,12,40,-24.82,24.69,-0.49
280,4,13,21,-39.03,32.91,-0.86
281,4,13,22,-36.07,31.22,-0.81
282,4,13,23,-33.45,30.26,-0.75
283,4,13,24,-15.62,16.32,-1.06
284,4,13,25,-30.45,28.99,-0.71
285,4,13,26,-34.51,30.57,-0.78
286,4,13,27,-37.60,32.24,-0.83
287,4,13,28,-41.04,34.58,-0.85
288,4,13,29,-29.93,26.06,-0.63
289,4,13,30,-30.23,27.07,-0.58
290,4,13,31,-29.50,26.62,-0.57
291,4,13,32,-29.16,26.71,-0.54
292,4,13,33,-28.00,26.14,-0.51
293,4,13,34,-28.20,24.52,-0.79
294,4,13,35,-27.76,24.07,-0.80
295,4,13,36,-28.58,24.56,-0.82
296,4,13,37,-28.78,24.75,-0.82
297,4,13,38,-28.44,24.48,-0.82
298,4,13,39,-15.93,17.00,-0.72
299,4,13,40,-12.21,17.56,-0.34
300,4,14,21,-39.03,32.91,-0.86
301,4,14,22,-36.07,31.22,-0.81
302,4,14,23,-33.45,30.26,-0.75
303,4,14,24,-15.62,16.32,-1.06
304,4,14,25,-52.21,39.89,-0.81
305,4,14,26,-52.60,39.70,-0.84
306,4,14,27,-56.92,42.49,-0.89
307,4,14,28,-41.04,34.58,-0.85
308,4,14,29,-31.45,27.27,-0.64
309,4,14,30,-30.23,27.07,-0.58
310,4,14,31,-29.50,26.62,-0.57
311,4,14,32,-26.23,25.68,-0.52
312,4,14,33,-25.45,25.39,-0.49
313,4,14,34,-28.20,24.52,-0.79
314,4,14,35,-27.76,24.07,-0.80
315,4,14,36,-16.18,17.09,-0.73
316,4,14,37,-16.16,17.16,-0.73
317,4,14,38,-15.91,17.07,-0.72
318,4,14,39,-15.93,17.00,-0.72
319,4,14,40,-12.21,17.56,-0.34
320,4,15,21,-36.28,32.16,-0.85
321,4,15,22,-36.07,31.22,-0.81
322,4,15,23,-33.45,30.26,-0.75
323,4,15,24,-24.29,23.79,-0.93
324,4,15,25,-52.21,39.89,-0.81
325,4,15,26,-52.60,39.70,-0.84
326,4,15,27,-56.92,42.49,-0.89
327,4,15,28,-41.04,34.58,-0.85
328,4,15,29,-31.45,27.27,-0.64
329,4,15,30,-26.42,25.30,-0.55
330,4,15,31,-25.94,25.20,-0.54
331,4,15,32,-26.23,25.68,-0.52
332,4,15,33,-11.81,17.93,-0.32
333,4,15,34,-15.92,17.46,-0.70
334,4,15,35,-15.61,16.81,-0.71
335,4,15,36,-16.18,17.09,-0.73
336,4,15,37,-43.80,29.66,-2.64
337,4,15,38,-45.06,30.61,-2.79
338,4,15,39,-45.20,30.72,-2.80
339,4,15,40,-38.08,28.15,-0.86
340,4,16,21,-35.65,36.11,-0.85
341,4,16,22,-32.80,34.26,-0.80
342,4,16,23,-30.15,32.96,-0.73
343,4,16,24,-24.29,23.79,-0.93
344,4,16,25,-49.19,43.50,-0.80
345,4,16,26,-31.18,33.52,-0.75
346,4,16,27,-34.26,35.37,-0.81
347,4,16,28,-37.54,37.94,-0.84
348,4,16,29,16.18,25.56,0.26
349,4,16,30,17.73,25.30,0.29
350,4,16,31,19.02,25.20,0.31
351,4,16,32,24.11,17.82,0.52
352,4,16,33,23.13,17.93,0.49
353,4,16,34,20.90,17.46,0.46
354,4,16,35,-16.49,16.10,-0.72
355,4,16,36,-17.05,16.36,-0.73
356,4,16,37,-17.05,16.36,-0.73
357,4,16,38,-16.82,16.21,-0.73
358,4,16,39,-16.82,16.21,-0.73
359,4,16,40,-17.84,16.77,-0.75
360,4,17,21,-35.65,36.11,-0.85
361,4,17,22,-32.80,34.26,-0.80
362,4,17,23,-53.53,46.76,-0.83
363,4,17,24,-24.29,23.79,-0.93
364,4,17,25,-49.19,43.50,-0.80
365,4,17,26,-49.60,43.30,-0.83
366,4,17,27,-53.85,46.36,-0.88
367,4,17,28,-56.65,48.60,-0.89
368,4,17,29,16.18,25.56,0.26
369,4,17,30,23.89,17.30,0.52
370,4,17,31,25.15,17.05,0.56
371,4,17,32,24.11,17.82,0.52
372,4,17,33,-17.11,17.08,-0.69
373,4,17,34,-16.86,16.69,-0.70
374,4,17,35,-16.49,16.10,-0.72
375,4,17,36,-17.05,16.36,-0.73
376,4,17,37,-17.05,16.36,-0.73
377,4,17,38,-16.82,16.21,-0.73
378,4,17,39,-16.82,16.21,-0.73
379,4,17,40,-17.84,16.77,-0.75
380,4,18,21,27.21,11.17,1.06
381,4,18,22,-56.65,48.80,-0.88
382,4,18,23,-53.53,46.76,-0.83
383,4,18,24,-51.34,45.34,-0.80
384,4,18,25,-33.97,34.61,-0.73
385,4,18,26,-49.60,43.30,-0.83
386,4,18,27,-53.85,46.36,-0.88
387,4,18,28,-56.65,48.60,-0.89
388,4,18,29,21.67,17.67,0.47
389,4,18,30,23.89,17.30,0.52
390,4,18,31,25.15,17.05,0.56
391,4,18,32,-16.88,16.93,-0.69
392,4,18,33,-17.11,17.08,-0.69
393,4,18,34,-16.86,16.69,-0.70
394,4,18,35,-16.49,16.10,-0.72
395,4,18,36,-17.05,16.36,-0.73
396,4,18,37,-17.05,16.36,-0.73
397,4,18,38,-16.82,16.21,-0.73
398,4,18,39,-51.26,35.96,-1.70
399,4,18,40,-50.83,35.75,-1.66
400,4,19,21,15.14,11.13,1.12
401,4,19,22,28.30,15.40,1.08
402,4,19,23,-53.53,46.76,-0.83
403,4,19,24,-35.36,35.80,-0.73
404,4,19,25,-33.97,34.61,-0.73
405,4,19,26,-32.72,32.84,-0.76
406,4,19,27,-33.24,32.65,-0.81
407,4,19,28,-36.92,35.41,-0.84
408,4,19,29,21.67,17.67,0.47
409,4,19,30,23.89,17.30,0.52
410,4,19,31,-15.94,16.09,-0.70
411,4,19,32,-16.88,16.93,-0.69
412,4,19,33,-17.11,17.08,-0.69
413,4,19,34,-16.86,16.69,-0.70
414,4,19,35,-16.49,16.10,-0.72
415,4,19,36,-17.05,16.36,-0.73
416,4,19,37,-17.05,16.36,-0.73
417,4,19,38,-16.82,16.21,-0.73
418,4,19,39,-51.26,35.96,-1.70
419,4,19,40,-50.83,35.75,-1.66
420,4,20,21,15.14,11.13,1.12
421,4,20,22,34.29,15.76,1.78
422,4,20,23,29.68,15.98,2.37
423,4,20,24,-7.06,28.16,-0.41
424,4,20,25,-27.86,34.50,-0.69
425,4,20,26,-21.83,27.72,-0.94
426,4,20,27,-20.48,26.17,-1.00
427,4,20,28,35.96,13.55,1.20
428,4,20,29,39.65,13.76,1.29
429,4,20,30,-5.09,12.78,-0.52
430,4,20,31,-4.87,12.87,-0.50
431,4,20,32,-4.64,12.95,-0.48
432,4,20,33,-48.04,41.31,-1.09
433,4,20,34,-49.51,42.44,-1.11
434,4,20,35,-49.76,42.44,-1.13
435,4,20,36,-49.54,42.26,-1.13
436,4,20,37,-47.60,35.14,-2.05
437,4,20,38,-46.64,34.61,-2.01
438,4,20,39,-44.55,33.27,-1.95
439,4,20,40,-43.56,32.74,-1.91
440,5,10,21,-42.77,35.45,-0.87
441,5,10,22,-43.05,35.01,-0.87
442,5,10,23,-39.56,33.68,-0.81
443,5,10,24,-8.33,11.40,-0.74
444,5,10,25,-42.25,35.99,-0.80
445,5,10,26,-45.57,37.35,-0.85
446,5,10,27,-49.81,39.65,-0.89
447,5,10,28,-50.97,40.52,-0.89
448,5,10,29,-11.06,16.65,-0.30
449,5,10,30,-23.33,23.32,-0.43
450,5,10,31,-21.48,23.19,-0.38
451,5,10,32,-21.23,23.40,-0.36
452,5,10,33,-21.26,23.94,-0.35
453,5,10,34,-20.72,24.19,-0.32
454,5,10,35,-22.28,25.45,-0.32
455,5,10,36,-22.55,25.86,-0.32
456,5,10,37,-22.41,26.05,-0.31
457,5,10,38,-21.94,26.00,-0.30
458,5,10,39,-21.71,25.76,-0.30
459,5,10,40,-22.47,25.66,-0.32
460,5,11,21,-45.11,36.39,-0.88
461,5,11,22,-43.05,35.01,-0.87
462,5,11,23,-39.56,33.68,-0.81
463,5,11,24,-8.33,11.40,-0.74
464,5,11,25,-42.25,35.99,-0.80
465,5,11,26,-45.57,37.35,-0.85
466,5,11,27,-49.81,39.65,-0.89
467,5,11,28,-50.97,40.52,-0.89
468,5,11,29,-24.72,23.35,-0.47
469,5,11,30,-23.33,23.32,-0.43
470,5,11,31,-21.48,23.19,-0.38
471,5,11,32,-24.70,25.10,-0.40
472,5,11,33,-23.86,25.27,-0.37
473,5,11,34,-23.01,25.22,-0.35
474,5,11,35,-22.28,25.45,-0.32
475,5,11,36,-22.55,25.86,-0.32
476,5,11,37,-22.41,26.05,-0.31
477,5,11,38,-21.94,26.00,-0.30
478,5,11,39,-21.71,25.76,-0.30
479,5,11,40,-22.47,25.66,-0.32
480,5,12,21,25.56,10.79,2.58
481,5,12,22,18.90,10.79,1.41
482,5,12,23,18.90,10.79,1.41
483,5,12,24,-30.69,28.62,-0.73
484,5,12,25,-30.65,28.37,-0.74
485,5,12,26,-34.70,30.21,-0.81
486,5,12,27,-37.61,31.90,-0.85
487,5,12,28,-40.79,34.25,-0.86
488,5,12,29,-24.32,21.60,-0.62
489,5,12,30,-23.34,21.00,-0.61
490,5,12,31,-25.37,22.54,-0.63
491,5,12,32,-25.45,22.50,-0.63
492,5,12,33,-25.01,22.07,-0.63
493,5,12,34,-25.75,21.69,-0.80
494,5,12,35,-25.50,21.56,-0.80
495,5,12,36,-25.91,21.87,-0.80
496,5,12,37,-23.44,21.09,-0.79
497,5,12,38,-23.02,20.75,-0.78
498,5,12,39,-22.95,20.68,-0.78
499,5,12,40,-22.00,20.88,-0.60
500,5,13,21,-38.59,32.57,-0.86
501,5,13,22,-36.26,30.89,-0.85
502,5,13,23,-33.64,29.70,-0.79
503,5,13,24,-12.71,13.06,-1.12
504,5,13,25,-30.65,28.37,-0.74
505,5,13,26,-34.70,30.21,-0.81
506,5,13,27,-37.61,31.90,-0.85
507,5,13,28,-40.79,34.25,-0.86
508,5,13,29,-18.30,21.60,-0.56
509,5,13,30,-19.04,22.92,-0.57
510,5,13,31,-18.53,22.54,-0.56
511,5,13,32,-18.98,22.50,-0.56
512,5,13,33,-18.92,22.07,-0.56
513,5,13,34,-16.21,20.79,-0.73
514,5,13,35,-15.55,20.41,-0.72
515,5,13,36,-15.86,20.75,-0.72
516,5,13,37,-16.17,21.09,-0.73
517,5,13,38,-15.86,20.75,-0.72
518,5,13,39,-3.69,13.86,-0.49
519,5,13,40,-2.88,14.28,-0.27
520,5,14,21,-38.59,32.57,-0.86
521,5,14,22,-36.26,30.89,-0.85
522,5,14,23,-33.64,29.70,-0.79
523,5,14,24,-12.71,13.06,-1.12
524,5,14,25,-45.53,34.87,-0.81
525,5,14,26,-45.94,34.69,-0.85
526,5,14,27,-50.23,37.29,-0.89
527,5,14,28,-40.79,34.25,-0.86
528,5,14,29,-19.55,23.13,-0.57
529,5,14,30,-19.04,22.92,-0.57
530,5,14,31,-18.53,22.54,-0.56
531,5,14,32,-15.24,21.95,-0.52
532,5,14,33,-15.48,21.73,-0.52
533,5,14,34,-16.21,20.79,-0.73
534,5,14,35,-15.55,20.41,-0.72
535,5,14,36,-3.92,13.78,-0.50
536,5,14,37,-3.93,14.02,-0.50
537,5,14,38,-3.58,13.91,-0.49
538,5,14,39,-3.69,13.86,-0.49
539,5,14,40,-2.88,14.28,-0.27
540,5,15,21,-45.83,36.84,-0.88
541,5,15,22,-33.03,33.89,-0.84
542,5,15,23,-30.48,32.58,-0.77
543,5,15,24,-45.00,39.83,-0.81
544,5,15,25,-42.72,38.00,-0.80
545,5,15,26,-43.25,37.79,-0.84
546,5,15,27,-47.43,40.65,-0.88
547,5,15,28,-37.31,37.58,-0.85
548,5,15,29,-10.74,23.13,-0.48
549,5,15,30,22.25,21.65,0.39
550,5,15,31,23.56,21.54,0.41
551,5,15,32,21.70,21.95,0.38
552,5,15,33,32.19,14.78,0.79
553,5,15,34,30.23,14.32,0.77
554,5,15,35,27.51,13.65,0.73
555,5,15,36,26.87,13.78,0.71
556,5,15,37,2.22,12.62,-0.04
557,5,15,38,3.72,12.57,0.02
558,5,15,39,4.35,12.62,0.04
559,5,15,40,2.65,13.01,-0.02
560,5,16,21,-35.23,35.74,-0.85
561,5,16,22,-33.03,33.89,-0.84
562,5,16,23,-30.48,32.58,-0.77
563,5,16,24,-45.00,39.83,-0.81
564,5,16,25,-42.72,38.00,-0.80
565,5,16,26,-31.51,33.14,-0.80
566,5,16,27,-34.30,35.00,-0.84
567,5,16,28,-37.31,37.58,-0.85
568,5,16,29,20.67,21.90,0.36
569,5,16,30,22.25,21.65,0.39
570,5,16,31,23.56,21.54,0.41
571,5,16,32,34.22,14.56,0.84
572,5,16,33,32.19,14.78,0.79
573,5,16,34,30.23,14.32,0.77
574,5,16,35,6.51,12.62,0.12
575,5,16,36,2.79,12.50,-0.02
576,5,16,37,2.22,12.62,-0.04
577,5,16,38,3.72,12.57,0.02
578,5,16,39,-11.62,12.91,-0.67
579,5,16,40,-12.32,13.37,-0.68
580,5,17,21,-35.51,35.74,-0.86
581,5,17,22,-33.32,33.89,-0.86
582,5,17,23,-48.38,41.26,-0.90
583,5,17,24,-45.91,39.83,-0.85
584,5,17,25,-43.02,38.00,-0.82
585,5,17,26,-42.84,37.79,-0.82
586,5,17,27,-47.12,40.65,-0.87
587,5,17,28,-50.38,42.89,-0.90
588,5,17,29,20.67,21.90,0.36
589,5,17,30,33.34,14.17,0.84
590,5,17,31,34.64,13.90,0.89
591,5,17,32,34.22,14.56,0.84
592,5,17,33,8.72,13.66,0.19
593,5,17,34,8.28,13.28,0.18
594,5,17,35,6.51,12.62,0.12
595,5,17,36,-12.02,13.22,-0.71
596,5,17,37,-12.25,13.38,-0.71
597,5,17,38,-12.02,13.22,-0.71
598,5,17,39,-12.02,13.22,-0.71
599,5,17,40,-12.72,13.68,-0.71
600,5,18,21,25.69,9.25,1.01
601,5,18,22,-13.14,23.09,-0.72
602,5,18,23,-48.38,41.26,-0.90
603,5,18,24,-45.91,39.83,-0.85
604,5,18,25,-38.11,37.19,-0.80
605,5,18,26,-42.84,37.79,-0.82
606,5,18,27,-47.12,40.65,-0.87
607,5,18,28,-50.38,42.89,-0.90
608,5,18,29,30.67,14.52,0.77
609,5,18,30,33.34,14.17,0.84
610,5,18,31,34.64,13.90,0.89
611,5,18,32,8.60,13.30,0.19
612,5,18,33,8.72,13.66,0.19
613,5,18,34,-12.49,13.53,-0.71
614,5,18,35,-11.78,13.07,-0.70
615,5,18,36,-12.02,13.22,-0.71
616,5,18,37,-12.25,13.38,-0.71
617,5,18,38,-12.02,13.22,-0.71
618,5,18,39,-55.01,38.06,-2.06
619,5,18,40,-54.63,37.95,-2.01
620,5,19,21,13.84,10.13,1.02
621,5,19,22,18.87,11.96,1.06
622,5,19,23,-48.38,41.26,-0.90
623,5,19,24,-40.01,38.37,-0.83
624,5,19,25,-38.11,37.19,-0.80
625,5,19,26,-36.07,35.41,-0.79
626,5,19,27,-36.58,35.21,-0.83
627,5,19,28,-40.37,37.98,-0.88
628,5,19,29,30.67,14.52,0.77
629,5,19,30,33.34,14.17,0.84
630,5,19,31,9.32,12.67,0.22
631,5,19,32,8.60,13.30,0.19
632,5,19,33,-12.96,13.83,-0.72
633,5,19,34,-12.49,13.53,-0.71
634,5,19,35,-11.78,13.07,-0.70
635,5,19,36,-12.02,13.22,-0.71
636,5,19,37,-12.25,13.38,-0.71
637,5,19,38,-12.02,13.22,-0.71
638,5,19,39,-55.01,38.06,-2.06
639,5,19,40,-54.63,37.95,-2.01
640,5,20,21,13.84,10.13,1.02
641,5,20,22,23.78,12.68,2.17
642,5,20,23,28.87,14.72,2.03
643,5,20,24,-14.93,26.03,-0.66
644,5,20,25,-38.11,37.19,-0.80
645,5,20,26,-32.84,31.41,-1.02
646,5,20,27,-31.52,29.89,-1.06
647,5,20,28,-40.37,37.98,-0.88
648,5,20,29,30.67,14.52,0.77
649,5,20,30,7.52,12.87,0.16
650,5,20,31,9.32,12.67,0.22
651,5,20,32,-12.49,13.53,-0.71
652,5,20,33,-12.96,13.83,-0.72
653,5,20,34,-12.49,13.53,-0.71
654,5,20,35,-11.78,13.07,-0.70
655,5,20,36,-12.02,13.22,-0.71
656,5,20,37,-57.90,40.13,-2.16
657,5,20,38,-56.88,39.44,-2.13
658,5,20,39,-55.01,38.06,-2.06
659,5,20,40,-54.63,37.95,-2.01
660,6,10,21,-39.27,35.07,-0.73
661,6,10,22,-37.52,35.40,-0.58
662,6,10,23,-34.46,33.63,-0.56
663,6,10,24,0.35,10.16,-0.31
664,6,10,25,-38.43,35.75,-0.60
665,6,10,26,-41.57,37.51,-0.63
666,6,10,27,-45.88,40.11,-0.67
667,6,10,28,-46.82,41.15,-0.65
668,6,10,29,-47.69,42.00,-0.64
669,6,10,30,-14.47,18.56,-0.33
670,6,10,31,-13.49,18.87,-0.29
671,6,10,32,-12.38,19.12,-0.25
672,6,10,33,-12.16,19.25,-0.24
673,6,10,34,-11.94,19.74,-0.22
674,6,10,35,-13.51,20.92,-0.23
675,6,10,36,-13.22,21.48,-0.21
676,6,10,37,-12.81,21.63,-0.20
677,6,10,38,-12.60,21.75,-0.19
678,6,10,39,-12.26,21.82,-0.18
679,6,10,40,-12.22,21.68,-0.18
680,6,11,21,-44.97,37.80,-0.88
681,6,11,22,-42.91,36.46,-0.87
682,6,11,23,-40.31,34.75,-0.86
683,6,11,24,0.35,10.16,-0.31
684,6,11,25,-43.41,36.80,-0.87
685,6,11,26,-45.94,38.49,-0.88
686,6,11,27,-49.59,41.01,-0.89
687,6,11,28,-51.07,41.99,-0.89
688,6,11,29,-52.21,42.83,-0.89
689,6,11,30,-16.78,18.05,-0.55
690,6,11,31,-16.26,17.41,-0.54
691,6,11,32,-17.83,19.56,-0.55
692,6,11,33,-16.92,18.82,-0.50
693,6,11,34,-16.59,18.82,-0.47
694,6,11,35,-16.28,19.07,-0.43
695,6,11,36,-16.21,19.31,-0.41
696,6,11,37,-15.95,19.07,-0.40
697,6,11,38,-15.73,18.99,-0.39
698,6,11,39,-15.64,18.74,-0.39
699,6,11,40,-15.93,18.58,-0.43
700,6,12,21,-45.20,38.03,-0.89
701,6,12,22,-42.45,35.20,-0.88
702,6,12,23,-40.53,33.99,-0.88
703,6,12,24,-37.62,32.64,-0.84
704,6,12,25,-36.50,32.60,-0.81
705,6,12,26,-40.53,34.99,-0.83
706,6,12,27,-43.93,36.32,-0.88
707,6,12,28,-47.72,38.67,-0.90
708,6,12,29,-49.20,39.73,-0.90
709,6,12,30,-16.78,18.05,-0.55
710,6,12,31,-18.45,20.21,-0.57
711,6,12,32,-17.83,19.56,-0.55
712,6,12,33,-16.92,18.82,-0.50
713,6,12,34,-16.59,18.82,-0.47
714,6,12,35,-16.28,19.07,-0.43
715,6,12,36,-16.21,19.31,-0.41
716,6,12,37,-12.73,18.60,-0.36
717,6,12,38,-12.51,18.47,-0.35
718,6,12,39,-12.57,18.40,-0.35
719,6,12,40,-12.87,18.15,-0.38
720,6,13,21,21.76,10.08,1.41
721,6,13,22,23.83,10.08,1.45
722,6,13,23,13.34,10.08,0.81
723,6,13,24,-26.87,30.79,-0.80
724,6,13,25,15.61,10.08,0.87
725,6,13,26,-28.55,33.07,-0.78
726,6,13,27,-31.67,34.89,-0.84
727,6,13,28,-34.90,37.41,-0.86
728,6,13,29,-36.16,38.49,-0.87
729,6,13,30,-8.10,20.37,-0.46
730,6,13,31,-8.19,20.21,-0.47
731,6,13,32,-8.56,19.56,-0.50
732,6,13,33,-8.97,18.82,-0.53
733,6,13,34,17.48,18.21,0.35
734,6,13,35,17.48,18.21,0.35
735,6,13,36,18.47,18.47,0.37
736,6,13,37,18.97,18.60,0.37
737,6,13,38,18.47,18.47,0.37
738,6,13,39,29.35,12.22,0.85
739,6,13,40,28.99,12.20,0.84
740,6,14,21,-32.70,35.61,-0.85
741,6,14,22,-30.46,33.80,-0.84
742,6,14,23,-28.94,32.52,-0.84
743,6,14,24,-43.31,38.35,-0.86
744,6,14,25,-40.43,36.53,-0.83
745,6,14,26,-40.25,36.33,-0.83
746,6,14,27,-44.88,39.37,-0.88
747,6,14,28,-34.90,37.41,-0.86
748,6,14,29,-51.98,45.05,-0.90
749,6,14,30,-8.10,20.37,-0.46
750,6,14,31,-8.19,20.21,-0.47
751,6,14,32,21.98,19.37,0.42
752,6,14,33,19.97,18.85,0.39
753,6,14,34,17.48,18.21,0.35
754,6,14,35,17.48,18.21,0.35
755,6,14,36,28.27,12.16,0.82
756,6,14,37,29.35,12.22,0.85
757,6,14,38,30.42,12.29,0.87
758,6,14,39,29.35,12.22,0.85
759,6,14,40,28.99,12.20,0.84
760,6,15,21,-10.54,20.37,-0.69
761,6,15,22,-12.19,22.09,-0.71
762,6,15,23,-31.61,32.40,-0.85
763,6,15,24,-45.71,39.42,-0.87
764,6,15,25,-42.64,37.39,-0.84
765,6,15,26,-42.46,37.18,-0.84
766,6,15,27,-47.01,40.24,-0.89
767,6,15,28,-37.59,37.58,-0.87
768,6,15,29,-8.24,20.12,-0.47
769,6,15,30,21.73,19.30,0.41
770,6,15,31,22.48,19.50,0.42
771,6,15,32,21.98,19.37,0.42
772,6,15,33,35.14,12.57,0.98
773,6,15,34,32.23,12.40,0.91
774,6,15,35,28.27,12.16,0.82
775,6,15,36,28.27,12.16,0.82
776,6,15,37,12.40,11.51,0.35
777,6,15,38,13.38,11.59,0.39
778,6,15,39,14.37,11.66,0.42
779,6,15,40,13.38,11.59,0.39
780,6,16,21,-10.54,20.37,-0.69
781,6,16,22,-12.19,22.09,-0.71
782,6,16,23,-31.61,32.40,-0.85
783,6,16,24,-45.71,39.42,-0.87
784,6,16,25,-42.64,37.39,-0.84
785,6,16,26,-31.23,32.96,-0.79
786,6,16,27,-34.30,34.81,-0.85
787,6,16,28,-37.59,37.58,-0.87
788,6,16,29,17.86,22.08,0.33
789,6,16,30,18.60,22.06,0.34
790,6,16,31,20.31,21.88,0.37
791,6,16,32,34.34,14.89,0.91
792,6,16,33,31.64,15.56,0.81
793,6,16,34,28.27,15.68,0.73
794,6,16,35,13.12,14.81,0.34
795,6,16,36,10.55,14.11,0.27
796,6,16,37,10.00,14.24,0.25
797,6,16,38,10.74,14.46,0.27
798,6,16,39,5.97,12.12,0.11
799,6,16,40,5.97,12.12,0.11
800,6,17,21,-10.54,20.37,-0.69
801,6,17,22,-12.19,22.09,-0.71
802,6,17,23,-47.89,40.85,-0.90
803,6,17,24,-45.71,39.42,-0.87
804,6,17,25,-42.64,37.39,-0.84
805,6,17,26,-42.46,37.18,-0.84
806,6,17,27,-47.01,40.24,-0.89
807,6,17,28,-49.91,42.48,-0.90
808,6,17,29,21.48,19.24,0.41
809,6,17,30,34.41,12.53,0.96
810,6,17,31,35.14,12.57,0.98
811,6,17,32,36.24,12.63,1.00
812,6,17,33,20.03,12.09,0.59
813,6,17,34,19.02,12.02,0.56
814,6,17,35,16.35,11.82,0.48
815,6,17,36,8.36,9.43,0.23
816,6,17,37,8.36,9.43,0.23
817,6,17,38,8.36,9.43,0.23
818,6,17,39,-9.56,11.74,-0.67
819,6,17,40,-9.56,11.74,-0.67
820,6,18,21,-35.48,35.88,-0.86
821,6,18,22,-12.19,22.09,-0.71
822,6,18,23,-47.89,40.85,-0.90
823,6,18,24,-45.71,39.42,-0.87
824,6,18,25,-33.31,32.84,-0.80
825,6,18,26,-42.46,37.18,-0.84
826,6,18,27,-47.01,40.24,-0.89
827,6,18,28,-49.91,42.48,-0.90
828,6,18,29,33.31,12.46,0.94
829,6,18,30,34.41,12.53,0.96
830,6,18,31,35.14,12.57,0.98
831,6,18,32,19.36,12.04,0.57
832,6,18,33,20.03,12.09,0.59
833,6,18,34,8.36,9.43,0.23
834,6,18,35,8.36,9.43,0.23
835,6,18,36,8.36,9.43,0.23
836,6,18,37,-9.56,11.74,-0.67
837,6,18,38,-9.56,11.74,-0.67
838,6,18,39,-59.25,40.93,-2.34
839,6,18,40,-58.47,40.33,-2.31
840,6,19,21,-47.85,37.23,-1.36
841,6,19,22,14.90,9.45,0.98
842,6,19,23,-46.81,40.85,-0.84
843,6,19,24,-34.45,34.02,-0.79
844,6,19,25,-32.34,32.84,-0.74
845,6,19,26,-29.59,31.34,-0.69
846,6,19,27,-29.48,31.16,-0.70
847,6,19,28,-33.98,33.82,-0.77
848,6,19,29,33.31,12.46,0.94
849,6,19,30,34.41,12.53,0.96
850,6,19,31,18.69,11.99,0.55
851,6,19,32,19.36,12.04,0.57
852,6,19,33,8.36,9.43,0.23
853,6,19,34,8.36,9.43,0.23
854,6,19,35,-7.65,10.76,-0.50
855,6,19,36,-7.65,10.76,-0.50
856,6,19,37,-7.65,10.76,-0.50
857,6,19,38,-7.65,10.76,-0.50
858,6,19,39,-58.39,40.27,-2.17
859,6,19,40,-57.61,39.68,-2.14
860,6,20,21,-47.03,36.78,-1.36
861,6,20,22,19.04,10.53,2.25
862,6,20,23,24.17,12.36,2.01
863,6,20,24,-13.23,25.05,-0.60
864,6,20,25,-32.34,32.84,-0.74
865,6,20,26,-35.08,34.07,-0.95
866,6,20,27,-33.11,32.55,-0.94
867,6,20,28,-33.98,33.82,-0.77
868,6,20,29,33.31,12.46,0.94
869,6,20,30,17.68,11.92,0.52
870,6,20,31,18.69,11.99,0.55
871,6,20,32,8.36,9.43,0.23
872,6,20,33,8.36,9.43,0.23
873,6,20,34,-7.65,10.76,-0.50
874,6,20,35,-7.65,10.76,-0.50
875,6,20,36,-7.65,10.76,-0.50
876,6,20,37,-61.04,42.23,-2.28
877,6,20,38,-60.29,41.63,-2.25
878,6,20,39,-58.39,40.27,-2.17
879,6,20,40,-57.61,39.68,-2.14
880,7,10,21,-35.92,32.89,-0.71
881,7,10,22,-34.47,33.81,-0.55
882,7,10,23,-30.43,32.02,-0.49
883,7,10,24,5.18,10.75,0.14
884,7,10,25,-33.92,34.16,-0.51
885,7,10,26,-37.14,35.93,-0.54
886,7,10,27,-41.74,38.55,-0.58
887,7,10,28,-43.44,39.60,-0.59
888,7,10,29,-44.35,40.46,-0.59
889,7,10,30,-16.27,17.33,-0.52
890,7,10,31,-15.29,16.69,-0.46
891,7,10,32,-14.19,16.50,-0.40
892,7,10,33,-13.98,16.62,-0.39
893,7,10,34,-13.76,17.11,-0.36
894,7,10,35,-14.81,18.14,-0.35
895,7,10,36,-14.46,18.68,-0.32
896,7,10,37,-14.12,18.85,-0.31
897,7,10,38,-13.98,18.90,-0.30
898,7,10,39,-13.59,18.93,-0.29
899,7,10,40,-13.61,18.82,-0.29
900,7,11,21,-4.47,16.84,-0.32
901,7,11,22,-6.17,18.57,-0.36
902,7,11,23,-38.96,33.82,-0.87
903,7,11,24,-38.43,33.46,-0.87
904,7,11,25,-42.13,35.90,-0.88
905,7,11,26,-44.73,37.62,-0.89
906,7,11,27,-48.47,40.19,-0.90
907,7,11,28,-49.98,41.18,-0.90
908,7,11,29,-51.15,42.04,-0.90
909,7,11,30,-13.02,17.33,-0.96
910,7,11,31,-13.12,16.69,-0.98
911,7,11,32,-9.28,18.26,-0.56
912,7,11,33,-9.69,17.53,-0.60
913,7,11,34,-4.53,17.53,-0.20
914,7,11,35,-3.99,17.77,-0.17
915,7,11,36,-3.34,17.93,-0.14
916,7,11,37,-3.18,17.77,-0.13
917,7,11,38,-3.14,17.69,-0.12
918,7,11,39,-3.14,17.36,-0.12
919,7,11,40,-9.83,17.28,-0.61
920,7,12,21,-4.14,16.84,-0.31
921,7,12,22,-5.93,18.57,-0.36
922,7,12,23,-42.19,35.02,-0.88
923,7,12,24,-39.73,33.44,-0.88
924,7,12,25,-39.46,33.26,-0.88
925,7,12,26,-42.98,35.56,-0.88
926,7,12,27,-45.63,37.30,-0.89
927,7,12,28,-49.52,39.86,-0.90
928,7,12,29,-50.98,40.92,-0.90
929,7,12,30,-12.01,17.97,-0.95
930,7,12,31,-7.89,19.45,-0.51
931,7,12,32,-8.21,18.89,-0.54
932,7,12,33,-8.63,18.16,-0.58
933,7,12,34,-5.19,18.08,-0.34
934,7,12,35,-5.02,18.40,-0.34
935,7,12,36,-4.94,18.56,-0.33
936,7,12,37,0.60,18.25,-0.15
937,7,12,38,0.37,18.06,-0.16
938,7,12,39,0.29,18.00,-0.16
939,7,12,40,14.70,17.74,0.31
940,7,13,21,-1.10,16.84,-0.30
941,7,13,22,-2.98,18.57,-0.38
942,7,13,23,-28.78,33.61,-0.75
943,7,13,24,-26.67,31.97,-0.74
944,7,13,25,-26.44,31.78,-0.74
945,7,13,26,-28.46,34.16,-0.70
946,7,13,27,-30.89,35.97,-0.73
947,7,13,28,-35.03,38.67,-0.79
948,7,13,29,-36.29,39.74,-0.79
949,7,13,30,-7.80,19.61,-0.50
950,7,13,31,-7.89,19.45,-0.51
951,7,13,32,-8.21,18.89,-0.54
952,7,13,33,-8.63,18.16,-0.58
953,7,13,34,15.19,17.87,0.32
954,7,13,35,15.19,17.87,0.32
955,7,13,36,15.93,18.06,0.34
956,7,13,37,16.66,18.25,0.35
957,7,13,38,15.93,18.06,0.34
958,7,13,39,26.64,12.62,0.83
959,7,13,40,25.93,12.57,0.81
960,7,14,21,6.02,16.82,0.41
961,7,14,22,4.12,18.47,0.02
962,7,14,23,-23.60,33.60,-0.81
963,7,14,24,-38.28,37.50,-0.87
964,7,14,25,-35.51,35.53,-0.86
965,7,14,26,-35.24,35.33,-0.86
966,7,14,27,-44.78,39.17,-0.89
967,7,14,28,-36.37,38.67,-0.87
968,7,14,29,-51.75,44.85,-0.90
969,7,14,30,-7.80,19.61,-0.50
970,7,14,31,-7.89,19.45,-0.51
971,7,14,32,19.64,19.01,0.40
972,7,14,33,17.65,18.50,0.37
973,7,14,34,15.19,17.87,0.32
974,7,14,35,15.19,17.87,0.32
975,7,14,36,25.23,12.53,0.79
976,7,14,37,26.64,12.62,0.83
977,7,14,38,27.70,12.68,0.85
978,7,14,39,26.64,12.62,0.83
979,7,14,40,25.93,12.57,0.81
980,7,15,21,-3.26,16.84,-0.52
981,7,15,22,-4.97,18.57,-0.57
982,7,15,23,-30.25,33.61,-0.84
983,7,15,24,-43.44,38.15,-0.88
984,7,15,25,-41.12,36.33,-0.88
985,7,15,26,-40.86,36.12,-0.88
986,7,15,27,-44.78,39.17,-0.89
987,7,15,28,-36.37,38.67,-0.87
988,7,15,29,-51.75,44.85,-0.90
989,7,15,30,19.39,18.95,0.39
990,7,15,31,20.14,19.14,0.41
991,7,15,32,19.64,19.01,0.40
992,7,15,33,32.37,12.96,0.97
993,7,15,34,29.49,12.79,0.90
994,7,15,35,25.58,12.55,0.80
995,7,15,36,25.23,12.53,0.79
996,7,15,37,14.53,12.22,0.45
997,7,15,38,15.85,12.32,0.49
998,7,15,39,16.51,12.37,0.51
999,7,15,40,15.52,12.30,0.48
1000,7,16,21,-7.10,16.87,-0.62
1001,7,16,22,-8.64,18.49,-0.65
1002,7,16,23,-33.11,33.70,-0.85
1003,7,16,24,-45.84,39.22,-0.89
1004,7,16,25,-43.25,37.18,-0.88
1005,7,16,26,-33.75,34.26,-0.86
1006,7,16,27,-35.93,36.11,-0.87
1007,7,16,28,-38.90,38.67,-0.87
1008,7,16,29,18.89,18.82,0.39
1009,7,16,30,19.39,18.95,0.39
1010,7,16,31,20.14,19.14,0.41
1011,7,16,32,33.46,13.02,0.99
1012,7,16,33,32.37,12.96,0.97
1013,7,16,34,29.49,12.79,0.90
1014,7,16,35,18.51,12.52,0.57
1015,7,16,36,14.86,12.25,0.46
1016,7,16,37,14.53,12.22,0.45
1017,7,16,38,15.85,12.32,0.49
1018,7,16,39,9.47,9.99,0.30
1019,7,16,40,9.47,9.99,0.30
1020,7,17,21,-1.10,16.84,-0.30
1021,7,17,22,-2.98,18.57,-0.38
1022,7,17,23,-44.14,39.57,-0.83
1023,7,17,24,-42.24,38.15,-0.82
1024,7,17,25,-39.79,36.33,-0.81
1025,7,17,26,-38.74,36.12,-0.77
1026,7,17,27,-42.98,39.17,-0.79
1027,7,17,28,-46.50,41.40,-0.84
1028,7,17,29,-50.73,44.85,-0.85
1029,7,17,30,31.65,12.92,0.95
1030,7,17,31,32.37,12.96,0.97
1031,7,17,32,33.46,13.02,0.99
1032,7,17,33,22.57,12.82,0.69
1033,7,17,34,21.55,12.75,0.66
1034,7,17,35,18.51,12.52,0.57
1035,7,17,36,9.47,9.99,0.30
1036,7,17,37,9.47,9.99,0.30
1037,7,17,38,9.47,9.99,0.30
1038,7,17,39,5.71,9.99,0.10
1039,7,17,40,5.71,9.99,0.10
1040,7,18,21,-35.61,37.00,-0.79
1041,7,18,22,-6.73,18.49,-0.48
1042,7,18,23,-46.56,40.65,-0.84
1043,7,18,24,-44.70,39.22,-0.83
1044,7,18,25,-32.93,32.84,-0.78
1045,7,18,26,-41.01,36.98,-0.78
1046,7,18,27,-45.17,40.04,-0.80
1047,7,18,28,-48.52,42.28,-0.84
1048,7,18,29,30.21,12.83,0.92
1049,7,18,30,31.65,12.92,0.95
1050,7,18,31,32.37,12.96,0.97
1051,7,18,32,21.55,12.75,0.66
1052,7,18,33,22.57,12.82,0.69
1053,7,18,34,13.03,9.99,0.45
1054,7,18,35,11.96,9.99,0.41
1055,7,18,36,9.47,9.99,0.30
1056,7,18,37,5.71,9.99,0.10
1057,7,18,38,5.71,9.99,0.10
1058,7,18,39,5.71,9.99,0.10
1059,7,18,40,5.71,9.99,0.10
1060,7,19,21,20.38,9.17,5.21
1061,7,19,22,-52.19,45.12,-0.85
1062,7,19,23,-14.78,23.06,-0.63
1063,7,19,24,-16.20,24.30,-0.64
1064,7,19,25,-32.93,32.84,-0.78
1065,7,19,26,-29.84,31.16,-0.72
1066,7,19,27,-29.96,31.16,-0.72
1067,7,19,28,-33.98,33.62,-0.79
1068,7,19,29,30.21,12.83,0.92
1069,7,19,30,31.65,12.92,0.95
1070,7,19,31,21.21,12.72,0.65
1071,7,19,32,21.55,12.75,0.66
1072,7,19,33,12.31,9.99,0.42
1073,7,19,34,13.03,9.99,0.45
1074,7,19,35,5.71,9.99,0.10
1075,7,19,36,5.71,9.99,0.10
1076,7,19,37,5.71,9.99,0.10
1077,7,19,38,-6.62,11.40,-0.48
1078,7,19,39,-6.62,11.40,-0.48
1079,7,19,40,-6.62,11.40,-0.48
1080,7,20,21,-46.78,36.74,-1.45
1081,7,20,22,-57.66,44.69,-1.28
1082,7,20,23,-37.41,38.52,-0.80
1083,7,20,24,-9.80,21.52,-0.55
1084,7,20,25,-32.93,32.84,-0.78
1085,7,20,26,-30.84,30.65,-0.93
1086,7,20,27,-28.93,29.13,-0.93
1087,7,20,28,-33.98,33.62,-0.79
1088,7,20,29,28.99,12.20,0.84
1089,7,20,30,18.69,11.99,0.55
1090,7,20,31,19.69,12.07,0.58
1091,7,20,32,10.47,9.43,0.32
1092,7,20,33,10.83,9.43,0.34
1093,7,20,34,4.61,9.43,0.05
1094,7,20,35,4.61,9.43,0.05
1095,7,20,36,-7.65,10.76,-0.50
1096,7,20,37,-65.38,45.55,-2.49
1097,7,20,38,-64.67,44.95,-2.46
1098,7,20,39,-62.88,43.59,-2.37
1099,7,20,40,-62.14,42.99,-2.34
