,vol_window,vol_roc_period,price_lookback,sma_window,return,dd,sharpe
0,15,3,5,14,-3.61,12.87,-0.22
1,15,3,5,21,26.98,6.03,7.74
2,15,3,5,28,9.79,12.66,0.34
3,15,3,5,35,-5.89,19.16,-0.27
4,15,3,6,14,3.86,5.14,-0.04
5,15,3,6,21,25.14,8.49,3.38
6,15,3,6,28,13.23,11.09,0.57
7,15,3,6,35,-11.89,17.72,-0.38
8,15,3,7,14,5.36,8.84,0.09
9,15,3,7,21,36.85,5.33,7.12
10,15,3,7,28,18.42,10.74,1.19
11,15,3,7,35,14.41,10.74,0.75
12,15,3,8,14,-22.59,13.79,-8.83
13,15,3,8,21,-2.79,9.12,-0.33
14,15,3,8,28,-17.13,16.14,-8.15
15,15,3,8,35,-7.65,11.44,-1.51
16,15,3,9,14,-14.64,14.14,-3.34
17,15,3,9,21,-2.79,9.12,-0.33
18,15,3,9,28,-17.13,16.14,-8.15
19,15,3,9,35,-7.65,11.44,-1.51
20,15,3,10,14,-14.64,14.14,-3.34
21,15,3,10,21,-2.79,9.12,-0.33
22,15,3,10,28,-15.26,15.19,-4.32
23,15,3,10,35,-5.68,10.49,-1.69
24,15,4,5,14,-0.44,11.44,-0.13
25,15,4,5,21,36.06,5.21,5.68
26,15,4,5,28,16.46,11.63,1.01
27,15,4,5,35,16.46,11.63,1.01
28,15,4,6,14,11.10,5.06,0.44
29,15,4,6,21,36.85,5.33,7.12
30,15,4,6,28,18.42,10.74,1.19
31,15,4,6,35,14.41,10.74,0.75
32,15,4,7,14,9.39,7.88,0.31
33,15,4,7,21,13.25,7.88,0.57
34,15,4,7,28,5.31,15.64,0.08
35,15,4,7,35,1.65,15.64,-0.06
36,15,4,8,14,-22.59,13.79,-8.83
37,15,4,8,21,-2.79,9.12,-0.33
38,15,4,8,28,-17.13,16.14,-8.15
39,15,4,8,35,-7.65,11.44,-1.51
40,15,4,9,14,-14.64,14.14,-3.34
41,15,4,9,21,-2.79,9.12,-0.33
42,15,4,9,28,-15.26,15.19,-4.32
43,15,4,9,35,-5.68,10.49,-1.69
44,15,4,10,14,-14.64,14.14,-3.34
45,15,4,10,21,-2.79,9.12,-0.33
46,15,4,10,28,-2.50,8.98,-0.32
47,15,4,10,35,-3.77,9.58,-2.04
48,15,5,5,14,-0.44,11.44,-0.13
49,15,5,5,21,32.47,5.62,12.25
50,15,5,5,28,14.51,12.31,0.76
51,15,5,5,35,14.51,12.31,0.76
52,15,5,6,14,26.52,5.14,7.53
53,15,5,6,21,31.23,5.37,32.66
54,15,5,6,28,13.23,11.09,0.57
55,15,5,6,35,9.37,11.09,0.31
56,15,5,7,14,9.39,7.88,0.31
57,15,5,7,21,36.85,5.33,7.12
58,15,5,7,28,19.01,10.49,1.30
59,15,5,7,35,14.99,10.49,0.83
60,15,5,8,14,-17.40,12.91,-8.72
61,15,5,8,21,-2.79,9.12,-0.33
62,15,5,8,28,-15.26,15.19,-4.32
63,15,5,8,35,-5.68,10.49,-1.69
64,15,5,9,14,-14.64,14.14,-3.34
65,15,5,9,21,-2.79,9.12,-0.33
66,15,5,9,28,-2.50,8.98,-0.32
67,15,5,9,35,-3.77,9.58,-2.04
68,15,5,10,14,-14.64,14.14,-3.34
69,15,5,10,21,-2.79,9.12,-0.33
70,15,5,10,28,-15.26,15.19,-4.32
71,15,5,10,35,-5.68,10.49,-1.69
72,15,6,5,14,-0.44,11.44,-0.13
73,15,6,5,21,26.98,6.03,7.74
74,15,6,5,28,9.79,12.66,0.34
75,15,6,5,35,9.79,12.66,0.34
76,15,6,6,14,26.52,5.14,7.53
77,15,6,6,21,31.23,5.37,32.66
78,15,6,6,28,11.68,11.79,0.44
79,15,6,6,35,7.84,11.79,0.22
80,15,6,7,14,-14.68,18.56,-0.43
81,15,6,7,21,6.64,15.28,0.14
82,15,6,7,28,6.64,15.28,0.14
83,15,6,7,35,2.96,15.28,-0.02
84,15,6,8,14,-17.40,12.91,-8.72
85,15,6,8,21,-2.79,9.12,-0.33
86,15,6,8,28,-2.50,8.98,-0.32
87,15,6,8,35,-3.77,9.58,-2.04
88,15,6,9,14,-19.65,12.76,-184.41
89,15,6,9,21,-2.79,9.12,-0.33
90,15,6,9,28,-2.50,8.98,-0.32
91,15,6,9,35,-3.77,9.58,-2.04
92,15,6,10,14,-14.64,14.14,-3.34
93,15,6,10,21,-2.79,9.12,-0.33
94,15,6,10,28,-2.50,8.98,-0.32
95,15,6,10,35,-3.77,9.58,-2.04
96,15,7,5,14,-0.44,11.44,-0.13
97,15,7,5,21,26.98,6.03,7.74
98,15,7,5,28,10.35,12.41,0.38
99,15,7,5,35,10.35,12.41,0.38
100,15,7,6,14,-1.35,15.63,-0.16
101,15,7,6,21,2.22,15.63,-0.04
102,15,7,6,28,2.22,15.63,-0.04
103,15,7,6,35,-1.35,15.63,-0.16
104,15,7,7,14,-11.86,17.23,-0.39
105,15,7,7,21,10.07,13.91,0.33
106,15,7,7,28,10.07,13.91,0.33
107,15,7,7,35,6.29,13.91,0.13
108,15,7,8,14,-17.40,12.91,-8.72
109,15,7,8,21,-2.79,9.12,-0.33
110,15,7,8,28,-15.26,15.19,-4.32
111,15,7,8,35,-5.68,10.49,-1.69
112,15,7,9,14,-19.65,12.76,-184.41
113,15,7,9,21,-2.79,9.12,-0.33
114,15,7,9,28,-2.50,8.98,-0.32
115,15,7,9,35,-3.77,9.58,-2.04
116,15,7,10,14,-16.30,13.56,-5.18
117,15,7,10,21,-2.79,9.12,-0.33
118,15,7,10,28,-2.50,8.98,-0.32
119,15,7,10,35,-3.77,9.58,-2.04
120,15,8,5,14,-0.44,11.44,-0.13
121,15,8,5,21,26.98,6.03,7.74
122,15,8,5,28,10.35,12.41,0.38
123,15,8,5,35,10.35,12.41,0.38
124,15,8,6,14,26.52,5.14,7.53
125,15,8,6,21,31.23,5.37,32.66
126,15,8,6,28,31.23,5.37,32.66
127,15,8,6,35,12.26,9.94,0.54
128,15,8,7,14,9.39,7.88,0.31
129,15,8,7,21,36.85,5.33,7.12
130,15,8,7,28,19.01,10.49,1.30
131,15,8,7,35,14.99,10.49,0.83
132,15,8,8,14,-33.66,22.02,-2.49
133,15,8,8,21,-21.79,18.55,-11.57
134,15,8,8,28,-21.57,18.44,-10.32
135,15,8,8,35,-12.69,13.91,-1.30
136,15,8,9,14,-16.30,13.56,-5.18
137,15,8,9,21,-2.79,9.12,-0.33
138,15,8,9,28,-2.50,8.98,-0.32
139,15,8,9,35,-3.77,9.58,-2.04
140,15,8,10,14,-16.30,13.56,-5.18
141,15,8,10,21,-2.79,9.12,-0.33
142,15,8,10,28,-2.50,8.98,-0.32
143,15,8,10,35,-3.77,9.58,-2.04
144,15,9,5,14,-0.44,11.44,-0.13
145,15,9,5,21,26.98,6.03,7.74
146,15,9,5,28,26.98,6.03,7.74
147,15,9,5,35,26.98,6.03,7.74
148,15,9,6,14,26.52,5.14,7.53
149,15,9,6,21,31.23,5.37,32.66
150,15,9,6,28,31.23,5.37,32.66
151,15,9,6,35,12.26,9.94,0.54
152,15,9,7,14,-14.68,18.56,-0.43
153,15,9,7,21,6.64,15.28,0.14
154,15,9,7,28,6.64,15.28,0.14
155,15,9,7,35,2.96,15.28,-0.02
156,15,9,8,14,-32.71,22.56,-2.58
157,15,9,8,21,-21.79,18.55,-11.57
158,15,9,8,28,-21.57,18.44,-10.32
159,15,9,8,35,-12.69,13.91,-1.30
160,15,9,9,14,-16.30,13.56,-5.18
161,15,9,9,21,-16.73,15.94,-6.62
162,15,9,9,28,-16.66,15.90,-6.76
163,15,9,9,35,-7.16,11.20,-1.54
164,15,9,10,14,-16.30,13.56,-5.18
165,15,9,10,21,-2.79,9.12,-0.33
166,15,9,10,28,-2.50,8.98,-0.32
167,15,9,10,35,-3.77,9.58,-2.04
168,15,10,5,14,26.98,6.03,7.74
169,15,10,5,21,26.98,6.03,7.74
170,15,10,5,28,10.35,12.41,0.38
171,15,10,5,35,10.35,12.41,0.38
172,15,10,6,14,26.52,5.14,7.53
173,15,10,6,21,31.23,5.37,32.66
174,15,10,6,28,31.23,5.37,32.66
175,15,10,6,35,12.26,9.94,0.54
176,15,10,7,14,-8.41,18.16,-0.32
177,15,10,7,21,10.07,13.91,0.33
178,15,10,7,28,10.07,13.91,0.33
179,15,10,7,35,6.29,13.91,0.13
180,15,10,8,14,-16.30,13.56,-5.18
181,15,10,8,21,-2.79,9.12,-0.33
182,15,10,8,28,-2.50,8.98,-0.32
183,15,10,8,35,-3.77,9.58,-2.04
184,15,10,9,14,-16.30,13.56,-5.18
185,15,10,9,21,-2.79,9.12,-0.33
186,15,10,9,28,-2.50,8.98,-0.32
187,15,10,9,35,-3.77,9.58,-2.04
188,15,10,10,14,-16.30,13.56,-5.18
189,15,10,10,21,-2.79,9.12,-0.33
190,15,10,10,28,-2.50,8.98,-0.32
191,15,10,10,35,-3.77,9.58,-2.04
192,20,3,5,14,-24.75,23.12,-0.54
193,20,3,5,21,-0.96,17.13,-0.15
194,20,3,5,28,-0.96,17.13,-0.15
195,20,3,5,35,-0.96,17.13,-0.15
196,20,3,6,14,1.85,14.26,-0.06
197,20,3,6,21,5.52,14.26,0.09
198,20,3,6,28,5.52,14.26,0.09
199,20,3,6,35,1.85,14.26,-0.06
200,20,3,7,14,14.06,8.92,0.71
201,20,3,7,21,36.85,5.33,7.12
202,20,3,7,28,19.01,10.49,1.30
203,20,3,7,35,14.99,10.49,0.83
204,20,3,8,14,-16.30,13.56,-5.18
205,20,3,8,21,-2.79,9.12,-0.33
206,20,3,8,28,6.75,11.44,0.14
207,20,3,8,35,6.75,11.44,0.14
208,20,3,9,14,-16.30,13.56,-5.18
209,20,3,9,21,-2.79,9.12,-0.33
210,20,3,9,28,-15.26,15.19,-4.32
211,20,3,9,35,-5.68,10.49,-1.69
212,20,3,10,14,-16.30,13.56,-5.18
213,20,3,10,21,-2.79,9.12,-0.33
214,20,3,10,28,-15.76,15.44,-4.99
215,20,3,10,35,-6.20,10.74,-1.63
216,20,4,5,14,-15.89,18.66,-0.44
217,20,4,5,21,2.25,15.78,-0.04
218,20,4,5,28,2.25,15.78,-0.04
219,20,4,5,35,2.25,15.78,-0.04
220,20,4,6,14,-13.45,15.82,-0.41
221,20,4,6,21,6.64,15.28,0.14
222,20,4,6,28,6.64,15.28,0.14
223,20,4,6,35,2.96,15.28,-0.02
224,20,4,7,14,-11.34,19.48,-0.38
225,20,4,7,21,-8.35,19.48,-0.31
226,20,4,7,28,-3.73,19.37,-0.21
227,20,4,7,35,-7.15,19.37,-0.30
228,20,4,8,14,-32.71,22.56,-2.58
229,20,4,8,21,-21.79,18.55,-11.57
230,20,4,8,28,-21.57,18.44,-10.32
231,20,4,8,35,-12.69,13.91,-1.30
232,20,4,9,14,-16.30,13.56,-5.18
233,20,4,9,21,-16.30,13.56,-5.18
234,20,4,9,28,-23.42,19.19,-5.92
235,20,4,9,35,-14.81,14.73,-1.26
236,20,4,10,14,-16.30,13.56,-5.18
237,20,4,10,21,-16.30,13.56,-5.18
238,20,4,10,28,-28.59,20.20,-3.27
239,20,4,10,35,-12.60,13.79,-1.30
240,20,5,5,14,12.67,9.61,0.56
241,20,5,5,21,32.47,5.62,12.25
242,20,5,5,28,15.42,12.08,0.86
243,20,5,5,35,15.42,12.08,0.86
244,20,5,6,14,-12.69,18.88,-0.40
245,20,5,6,21,6.64,15.28,0.14
246,20,5,6,28,6.64,15.28,0.14
247,20,5,6,35,2.96,15.28,-0.02
248,20,5,7,14,-8.41,18.16,-0.32
249,20,5,7,21,-5.35,18.16,-0.25
250,20,5,7,28,-0.60,18.05,-0.13
251,20,5,7,35,-4.10,18.05,-0.23
252,20,5,8,14,-16.30,13.56,-5.18
253,20,5,8,21,-16.30,13.56,-5.18
254,20,5,8,28,-11.68,13.64,-1.86
255,20,5,8,35,-9.09,12.07,-1.43
256,20,5,9,14,-16.30,13.56,-5.18
257,20,5,9,21,-16.30,13.56,-5.18
258,20,5,9,28,-11.94,13.29,-1.95
259,20,5,9,35,-13.08,13.86,-1.29
260,20,5,10,14,-16.30,13.56,-5.18
261,20,5,10,21,-16.30,13.56,-5.18
262,20,5,10,28,-26.95,19.29,-3.68
263,20,5,10,35,-10.90,12.95,-1.35
264,20,6,5,14,-9.30,20.55,-0.34
265,20,6,5,21,3.36,16.77,0.00
266,20,6,5,28,3.36,16.77,0.00
267,20,6,5,35,3.36,16.77,0.00
268,20,6,6,14,-9.81,17.55,-0.35
269,20,6,6,21,-6.48,17.55,-0.27
270,20,6,6,28,-0.60,18.05,-0.13
271,20,6,6,35,-4.10,18.05,-0.23
272,20,6,7,14,-11.34,19.48,-0.38
273,20,6,7,21,-8.35,19.48,-0.31
274,20,6,7,28,-3.73,19.37,-0.21
275,20,6,7,35,-7.15,19.37,-0.30
276,20,6,8,14,-16.30,13.56,-5.18
277,20,6,8,21,-16.30,13.56,-5.18
278,20,6,8,28,-11.68,13.64,-1.86
279,20,6,8,35,2.55,6.56,-0.57
280,20,6,9,14,-16.30,13.56,-5.18
281,20,6,9,21,-16.30,13.56,-5.18
282,20,6,9,28,-11.68,13.64,-1.86
283,20,6,9,35,-1.72,8.87,-3.30
284,20,6,10,14,-16.30,13.56,-5.18
285,20,6,10,21,-16.30,13.56,-5.18
286,20,6,10,28,-16.06,13.43,-5.48
287,20,6,10,35,-12.78,14.49,-1.30
288,20,7,5,14,-6.34,19.26,-0.28
289,20,7,5,21,-6.34,19.26,-0.28
290,20,7,5,28,-3.71,19.50,-0.22
291,20,7,5,35,-3.71,19.50,-0.22
292,20,7,6,14,-14.93,18.79,-0.43
293,20,7,6,21,-12.04,18.79,-0.37
294,20,7,6,28,-3.73,19.37,-0.21
295,20,7,6,35,-7.15,19.37,-0.30
296,20,7,7,14,-11.34,19.48,-0.38
297,20,7,7,21,-8.35,19.48,-0.31
298,20,7,7,28,-3.46,19.68,-0.20
299,20,7,7,35,-2.64,17.67,-0.19
300,20,7,8,14,-32.71,22.56,-2.58
301,20,7,8,21,-32.71,22.56,-2.58
302,20,7,8,28,-28.99,22.63,-3.08
303,20,7,8,35,-17.61,16.32,-1.22
304,20,7,9,14,-16.30,13.56,-5.18
305,20,7,9,21,-16.30,13.56,-5.18
306,20,7,9,28,-11.68,13.64,-1.86
307,20,7,9,35,-1.72,8.87,-3.30
308,20,7,10,14,-16.30,13.56,-5.18
309,20,7,10,21,-16.30,13.56,-5.18
310,20,7,10,28,-16.06,13.43,-5.48
311,20,7,10,35,2.55,6.56,-0.57
312,20,8,5,14,16.38,9.93,1.00
313,20,8,5,21,16.38,9.93,1.00
314,20,8,5,28,20.13,10.47,1.77
315,20,8,5,35,25.18,8.20,4.83
316,20,8,6,14,11.10,5.06,0.44
317,20,8,6,21,26.13,5.34,4.23
318,20,8,6,28,24.20,8.87,2.79
319,20,8,6,35,25.07,6.56,4.68
320,20,8,7,14,-8.41,18.16,-0.32
321,20,8,7,21,-5.35,18.16,-0.25
322,20,8,7,28,-0.31,18.37,-0.12
323,20,8,7,35,0.55,16.32,-0.10
324,20,8,8,14,-32.71,22.56,-2.58
325,20,8,8,21,-32.71,22.56,-2.58
326,20,8,8,28,-28.99,22.63,-3.08
327,20,8,8,35,-21.01,18.37,-1.18
328,20,8,9,14,-16.30,13.56,-5.18
329,20,8,9,21,-16.30,13.56,-5.18
330,20,8,9,28,-11.68,13.64,-1.86
331,20,8,9,35,-1.72,8.87,-3.30
332,20,8,10,14,-16.30,13.56,-5.18
333,20,8,10,21,-16.30,13.56,-5.18
334,20,8,10,28,-16.06,13.43,-5.48
335,20,8,10,35,-1.69,9.50,-3.34
336,20,9,5,14,-9.30,20.55,-0.34
337,20,9,5,21,-9.30,20.55,-0.34
338,20,9,5,28,-6.77,20.79,-0.29
339,20,9,5,35,-6.77,20.79,-0.29
340,20,9,6,14,-12.69,18.88,-0.40
341,20,9,6,21,-9.44,18.88,-0.33
342,20,9,6,28,-3.46,19.68,-0.20
343,20,9,6,35,-6.87,19.68,-0.30
344,20,9,7,14,14.06,8.92,0.71
345,20,9,7,21,18.07,8.92,1.12
346,20,9,7,28,24.20,8.87,2.79
347,20,9,7,35,19.68,8.87,1.72
348,20,9,8,14,-16.30,13.56,-5.18
349,20,9,8,21,-16.30,13.56,-5.18
350,20,9,8,28,-11.68,13.64,-1.86
351,20,9,8,35,-1.72,8.87,-3.30
352,20,9,9,14,-16.30,13.56,-5.18
353,20,9,9,21,-16.30,13.56,-5.18
354,20,9,9,28,-16.06,13.43,-5.48
355,20,9,9,35,-1.69,9.50,-3.34
356,20,9,10,14,-16.30,13.56,-5.18
357,20,9,10,21,-16.30,13.56,-5.18
358,20,9,10,28,-16.06,13.43,-5.48
359,20,9,10,35,-1.69,9.50,-3.34
360,20,10,5,14,-9.67,19.12,-0.35
361,20,10,5,21,-6.34,19.12,-0.27
362,20,10,5,28,-6.34,19.12,-0.27
363,20,10,5,35,-2.64,17.67,-0.19
364,20,10,6,14,-9.81,17.55,-0.35
365,20,10,6,21,-6.48,17.55,-0.27
366,20,10,6,28,-6.52,18.17,-0.27
367,20,10,6,35,-3.79,18.64,-0.23
368,20,10,7,14,14.06,8.92,0.71
369,20,10,7,21,18.07,8.92,1.12
370,20,10,7,28,18.07,8.92,1.12
371,20,10,7,35,25.07,6.56,4.68
372,20,10,8,14,0.96,10.77,-0.19
373,20,10,8,21,0.96,10.77,-0.19
374,20,10,8,28,0.96,10.77,-0.19
375,20,10,8,35,7.71,11.73,0.33
376,20,10,9,14,0.96,10.77,-0.19
377,20,10,9,21,0.96,10.77,-0.19
378,20,10,9,28,0.96,10.77,-0.19
379,20,10,9,35,7.71,11.73,0.33
380,20,10,10,14,-16.30,13.56,-5.18
381,20,10,10,21,-16.30,13.56,-5.18
382,20,10,10,28,-16.06,13.43,-5.48
383,20,10,10,35,-6.52,8.92,-1.60
384,25,3,5,14,11.85,3.13,0.66
385,25,3,5,21,-2.77,12.11,-0.24
386,25,3,5,28,-15.91,18.28,-0.50
387,25,3,5,35,-5.04,16.57,-0.30
388,25,3,6,14,-18.38,9.73,-15.07
389,25,3,6,21,-19.12,12.92,-30.79
390,25,3,6,28,-3.35,15.98,-0.19
391,25,3,6,35,-3.35,15.98,-0.19
392,25,3,7,14,-16.30,13.56,-5.18
393,25,3,7,21,-16.30,13.56,-5.18
394,25,3,7,28,-6.12,14.82,-0.25
395,25,3,7,35,-1.39,15.35,-0.14
396,25,3,8,14,-27.46,19.57,-3.72
397,25,3,8,21,-16.30,13.56,-5.18
398,25,3,8,28,7.96,8.92,0.20
399,25,3,8,35,-17.00,20.87,-0.43
400,25,3,9,14,-16.30,13.56,-5.18
401,25,3,9,21,-16.30,13.56,-5.18
402,25,3,9,28,6.87,8.92,0.16
403,25,3,9,35,6.87,8.92,0.16
404,25,3,10,14,-16.30,13.56,-5.18
405,25,3,10,21,-16.30,13.56,-5.18
406,25,3,10,28,-8.13,15.06,-0.33
407,25,3,10,35,-8.13,15.06,-0.33
408,25,4,5,14,-16.09,11.90,-0.63
409,25,4,5,21,-16.09,11.90,-0.63
410,25,4,5,28,-10.15,11.90,-0.33
411,25,4,5,35,-11.74,19.95,-0.36
412,25,4,6,14,-36.38,20.38,-2.23
413,25,4,6,21,-30.33,16.65,-2.96
414,25,4,6,28,-10.15,11.90,-0.33
415,25,4,6,35,-11.74,19.95,-0.36
416,25,4,7,14,-34.81,23.79,-2.34
417,25,4,7,21,-34.81,23.79,-2.34
418,25,4,7,28,-16.06,19.48,-0.42
419,25,4,7,35,-11.74,19.95,-0.36
420,25,4,8,14,-16.30,13.56,-5.18
421,25,4,8,21,-16.30,13.56,-5.18
422,25,4,8,28,6.87,8.92,0.16
423,25,4,8,35,6.87,8.92,0.16
424,25,4,9,14,-16.30,13.56,-5.18
425,25,4,9,21,-16.30,13.56,-5.18
426,25,4,9,28,6.24,8.92,0.13
427,25,4,9,35,6.24,8.92,0.13
428,25,4,10,14,-16.30,13.56,-5.18
429,25,4,10,21,-16.30,13.56,-5.18
430,25,4,10,28,-9.87,15.73,-0.37
431,25,4,10,35,-9.87,15.73,-0.37
432,25,5,5,14,-22.23,11.90,-1.17
433,25,5,5,21,-22.23,11.90,-1.17
434,25,5,5,28,-10.15,11.90,-0.33
435,25,5,5,35,-11.74,19.95,-0.36
436,25,5,6,14,-34.19,19.01,-2.39
437,25,5,6,21,-27.88,15.19,-3.60
438,25,5,6,28,-6.95,10.34,-0.27
439,25,5,6,35,-12.90,18.43,-0.37
440,25,5,7,14,-34.81,23.79,-2.34
441,25,5,7,21,-8.35,19.48,-0.31
442,25,5,7,28,-8.35,19.48,-0.31
443,25,5,7,35,-16.74,19.48,-0.45
444,25,5,8,14,-32.71,22.56,-2.58
445,25,5,8,21,-32.71,22.56,-2.58
446,25,5,8,28,-14.67,18.16,-0.44
447,25,5,8,35,-14.67,18.16,-0.44
448,25,5,9,14,-16.30,13.56,-5.18
449,25,5,9,21,-16.30,13.56,-5.18
450,25,5,9,28,5.79,8.92,0.11
451,25,5,9,35,5.79,8.92,0.11
452,25,5,10,14,-16.30,13.56,-5.18
453,25,5,10,21,-16.30,13.56,-5.18
454,25,5,10,28,4.41,8.92,0.04
455,25,5,10,35,4.41,8.92,0.04
456,25,6,5,14,-6.34,19.26,-0.28
457,25,6,5,21,-6.34,19.26,-0.28
458,25,6,5,28,-6.34,19.26,-0.28
459,25,6,5,35,-7.96,19.85,-0.32
460,25,6,6,14,-18.38,9.73,-15.07
461,25,6,6,21,26.13,5.34,4.23
462,25,6,6,28,26.13,5.34,4.23
463,25,6,6,35,-4.73,14.24,-0.24
464,25,6,7,14,-10.21,19.47,-0.36
465,25,6,7,21,-6.89,19.47,-0.28
466,25,6,7,28,-6.89,19.47,-0.28
467,25,6,7,35,-10.21,19.47,-0.36
468,25,6,8,14,-31.73,22.53,-2.69
469,25,6,8,21,-31.73,22.53,-2.69
470,25,6,8,28,-13.95,18.16,-0.44
471,25,6,8,35,-13.95,18.16,-0.44
472,25,6,9,14,-15.21,13.59,-3.83
473,25,6,9,21,-15.21,13.59,-3.83
474,25,6,9,28,5.62,8.98,0.11
475,25,6,9,35,5.62,8.98,0.11
476,25,6,10,14,-15.21,13.59,-3.83
477,25,6,10,21,-15.21,13.59,-3.83
478,25,6,10,28,9.20,8.98,0.27
479,25,6,10,35,9.20,8.98,0.27
480,25,7,5,14,-9.30,20.55,-0.34
481,25,7,5,21,-9.30,20.55,-0.34
482,25,7,5,28,-9.30,20.55,-0.34
483,25,7,5,35,-10.89,21.14,-0.37
484,25,7,6,14,-13.45,15.82,-0.41
485,25,7,6,21,-2.01,11.90,-0.17
486,25,7,6,28,-9.48,19.49,-0.33
487,25,7,6,35,-10.97,19.74,-0.37
488,25,7,7,14,-10.21,19.47,-0.36
489,25,7,7,21,-6.89,19.47,-0.28
490,25,7,7,28,-6.89,19.47,-0.28
491,25,7,7,35,-10.21,19.47,-0.36
492,25,7,8,14,-32.75,22.57,-2.58
493,25,7,8,21,-32.75,22.57,-2.58
494,25,7,8,28,-16.21,18.38,-0.51
495,25,7,8,35,-16.21,18.38,-0.51
496,25,7,9,14,-16.57,13.68,-5.64
497,25,7,9,21,-16.57,13.68,-5.64
498,25,7,9,28,7.66,9.04,0.19
499,25,7,9,35,7.66,9.04,0.19
500,25,7,10,14,-16.57,13.68,-5.64
501,25,7,10,21,-16.57,13.68,-5.64
502,25,7,10,28,7.66,9.04,0.19
503,25,7,10,35,7.66,9.04,0.19
504,25,8,5,14,-6.34,19.26,-0.28
505,25,8,5,21,-6.34,19.26,-0.28
506,25,8,5,28,-6.34,19.26,-0.28
507,25,8,5,35,-7.96,19.85,-0.32
508,25,8,6,14,-13.45,15.82,-0.41
509,25,8,6,21,-2.01,11.90,-0.17
510,25,8,6,28,-9.48,19.49,-0.33
511,25,8,6,35,-10.97,19.74,-0.37
512,25,8,7,14,-14.68,18.56,-0.43
513,25,8,7,21,-11.78,18.56,-0.37
514,25,8,7,28,-11.78,18.56,-0.37
515,25,8,7,35,-10.97,19.74,-0.37
516,25,8,8,14,-19.21,20.27,-0.68
517,25,8,8,21,-19.21,20.27,-0.68
518,25,8,8,28,-19.21,20.27,-0.68
519,25,8,8,35,-18.95,20.37,-0.66
520,25,8,9,14,-14.64,14.14,-3.34
521,25,8,9,21,-14.64,14.14,-3.34
522,25,8,9,28,10.10,9.27,0.31
523,25,8,9,35,-1.35,7.59,-0.14
524,25,8,10,14,-14.64,14.14,-3.34
525,25,8,10,21,-14.64,14.14,-3.34
526,25,8,10,28,8.99,9.27,0.28
527,25,8,10,35,-2.13,7.59,-0.17
528,25,9,5,14,13.56,8.61,6.39
529,25,9,5,21,13.56,8.61,6.39
530,25,9,5,28,13.56,8.61,6.39
531,25,9,5,35,14.57,10.52,0.77
532,25,9,6,14,-12.69,18.88,-0.40
533,25,9,6,21,-9.44,18.88,-0.33
534,25,9,6,28,-9.48,19.49,-0.33
535,25,9,6,35,-10.97,19.74,-0.37
536,25,9,7,14,-14.68,18.56,-0.43
537,25,9,7,21,-11.78,18.56,-0.37
538,25,9,7,28,-11.78,18.56,-0.37
539,25,9,7,35,-10.97,19.74,-0.37
540,25,9,8,14,-17.14,18.51,-0.52
541,25,9,8,21,-17.14,18.51,-0.52
542,25,9,8,28,-17.14,18.51,-0.52
543,25,9,8,35,-17.14,18.51,-0.52
544,25,9,9,14,-19.65,12.76,-184.41
545,25,9,9,21,-31.16,19.30,-2.76
546,25,9,9,28,-11.27,14.77,-0.34
547,25,9,9,35,-11.27,14.77,-0.34
548,25,9,10,14,-14.64,14.14,-3.34
549,25,9,10,21,-14.64,14.14,-3.34
550,25,9,10,28,10.10,9.27,0.31
551,25,9,10,35,-1.35,7.59,-0.14
552,25,10,5,14,-9.30,20.55,-0.34
553,25,10,5,21,-9.30,20.55,-0.34
554,25,10,5,28,-9.30,20.55,-0.34
555,25,10,5,35,-10.89,21.14,-0.37
556,25,10,6,14,-12.69,18.88,-0.40
557,25,10,6,21,-9.44,18.88,-0.33
558,25,10,6,28,-9.48,19.49,-0.33
559,25,10,6,35,-10.97,19.74,-0.37
560,25,10,7,14,-14.68,18.56,-0.43
561,25,10,7,21,-11.78,18.56,-0.37
562,25,10,7,28,-11.78,18.56,-0.37
563,25,10,7,35,-10.97,19.74,-0.37
564,25,10,8,14,-20.05,19.48,-0.67
565,25,10,8,21,-20.05,19.48,-0.67
566,25,10,8,28,-20.05,19.48,-0.67
567,25,10,8,35,-18.82,19.88,-0.60
568,25,10,9,14,-3.24,10.03,-0.37
569,25,10,9,21,-17.17,16.77,-0.64
570,25,10,9,28,-17.17,16.77,-0.64
571,25,10,9,35,-15.92,17.17,-0.57
572,25,10,10,14,-14.64,14.14,-3.34
573,25,10,10,21,-14.64,14.14,-3.34
574,25,10,10,28,8.99,9.27,0.28
575,25,10,10,35,-2.13,7.59,-0.17
576,30,3,5,14,26.98,6.03,7.74
577,30,3,5,21,26.98,6.03,7.74
578,30,3,5,28,9.65,12.72,0.33
579,30,3,5,35,-5.98,19.21,-0.27
580,30,3,6,14,-19.06,15.63,-1.20
581,30,3,6,21,2.22,15.63,-0.04
582,30,3,6,28,2.22,15.63,-0.04
583,30,3,6,35,-19.77,21.90,-0.46
584,30,3,7,14,-13.45,15.82,-0.41
585,30,3,7,21,6.64,15.28,0.14
586,30,3,7,28,6.64,15.28,0.14
587,30,3,7,35,2.96,15.28,-0.02
588,30,3,8,14,-34.19,19.01,-2.39
589,30,3,8,21,-27.88,15.19,-3.60
590,30,3,8,28,-9.11,18.05,-0.31
591,30,3,8,35,-9.11,18.05,-0.31
592,30,3,9,14,-10.30,5.67,-1.38
593,30,3,9,21,-33.37,18.74,-2.52
594,30,3,9,28,-14.93,14.10,-0.43
595,30,3,9,35,-14.93,14.10,-0.43
596,30,3,10,14,-22.37,11.98,-9.44
597,30,3,10,21,-23.33,12.53,-6.68
598,30,3,10,28,-2.93,7.59,-0.21
599,30,3,10,35,-15.98,15.01,-0.46
600,30,4,5,14,22.37,5.11,2.52
601,30,4,5,21,32.47,5.62,12.25
602,30,4,5,28,14.51,12.31,0.76
603,30,4,5,35,14.51,12.31,0.76
604,30,4,6,14,-28.95,15.82,-1.13
605,30,4,6,21,-14.54,18.05,-0.41
606,30,4,6,28,-3.73,19.37,-0.21
607,30,4,6,35,-12.03,19.37,-0.36
608,30,4,7,14,-14.68,18.56,-0.43
609,30,4,7,21,-11.78,18.56,-0.37
610,30,4,7,28,-3.73,19.37,-0.21
611,30,4,7,35,-7.15,19.37,-0.30
612,30,4,8,14,-34.19,19.01,-2.39
613,30,4,8,21,-27.88,15.19,-3.60
614,30,4,8,28,-7.92,10.34,-0.31
615,30,4,8,35,-21.24,17.12,-0.50
616,30,4,9,14,-10.30,5.67,-1.38
617,30,4,9,21,-23.33,12.53,-6.68
618,30,4,9,28,-2.93,7.59,-0.21
619,30,4,9,35,-2.93,7.59,-0.21
620,30,4,10,14,10.40,2.27,0.61
621,30,4,10,21,-5.60,7.93,-0.35
622,30,4,10,28,-3.13,7.59,-0.22
623,30,4,10,35,-3.13,7.59,-0.22
624,30,5,5,14,13.56,8.61,6.39
625,30,5,5,21,13.56,8.61,6.39
626,30,5,5,28,3.51,16.47,0.01
627,30,5,5,35,3.51,16.47,0.01
628,30,5,6,14,-13.45,15.82,-0.41
629,30,5,6,21,-14.54,18.05,-0.41
630,30,5,6,28,-3.73,19.37,-0.21
631,30,5,6,35,-7.15,19.37,-0.30
632,30,5,7,14,-14.68,18.56,-0.43
633,30,5,7,21,-11.78,18.56,-0.37
634,30,5,7,28,-11.78,18.56,-0.37
635,30,5,7,35,-10.97,19.74,-0.37
636,30,5,8,14,-33.66,22.02,-2.49
637,30,5,8,21,-33.66,22.02,-2.49
638,30,5,8,28,-15.26,17.55,-0.43
639,30,5,8,35,-15.26,17.55,-0.43
640,30,5,9,14,-19.65,12.76,-184.41
641,30,5,9,21,-31.16,19.30,-2.76
642,30,5,9,28,-11.27,14.77,-0.34
643,30,5,9,35,-11.27,14.77,-0.34
644,30,5,10,14,-10.30,5.67,-1.38
645,30,5,10,21,-23.33,12.53,-6.68
646,30,5,10,28,-1.35,7.59,-0.14
647,30,5,10,35,-1.35,7.59,-0.14
648,30,6,5,14,-9.30,20.55,-0.34
649,30,6,5,21,-9.30,20.55,-0.34
650,30,6,5,28,-6.77,20.79,-0.29
651,30,6,5,35,-6.77,20.79,-0.29
652,30,6,6,14,-12.69,18.88,-0.40
653,30,6,6,21,-9.44,18.88,-0.33
654,30,6,6,28,-9.48,19.49,-0.33
655,30,6,6,35,-10.97,19.74,-0.37
656,30,6,7,14,-14.68,18.56,-0.43
657,30,6,7,21,-11.78,18.56,-0.37
658,30,6,7,28,-11.78,18.56,-0.37
659,30,6,7,35,-10.97,19.74,-0.37
660,30,6,8,14,-20.21,19.69,-0.68
661,30,6,8,21,-20.21,19.69,-0.68
662,30,6,8,28,-20.21,19.69,-0.68
663,30,6,8,35,-19.95,19.78,-0.67
664,30,6,9,14,-3.50,9.47,-0.39
665,30,6,9,21,-17.37,16.26,-0.66
666,30,6,9,28,-11.27,14.77,-0.34
667,30,6,9,35,-11.27,14.77,-0.34
668,30,6,10,14,-14.64,14.14,-3.34
669,30,6,10,21,-14.64,14.14,-3.34
670,30,6,10,28,10.10,9.27,0.31
671,30,6,10,35,-1.35,7.59,-0.14
672,30,7,5,14,-9.30,20.55,-0.34
673,30,7,5,21,-9.30,20.55,-0.34
674,30,7,5,28,-9.30,20.55,-0.34
675,30,7,5,35,-10.89,21.14,-0.37
676,30,7,6,14,-12.69,18.88,-0.40
677,30,7,6,21,-9.44,18.88,-0.33
678,30,7,6,28,-9.48,19.49,-0.33
679,30,7,6,35,-10.97,19.74,-0.37
680,30,7,7,14,-14.68,18.56,-0.43
681,30,7,7,21,-11.78,18.56,-0.37
682,30,7,7,28,-11.78,18.56,-0.37
683,30,7,7,35,-10.97,19.74,-0.37
684,30,7,8,14,-33.66,22.02,-2.49
685,30,7,8,21,-33.66,22.02,-2.49
686,30,7,8,28,-14.34,17.55,-0.39
687,30,7,8,35,-14.34,17.55,-0.39
688,30,7,9,14,-3.50,9.47,-0.39
689,30,7,9,21,-17.37,16.26,-0.66
690,30,7,9,28,-11.27,14.77,-0.34
691,30,7,9,35,-11.27,14.77,-0.34
692,30,7,10,14,5.19,9.60,0.09
693,30,7,10,21,-17.74,18.07,-0.56
694,30,7,10,28,-13.93,17.76,-0.39
695,30,7,10,35,-13.93,17.76,-0.39
696,30,8,5,14,-9.30,20.55,-0.34
697,30,8,5,21,-9.30,20.55,-0.34
698,30,8,5,28,-9.30,20.55,-0.34
699,30,8,5,35,-10.89,21.14,-0.37
700,30,8,6,14,-12.69,18.88,-0.40
701,30,8,6,21,-9.44,18.88,-0.33
702,30,8,6,28,-9.48,19.49,-0.33
703,30,8,6,35,-10.97,19.74,-0.37
704,30,8,7,14,-14.68,18.56,-0.43
705,30,8,7,21,-11.78,18.56,-0.37
706,30,8,7,28,-11.78,18.56,-0.37
707,30,8,7,35,-10.97,19.74,-0.37
708,30,8,8,14,-33.66,22.02,-2.49
709,30,8,8,21,-33.66,22.02,-2.49
710,30,8,8,28,-15.26,17.55,-0.43
711,30,8,8,35,-15.26,17.55,-0.43
712,30,8,9,14,-19.65,12.76,-184.41
713,30,8,9,21,-31.16,19.30,-2.76
714,30,8,9,28,-12.21,14.77,-0.38
715,30,8,9,35,-12.21,14.77,-0.38
716,30,8,10,14,-19.12,12.92,-30.79
717,30,8,10,21,-33.30,22.20,-2.52
718,30,8,10,28,-14.85,17.76,-0.42
719,30,8,10,35,-14.85,17.76,-0.42
720,30,9,5,14,-9.30,20.55,-0.34
721,30,9,5,21,-9.30,20.55,-0.34
722,30,9,5,28,-9.30,20.55,-0.34
723,30,9,5,35,-10.89,21.14,-0.37
724,30,9,6,14,-12.69,18.88,-0.40
725,30,9,6,21,-9.44,18.88,-0.33
726,30,9,6,28,-9.48,19.49,-0.33
727,30,9,6,35,-10.97,19.74,-0.37
728,30,9,7,14,-14.68,18.56,-0.43
729,30,9,7,21,-11.78,18.56,-0.37
730,30,9,7,28,-11.78,18.56,-0.37
731,30,9,7,35,-10.97,19.74,-0.37
732,30,9,8,14,-18.14,17.86,-0.57
733,30,9,8,21,-18.14,17.86,-0.57
734,30,9,8,28,-15.26,17.55,-0.43
735,30,9,8,35,-15.26,17.55,-0.43
736,30,9,9,14,-19.65,12.76,-184.41
737,30,9,9,21,-31.16,19.30,-2.76
738,30,9,9,28,-12.93,14.77,-0.41
739,30,9,9,35,-12.93,14.77,-0.41
740,30,9,10,14,-4.82,10.38,-0.56
741,30,9,10,21,-21.56,19.92,-0.80
742,30,9,10,28,-15.71,17.76,-0.46
743,30,9,10,35,-15.71,17.76,-0.46
744,30,10,5,14,-9.30,20.55,-0.34
745,30,10,5,21,-9.30,20.55,-0.34
746,30,10,5,28,-9.30,20.55,-0.34
747,30,10,5,35,-10.89,21.14,-0.37
748,30,10,6,14,-12.69,18.88,-0.40
749,30,10,6,21,-9.44,18.88,-0.33
750,30,10,6,28,-9.48,19.49,-0.33
751,30,10,6,35,-10.97,19.74,-0.37
752,30,10,7,14,-14.68,18.56,-0.43
753,30,10,7,21,-11.78,18.56,-0.37
754,30,10,7,28,-11.78,18.56,-0.37
755,30,10,7,35,-10.97,19.74,-0.37
756,30,10,8,14,-33.66,22.02,-2.49
757,30,10,8,21,-33.66,22.02,-2.49
758,30,10,8,28,-15.26,17.55,-0.43
759,30,10,8,35,-15.26,17.55,-0.43
760,30,10,9,14,-19.65,12.76,-184.41
761,30,10,9,21,-31.16,19.30,-2.76
762,30,10,9,28,-13.10,14.77,-0.42
763,30,10,9,35,-13.10,14.77,-0.42
764,30,10,10,14,-19.12,12.92,-30.79
765,30,10,10,21,-33.30,22.20,-2.52
766,30,10,10,28,-15.71,17.76,-0.46
767,30,10,10,35,-15.71,17.76,-0.46
768,35,3,5,14,-19.80,19.82,-0.55
769,35,3,5,21,-19.80,19.82,-0.55
770,35,3,5,28,-19.84,20.42,-0.55
771,35,3,5,35,-18.43,20.66,-0.54
772,35,3,6,14,-28.26,18.88,-1.13
773,35,3,6,21,-28.26,18.88,-1.13
774,35,3,6,28,-17.13,19.49,-0.43
775,35,3,6,35,-11.74,19.95,-0.36
776,35,3,7,14,-27.30,19.48,-1.13
777,35,3,7,21,-8.35,19.48,-0.31
778,35,3,7,28,-8.35,19.48,-0.31
779,35,3,7,35,-16.06,19.48,-0.42
780,35,3,8,14,-31.73,22.53,-2.69
781,35,3,8,21,-31.73,22.53,-2.69
782,35,3,8,28,-12.15,18.16,-0.36
783,35,3,8,35,-12.15,18.16,-0.36
784,35,3,9,14,-10.30,5.67,-1.38
785,35,3,9,21,-33.30,22.20,-2.52
786,35,3,9,28,-14.85,17.76,-0.42
787,35,3,9,35,-14.85,17.76,-0.42
788,35,3,10,14,-0.17,8.28,-0.18
789,35,3,10,21,-17.74,18.07,-0.56
790,35,3,10,28,-15.33,17.76,-0.45
791,35,3,10,35,-15.33,17.76,-0.45
792,35,4,5,14,-12.32,20.31,-0.39
793,35,4,5,21,-12.32,20.31,-0.39
794,35,4,5,28,-12.36,20.91,-0.39
795,35,4,5,35,-12.36,20.91,-0.39
796,35,4,6,14,-28.26,18.88,-1.13
797,35,4,6,21,-9.44,18.88,-0.33
798,35,4,6,28,-9.44,18.88,-0.33
799,35,4,6,35,-17.09,18.88,-0.43
800,35,4,7,14,-14.68,18.56,-0.43
801,35,4,7,21,-11.78,18.56,-0.37
802,35,4,7,28,-11.78,18.56,-0.37
803,35,4,7,35,-14.68,18.56,-0.43
804,35,4,8,14,-19.57,15.91,-447.34
805,35,4,8,21,-19.57,15.91,-447.34
806,35,4,8,28,2.54,11.18,-0.03
807,35,4,8,35,-7.92,10.34,-0.31
808,35,4,9,14,19.99,6.39,4.24
809,35,4,9,21,2.58,9.99,-0.10
810,35,4,9,28,8.18,8.40,0.24
811,35,4,9,35,-15.33,17.76,-0.45
812,35,4,10,14,23.17,6.39,23.69
813,35,4,10,21,5.26,8.74,0.10
814,35,4,10,28,7.95,8.40,0.24
815,35,4,10,35,-15.71,17.76,-0.46
816,35,5,5,14,-12.32,20.31,-0.39
817,35,5,5,21,-12.32,20.31,-0.39
818,35,5,5,28,-12.32,20.31,-0.39
819,35,5,5,35,-10.89,21.14,-0.37
820,35,5,6,14,-12.69,18.88,-0.40
821,35,5,6,21,-9.44,18.88,-0.33
822,35,5,6,28,-9.44,18.88,-0.33
823,35,5,6,35,-10.97,19.74,-0.37
824,35,5,7,14,-14.68,18.56,-0.43
825,35,5,7,21,-11.78,18.56,-0.37
826,35,5,7,28,-11.78,18.56,-0.37
827,35,5,7,35,-10.97,19.74,-0.37
828,35,5,8,14,-33.66,22.02,-2.49
829,35,5,8,21,-33.66,22.02,-2.49
830,35,5,8,28,-15.95,17.55,-0.46
831,35,5,8,35,-15.95,17.55,-0.46
832,35,5,9,14,-10.30,5.67,-1.38
833,35,5,9,21,-33.30,22.20,-2.52
834,35,5,9,28,-15.71,17.76,-0.46
835,35,5,9,35,-15.71,17.76,-0.46
836,35,5,10,14,-19.12,12.92,-30.79
837,35,5,10,21,-33.30,22.20,-2.52
838,35,5,10,28,-16.82,17.98,-0.52
839,35,5,10,35,-16.82,17.98,-0.52
840,35,6,5,14,-9.30,20.55,-0.34
841,35,6,5,21,-9.30,20.55,-0.34
842,35,6,5,28,-9.30,20.55,-0.34
843,35,6,5,35,-10.89,21.14,-0.37
844,35,6,6,14,-12.69,18.88,-0.40
845,35,6,6,21,-9.44,18.88,-0.33
846,35,6,6,28,-9.44,18.88,-0.33
847,35,6,6,35,-10.97,19.74,-0.37
848,35,6,7,14,-14.68,18.56,-0.43
849,35,6,7,21,-11.78,18.56,-0.37
850,35,6,7,28,-11.78,18.56,-0.37
851,35,6,7,35,-10.97,19.74,-0.37
852,35,6,8,14,-2.12,7.84,-0.29
853,35,6,8,21,-16.28,14.82,-5.15
854,35,6,8,28,-16.12,17.55,-0.47
855,35,6,8,35,-16.12,17.55,-0.47
856,35,6,9,14,17.61,5.08,8.47
857,35,6,9,21,0.71,11.51,-0.21
858,35,6,9,28,-14.43,14.99,-0.49
859,35,6,9,35,-14.43,14.99,-0.49
860,35,6,10,14,20.71,5.08,12.47
861,35,6,10,21,3.37,10.27,-0.02
862,35,6,10,28,-17.74,18.07,-0.56
863,35,6,10,35,-17.74,18.07,-0.56
864,35,7,5,14,-12.32,20.31,-0.39
865,35,7,5,21,-12.32,20.31,-0.39
866,35,7,5,28,-12.36,20.91,-0.39
867,35,7,5,35,-10.89,21.14,-0.37
868,35,7,6,14,-12.69,18.88,-0.40
869,35,7,6,21,-9.44,18.88,-0.33
870,35,7,6,28,-9.48,19.49,-0.33
871,35,7,6,35,-10.97,19.74,-0.37
872,35,7,7,14,-12.69,18.88,-0.40
873,35,7,7,21,-9.44,18.88,-0.33
874,35,7,7,28,-9.44,18.88,-0.33
875,35,7,7,35,-10.97,19.74,-0.37
876,35,7,8,14,-18.14,17.86,-0.57
877,35,7,8,21,-18.14,17.86,-0.57
878,35,7,8,28,-17.40,17.77,-0.53
879,35,7,8,35,-17.40,17.77,-0.53
880,35,7,9,14,-3.50,9.47,-0.39
881,35,7,9,21,-17.37,16.26,-0.66
882,35,7,9,28,-17.37,16.26,-0.66
883,35,7,9,35,-17.37,16.26,-0.66
884,35,7,10,14,-0.17,8.28,-0.18
885,35,7,10,21,-17.74,18.07,-0.56
886,35,7,10,28,-17.74,18.07,-0.56
887,35,7,10,35,-17.74,18.07,-0.56
888,35,8,5,14,-12.32,20.31,-0.39
889,35,8,5,21,-12.32,20.31,-0.39
890,35,8,5,28,-12.36,20.91,-0.39
891,35,8,5,35,-10.89,21.14,-0.37
892,35,8,6,14,-12.69,18.88,-0.40
893,35,8,6,21,-9.44,18.88,-0.33
894,35,8,6,28,-9.44,18.88,-0.33
895,35,8,6,35,-10.97,19.74,-0.37
896,35,8,7,14,-14.68,18.56,-0.43
897,35,8,7,21,-11.78,18.56,-0.37
898,35,8,7,28,-11.78,18.56,-0.37
899,35,8,7,35,-10.97,19.74,-0.37
900,35,8,8,14,4.84,9.22,0.07
901,35,8,8,21,-11.01,10.67,-0.46
902,35,8,8,28,-11.01,10.67,-0.46
903,35,8,8,35,-11.01,10.67,-0.46
904,35,8,9,14,-19.65,12.76,-184.41
905,35,8,9,21,-31.16,19.30,-2.76
906,35,8,9,28,-31.13,19.29,-2.75
907,35,8,9,35,-23.27,14.77,-1.16
908,35,8,10,14,-19.12,12.92,-30.79
909,35,8,10,21,-33.30,22.20,-2.52
910,35,8,10,28,-33.12,22.10,-2.47
911,35,8,10,35,-25.53,17.76,-1.14
912,35,9,5,14,-12.32,20.31,-0.39
913,35,9,5,21,-12.32,20.31,-0.39
914,35,9,5,28,-12.36,20.91,-0.39
915,35,9,5,35,-10.89,21.14,-0.37
916,35,9,6,14,-12.69,18.88,-0.40
917,35,9,6,21,-9.44,18.88,-0.33
918,35,9,6,28,-9.44,18.88,-0.33
919,35,9,6,35,-10.97,19.74,-0.37
920,35,9,7,14,-14.68,18.56,-0.43
921,35,9,7,21,-11.78,18.56,-0.37
922,35,9,7,28,-11.78,18.56,-0.37
923,35,9,7,35,-10.97,19.74,-0.37
924,35,9,8,14,-18.14,17.86,-0.57
925,35,9,8,21,-18.14,17.86,-0.57
926,35,9,8,28,-18.14,17.86,-0.57
927,35,9,8,35,-18.14,17.86,-0.57
928,35,9,9,14,-14.64,14.14,-3.34
929,35,9,9,21,-33.30,22.20,-2.52
930,35,9,9,28,-33.12,22.10,-2.47
931,35,9,9,35,-25.53,17.76,-1.14
932,35,9,10,14,-4.82,10.38,-0.56
933,35,9,10,21,-21.56,19.92,-0.80
934,35,9,10,28,-21.56,19.92,-0.80
935,35,9,10,35,-21.56,19.92,-0.80
936,35,10,5,14,-12.32,20.31,-0.39
937,35,10,5,21,-12.32,20.31,-0.39
938,35,10,5,28,-12.36,20.91,-0.39
939,35,10,5,35,-10.89,21.14,-0.37
940,35,10,6,14,-12.69,18.88,-0.40
941,35,10,6,21,-9.44,18.88,-0.33
942,35,10,6,28,-9.44,18.88,-0.33
943,35,10,6,35,-10.97,19.74,-0.37
944,35,10,7,14,-14.68,18.56,-0.43
945,35,10,7,21,-11.78,18.56,-0.37
946,35,10,7,28,-11.78,18.56,-0.37
947,35,10,7,35,-10.97,19.74,-0.37
948,35,10,8,14,-33.66,22.02,-2.49
949,35,10,8,21,-33.66,22.02,-2.49
950,35,10,8,28,-33.49,21.91,-2.44
951,35,10,8,35,-25.92,17.55,-1.14
952,35,10,9,14,-19.65,12.76,-184.41
953,35,10,9,21,-31.16,19.30,-2.76
954,35,10,9,28,-31.13,19.29,-2.75
955,35,10,9,35,-23.27,14.77,-1.16
956,35,10,10,14,-19.12,12.92,-30.79
957,35,10,10,21,-33.30,22.20,-2.52
958,35,10,10,28,-33.12,22.10,-2.47
959,35,10,10,35,-25.53,17.76,-1.14
